2026-08-17 10:06:55.501 [background-preinit] INFO  org.hibernate.validator.internal.util.Version:21 - HV000001: Hibernate Validator 6.2.5.Final
2026-08-17 10:06:55.534 [main] INFO  org.jeecg.JeecgSystemApplication:55 - Starting JeecgSystemApplication v2.4.6 using Java 21.0.9 on DESKTOP-7A7ENNC with PID 62104 (D:\工作文档\软件工程教研室\2026\2026-2027（1）学期\软件工程技术综合实践\餐饮业油烟监控平台\后端代码\psms\jeecg-boot-module-system\target\jeecg-boot-module-system-2.4.6.jar started by HP in D:\工作文档\软件工程教研室\2026\2026-2027（1）学期\软件工程技术综合实践\餐饮业油烟监控平台\后端代码\psms\jeecg-boot-module-system\target)
2026-08-17 10:06:55.535 [main] INFO  org.jeecg.JeecgSystemApplication:638 - The following 1 profile is active: "dev"
2026-08-17 10:06:56.931 [main] INFO  o.s.d.r.config.RepositoryConfigurationDelegate:262 - Multiple Spring Data modules found, entering strict repository configuration mode
2026-08-17 10:06:56.934 [main] INFO  o.s.d.r.config.RepositoryConfigurationDelegate:132 - Bootstrapping Spring Data Redis repositories in DEFAULT mode.
2026-08-17 10:06:56.987 [main] INFO  o.s.d.r.config.RepositoryConfigurationDelegate:201 - Finished Spring Data repository scanning in 43 ms. Found 0 Redis repository interfaces.
2026-08-17 10:06:57.072 [main] INFO  o.j.minidao.auto.MinidaoAutoConfiguration:23 -  ******************* init miniDao config [ begin ] *********************** 
2026-08-17 10:06:57.073 [main] INFO  o.j.minidao.auto.MinidaoAutoConfiguration:25 -  ------ minidao.base-package ------- org.jeecg.modules.jmreport.*
2026-08-17 10:06:57.074 [main] INFO  o.j.minidao.auto.MinidaoAutoConfiguration:42 -  *******************  init miniDao config  [ end ] *********************** 
2026-08-17 10:06:57.112 [main] INFO  o.j.minidao.factory.MiniDaoClassPathMapperScanner:48 - register minidao name is { org.jeecg.modules.jmreport.desreport.dao.JimuReportDao }
2026-08-17 10:06:57.113 [main] INFO  o.j.minidao.factory.MiniDaoClassPathMapperScanner:48 - register minidao name is { org.jeecg.modules.jmreport.desreport.dao.JimuReportDataSourceDao }
2026-08-17 10:06:57.113 [main] INFO  o.j.minidao.factory.MiniDaoClassPathMapperScanner:48 - register minidao name is { org.jeecg.modules.jmreport.desreport.dao.JimuReportDbDao }
2026-08-17 10:06:57.114 [main] INFO  o.j.minidao.factory.MiniDaoClassPathMapperScanner:48 - register minidao name is { org.jeecg.modules.jmreport.desreport.dao.JimuReportDbFieldDao }
2026-08-17 10:06:57.114 [main] INFO  o.j.minidao.factory.MiniDaoClassPathMapperScanner:48 - register minidao name is { org.jeecg.modules.jmreport.desreport.dao.JimuReportDbParamDao }
2026-08-17 10:06:57.114 [main] INFO  o.j.minidao.factory.MiniDaoClassPathMapperScanner:48 - register minidao name is { org.jeecg.modules.jmreport.desreport.dao.JimuReportDictDao }
2026-08-17 10:06:57.115 [main] INFO  o.j.minidao.factory.MiniDaoClassPathMapperScanner:48 - register minidao name is { org.jeecg.modules.jmreport.desreport.dao.JimuReportDictItemDao }
2026-08-17 10:06:57.115 [main] INFO  o.j.minidao.factory.MiniDaoClassPathMapperScanner:48 - register minidao name is { org.jeecg.modules.jmreport.desreport.dao.JimuReportLinkDao }
2026-08-17 10:06:57.115 [main] INFO  o.j.minidao.factory.MiniDaoClassPathMapperScanner:48 - register minidao name is { org.jeecg.modules.jmreport.desreport.dao.JimuReportMapDao }
2026-08-17 10:06:57.115 [main] INFO  o.j.minidao.factory.MiniDaoClassPathMapperScanner:48 - register minidao name is { org.jeecg.modules.jmreport.desreport.dao.JimuReportShareDao }
2026-08-17 10:06:57.391 [main] INFO  o.s.c.s.PostProcessorRegistrationDelegate$BeanPostProcessorChecker:376 - Bean '(inner bean)#41fe9859' of type [org.jeecgframework.minidao.aop.MiniDaoHandler] is not eligible for getting processed by all BeanPostProcessors (for example: not eligible for auto-proxying)
2026-08-17 10:06:57.397 [main] INFO  o.s.c.s.PostProcessorRegistrationDelegate$BeanPostProcessorChecker:376 - Bean 'jimuReportDao' of type [org.jeecgframework.minidao.factory.MiniDaoBeanFactory] is not eligible for getting processed by all BeanPostProcessors (for example: not eligible for auto-proxying)
2026-08-17 10:06:57.398 [main] INFO  o.s.c.s.PostProcessorRegistrationDelegate$BeanPostProcessorChecker:376 - Bean '(inner bean)#41fe9859#1' of type [org.jeecgframework.minidao.aop.MiniDaoHandler] is not eligible for getting processed by all BeanPostProcessors (for example: not eligible for auto-proxying)
2026-08-17 10:06:57.398 [main] INFO  o.s.c.s.PostProcessorRegistrationDelegate$BeanPostProcessorChecker:376 - Bean 'jimuReportDataSourceDao' of type [org.jeecgframework.minidao.factory.MiniDaoBeanFactory] is not eligible for getting processed by all BeanPostProcessors (for example: not eligible for auto-proxying)
2026-08-17 10:06:57.400 [main] INFO  o.s.c.s.PostProcessorRegistrationDelegate$BeanPostProcessorChecker:376 - Bean '(inner bean)#41fe9859#2' of type [org.jeecgframework.minidao.aop.MiniDaoHandler] is not eligible for getting processed by all BeanPostProcessors (for example: not eligible for auto-proxying)
2026-08-17 10:06:57.400 [main] INFO  o.s.c.s.PostProcessorRegistrationDelegate$BeanPostProcessorChecker:376 - Bean 'jimuReportDbDao' of type [org.jeecgframework.minidao.factory.MiniDaoBeanFactory] is not eligible for getting processed by all BeanPostProcessors (for example: not eligible for auto-proxying)
2026-08-17 10:06:57.401 [main] INFO  o.s.c.s.PostProcessorRegistrationDelegate$BeanPostProcessorChecker:376 - Bean '(inner bean)#41fe9859#3' of type [org.jeecgframework.minidao.aop.MiniDaoHandler] is not eligible for getting processed by all BeanPostProcessors (for example: not eligible for auto-proxying)
2026-08-17 10:06:57.402 [main] INFO  o.s.c.s.PostProcessorRegistrationDelegate$BeanPostProcessorChecker:376 - Bean 'jimuReportDbFieldDao' of type [org.jeecgframework.minidao.factory.MiniDaoBeanFactory] is not eligible for getting processed by all BeanPostProcessors (for example: not eligible for auto-proxying)
2026-08-17 10:06:57.402 [main] INFO  o.s.c.s.PostProcessorRegistrationDelegate$BeanPostProcessorChecker:376 - Bean '(inner bean)#41fe9859#4' of type [org.jeecgframework.minidao.aop.MiniDaoHandler] is not eligible for getting processed by all BeanPostProcessors (for example: not eligible for auto-proxying)
2026-08-17 10:06:57.403 [main] INFO  o.s.c.s.PostProcessorRegistrationDelegate$BeanPostProcessorChecker:376 - Bean 'jimuReportDbParamDao' of type [org.jeecgframework.minidao.factory.MiniDaoBeanFactory] is not eligible for getting processed by all BeanPostProcessors (for example: not eligible for auto-proxying)
2026-08-17 10:06:57.404 [main] INFO  o.s.c.s.PostProcessorRegistrationDelegate$BeanPostProcessorChecker:376 - Bean '(inner bean)#41fe9859#5' of type [org.jeecgframework.minidao.aop.MiniDaoHandler] is not eligible for getting processed by all BeanPostProcessors (for example: not eligible for auto-proxying)
2026-08-17 10:06:57.404 [main] INFO  o.s.c.s.PostProcessorRegistrationDelegate$BeanPostProcessorChecker:376 - Bean 'jimuReportDictDao' of type [org.jeecgframework.minidao.factory.MiniDaoBeanFactory] is not eligible for getting processed by all BeanPostProcessors (for example: not eligible for auto-proxying)
2026-08-17 10:06:57.405 [main] INFO  o.s.c.s.PostProcessorRegistrationDelegate$BeanPostProcessorChecker:376 - Bean '(inner bean)#41fe9859#6' of type [org.jeecgframework.minidao.aop.MiniDaoHandler] is not eligible for getting processed by all BeanPostProcessors (for example: not eligible for auto-proxying)
2026-08-17 10:06:57.406 [main] INFO  o.s.c.s.PostProcessorRegistrationDelegate$BeanPostProcessorChecker:376 - Bean 'jimuReportDictItemDao' of type [org.jeecgframework.minidao.factory.MiniDaoBeanFactory] is not eligible for getting processed by all BeanPostProcessors (for example: not eligible for auto-proxying)
2026-08-17 10:06:57.406 [main] INFO  o.s.c.s.PostProcessorRegistrationDelegate$BeanPostProcessorChecker:376 - Bean '(inner bean)#41fe9859#7' of type [org.jeecgframework.minidao.aop.MiniDaoHandler] is not eligible for getting processed by all BeanPostProcessors (for example: not eligible for auto-proxying)
2026-08-17 10:06:57.408 [main] INFO  o.s.c.s.PostProcessorRegistrationDelegate$BeanPostProcessorChecker:376 - Bean 'jimuReportLinkDao' of type [org.jeecgframework.minidao.factory.MiniDaoBeanFactory] is not eligible for getting processed by all BeanPostProcessors (for example: not eligible for auto-proxying)
2026-08-17 10:06:57.408 [main] INFO  o.s.c.s.PostProcessorRegistrationDelegate$BeanPostProcessorChecker:376 - Bean '(inner bean)#41fe9859#8' of type [org.jeecgframework.minidao.aop.MiniDaoHandler] is not eligible for getting processed by all BeanPostProcessors (for example: not eligible for auto-proxying)
2026-08-17 10:06:57.409 [main] INFO  o.s.c.s.PostProcessorRegistrationDelegate$BeanPostProcessorChecker:376 - Bean 'jimuReportMapDao' of type [org.jeecgframework.minidao.factory.MiniDaoBeanFactory] is not eligible for getting processed by all BeanPostProcessors (for example: not eligible for auto-proxying)
2026-08-17 10:06:57.409 [main] INFO  o.s.c.s.PostProcessorRegistrationDelegate$BeanPostProcessorChecker:376 - Bean '(inner bean)#41fe9859#9' of type [org.jeecgframework.minidao.aop.MiniDaoHandler] is not eligible for getting processed by all BeanPostProcessors (for example: not eligible for auto-proxying)
2026-08-17 10:06:57.410 [main] INFO  o.s.c.s.PostProcessorRegistrationDelegate$BeanPostProcessorChecker:376 - Bean 'jimuReportShareDao' of type [org.jeecgframework.minidao.factory.MiniDaoBeanFactory] is not eligible for getting processed by all BeanPostProcessors (for example: not eligible for auto-proxying)
2026-08-17 10:06:57.428 [main] INFO  o.s.c.s.PostProcessorRegistrationDelegate$BeanPostProcessorChecker:376 - Bean 'spring.redis-org.springframework.boot.autoconfigure.data.redis.RedisProperties' of type [org.springframework.boot.autoconfigure.data.redis.RedisProperties] is not eligible for getting processed by all BeanPostProcessors (for example: not eligible for auto-proxying)
2026-08-17 10:06:57.433 [main] INFO  o.s.c.s.PostProcessorRegistrationDelegate$BeanPostProcessorChecker:376 - Bean 'org.springframework.boot.autoconfigure.data.redis.LettuceConnectionConfiguration' of type [org.springframework.boot.autoconfigure.data.redis.LettuceConnectionConfiguration] is not eligible for getting processed by all BeanPostProcessors (for example: not eligible for auto-proxying)
2026-08-17 10:06:57.444 [main] INFO  o.s.c.s.PostProcessorRegistrationDelegate$BeanPostProcessorChecker:376 - Bean 'org.springframework.boot.actuate.autoconfigure.metrics.redis.LettuceMetricsAutoConfiguration' of type [org.springframework.boot.actuate.autoconfigure.metrics.redis.LettuceMetricsAutoConfiguration] is not eligible for getting processed by all BeanPostProcessors (for example: not eligible for auto-proxying)
2026-08-17 10:06:57.445 [main] INFO  o.s.c.s.PostProcessorRegistrationDelegate$BeanPostProcessorChecker:376 - Bean 'org.springframework.boot.actuate.autoconfigure.metrics.export.simple.SimpleMetricsExportAutoConfiguration' of type [org.springframework.boot.actuate.autoconfigure.metrics.export.simple.SimpleMetricsExportAutoConfiguration] is not eligible for getting processed by all BeanPostProcessors (for example: not eligible for auto-proxying)
2026-08-17 10:06:57.448 [main] INFO  o.s.c.s.PostProcessorRegistrationDelegate$BeanPostProcessorChecker:376 - Bean 'management.metrics.export.simple-org.springframework.boot.actuate.autoconfigure.metrics.export.simple.SimpleProperties' of type [org.springframework.boot.actuate.autoconfigure.metrics.export.simple.SimpleProperties] is not eligible for getting processed by all BeanPostProcessors (for example: not eligible for auto-proxying)
2026-08-17 10:06:57.450 [main] INFO  o.s.c.s.PostProcessorRegistrationDelegate$BeanPostProcessorChecker:376 - Bean 'simpleConfig' of type [org.springframework.boot.actuate.autoconfigure.metrics.export.simple.SimplePropertiesConfigAdapter] is not eligible for getting processed by all BeanPostProcessors (for example: not eligible for auto-proxying)
2026-08-17 10:06:57.451 [main] INFO  o.s.c.s.PostProcessorRegistrationDelegate$BeanPostProcessorChecker:376 - Bean 'org.springframework.boot.actuate.autoconfigure.metrics.MetricsAutoConfiguration' of type [org.springframework.boot.actuate.autoconfigure.metrics.MetricsAutoConfiguration] is not eligible for getting processed by all BeanPostProcessors (for example: not eligible for auto-proxying)
2026-08-17 10:06:57.452 [main] INFO  o.s.c.s.PostProcessorRegistrationDelegate$BeanPostProcessorChecker:376 - Bean 'micrometerClock' of type [io.micrometer.core.instrument.Clock$1] is not eligible for getting processed by all BeanPostProcessors (for example: not eligible for auto-proxying)
2026-08-17 10:06:57.473 [main] INFO  o.s.c.s.PostProcessorRegistrationDelegate$BeanPostProcessorChecker:376 - Bean 'simpleMeterRegistry' of type [io.micrometer.core.instrument.simple.SimpleMeterRegistry] is not eligible for getting processed by all BeanPostProcessors (for example: not eligible for auto-proxying)
2026-08-17 10:06:57.476 [main] INFO  o.s.c.s.PostProcessorRegistrationDelegate$BeanPostProcessorChecker:376 - Bean 'micrometerOptions' of type [io.lettuce.core.metrics.MicrometerOptions] is not eligible for getting processed by all BeanPostProcessors (for example: not eligible for auto-proxying)
2026-08-17 10:06:57.477 [main] INFO  o.s.c.s.PostProcessorRegistrationDelegate$BeanPostProcessorChecker:376 - Bean 'lettuceMetrics' of type [org.springframework.boot.actuate.autoconfigure.metrics.redis.LettuceMetricsAutoConfiguration$$Lambda/0x000001d78149b770] is not eligible for getting processed by all BeanPostProcessors (for example: not eligible for auto-proxying)
2026-08-17 10:06:57.584 [main] INFO  o.s.c.s.PostProcessorRegistrationDelegate$BeanPostProcessorChecker:376 - Bean 'lettuceClientResources' of type [io.lettuce.core.resource.DefaultClientResources] is not eligible for getting processed by all BeanPostProcessors (for example: not eligible for auto-proxying)
2026-08-17 10:06:57.633 [main] INFO  o.s.c.s.PostProcessorRegistrationDelegate$BeanPostProcessorChecker:376 - Bean 'redisConnectionFactory' of type [org.springframework.data.redis.connection.lettuce.LettuceConnectionFactory] is not eligible for getting processed by all BeanPostProcessors (for example: not eligible for auto-proxying)
2026-08-17 10:06:57.636 [main] INFO  o.s.c.s.PostProcessorRegistrationDelegate$BeanPostProcessorChecker:376 - Bean 'shiroConfig' of type [org.jeecg.config.shiro.ShiroConfig$$EnhancerBySpringCGLIB$$29f6f3ca] is not eligible for getting processed by all BeanPostProcessors (for example: not eligible for auto-proxying)
2026-08-17 10:06:57.850 [main] INFO  o.s.c.s.PostProcessorRegistrationDelegate$BeanPostProcessorChecker:376 - Bean 'spring.datasource.dynamic-com.baomidou.dynamic.datasource.spring.boot.autoconfigure.DynamicDataSourceProperties' of type [com.baomidou.dynamic.datasource.spring.boot.autoconfigure.DynamicDataSourceProperties] is not eligible for getting processed by all BeanPostProcessors (for example: not eligible for auto-proxying)
2026-08-17 10:06:57.855 [main] INFO  o.s.c.s.PostProcessorRegistrationDelegate$BeanPostProcessorChecker:376 - Bean 'com.baomidou.dynamic.datasource.spring.boot.autoconfigure.DynamicDataSourceAutoConfiguration' of type [com.baomidou.dynamic.datasource.spring.boot.autoconfigure.DynamicDataSourceAutoConfiguration$$EnhancerBySpringCGLIB$$34491ca2] is not eligible for getting processed by all BeanPostProcessors (for example: not eligible for auto-proxying)
2026-08-17 10:06:57.860 [main] INFO  o.s.c.s.PostProcessorRegistrationDelegate$BeanPostProcessorChecker:376 - Bean 'dsProcessor' of type [com.baomidou.dynamic.datasource.processor.DsHeaderProcessor] is not eligible for getting processed by all BeanPostProcessors (for example: not eligible for auto-proxying)
2026-08-17 10:06:57.894 [main] INFO  o.s.c.s.PostProcessorRegistrationDelegate$BeanPostProcessorChecker:376 - Bean 'shiroRealm' of type [org.jeecg.config.shiro.ShiroRealm] is not eligible for getting processed by all BeanPostProcessors (for example: not eligible for auto-proxying)
2026-08-17 10:06:57.995 [main] INFO  org.jeecg.config.shiro.ShiroConfig:215 - ===============(1)创建缓存管理器RedisCacheManager
2026-08-17 10:06:57.996 [main] INFO  org.jeecg.config.shiro.ShiroConfig:233 - ===============(2)创建RedisManager,连接Redis..
2026-08-17 10:06:58.000 [main] INFO  o.s.c.s.PostProcessorRegistrationDelegate$BeanPostProcessorChecker:376 - Bean 'redisManager' of type [org.crazycake.shiro.RedisManager] is not eligible for getting processed by all BeanPostProcessors (for example: not eligible for auto-proxying)
2026-08-17 10:06:58.007 [main] INFO  o.s.c.s.PostProcessorRegistrationDelegate$BeanPostProcessorChecker:376 - Bean 'securityManager' of type [org.apache.shiro.web.mgt.DefaultWebSecurityManager] is not eligible for getting processed by all BeanPostProcessors (for example: not eligible for auto-proxying)
2026-08-17 10:06:58.027 [main] INFO  o.s.c.s.PostProcessorRegistrationDelegate$BeanPostProcessorChecker:376 - Bean 'authorizationAttributeSourceAdvisor' of type [org.apache.shiro.spring.security.interceptor.AuthorizationAttributeSourceAdvisor] is not eligible for getting processed by all BeanPostProcessors (for example: not eligible for auto-proxying)
2026-08-17 10:06:58.053 [main] INFO  o.s.c.s.PostProcessorRegistrationDelegate$BeanPostProcessorChecker:376 - Bean 'org.apache.shiro.spring.boot.autoconfigure.ShiroBeanAutoConfiguration' of type [org.apache.shiro.spring.boot.autoconfigure.ShiroBeanAutoConfiguration$$EnhancerBySpringCGLIB$$ddd38981] is not eligible for getting processed by all BeanPostProcessors (for example: not eligible for auto-proxying)
2026-08-17 10:06:58.055 [main] INFO  o.s.c.s.PostProcessorRegistrationDelegate$BeanPostProcessorChecker:376 - Bean 'eventBus' of type [org.apache.shiro.event.support.DefaultEventBus] is not eligible for getting processed by all BeanPostProcessors (for example: not eligible for auto-proxying)
2026-08-17 10:06:58.463 [main] INFO  o.s.boot.web.embedded.tomcat.TomcatWebServer:108 - Tomcat initialized with port(s): 8080 (http)
2026-08-17 10:06:58.471 [main] INFO  org.apache.coyote.http11.Http11NioProtocol:173 - Initializing ProtocolHandler ["http-nio-8080"]
2026-08-17 10:06:58.472 [main] INFO  org.apache.catalina.core.StandardService:173 - Starting service [Tomcat]
2026-08-17 10:06:58.472 [main] INFO  org.apache.catalina.core.StandardEngine:173 - Starting Servlet engine: [Apache Tomcat/9.0.83]
2026-08-17 10:06:58.518 [main] INFO  o.a.c.c.ContainerBase.[Tomcat].[localhost].[/psms]:173 - Initializing Spring embedded WebApplicationContext
2026-08-17 10:06:58.518 [main] INFO  o.s.b.w.s.c.ServletWebServerApplicationContext:292 - Root WebApplicationContext: initialization completed in 2947 ms
2026-08-17 10:06:58.663 [main] ERROR o.s.boot.web.embedded.tomcat.TomcatStarter:61 - Error starting Tomcat context. Exception: org.springframework.beans.factory.BeanCreationException. Message: Error creating bean with name 'filterShiroFilterRegistrationBean' defined in class path resource [org/apache/shiro/spring/config/web/autoconfigure/ShiroWebFilterConfiguration.class]: Bean instantiation via factory method failed; nested exception is org.springframework.beans.BeanInstantiationException: Failed to instantiate [org.springframework.boot.web.servlet.FilterRegistrationBean]: Factory method 'filterShiroFilterRegistrationBean' threw exception; nested exception is org.springframework.beans.factory.NoSuchBeanDefinitionException: No bean named 'shiroFilterFactoryBean' available
2026-08-17 10:06:58.709 [main] INFO  org.apache.catalina.core.StandardService:173 - Stopping service [Tomcat]
2026-08-17 10:06:58.873 [main] WARN  o.s.b.w.s.c.AnnotationConfigServletWebServerApplicationContext:599 - Exception encountered during context initialization - cancelling refresh attempt: org.springframework.context.ApplicationContextException: Unable to start web server; nested exception is org.springframework.boot.web.server.WebServerException: Unable to start embedded Tomcat
2026-08-17 10:06:58.891 [main] INFO  o.s.b.a.l.ConditionEvaluationReportLoggingListener:136 - 

Error starting ApplicationContext. To display the conditions report re-run your application with 'debug' enabled.
2026-08-17 10:06:58.912 [main] ERROR o.s.b.diagnostics.LoggingFailureAnalysisReporter:40 - 

***************************
APPLICATION FAILED TO START
***************************

Description:

Method filterShiroFilterRegistrationBean in org.apache.shiro.spring.config.web.autoconfigure.ShiroWebFilterConfiguration required a bean named 'shiroFilterFactoryBean' that could not be found.


Action:

Consider defining a bean named 'shiroFilterFactoryBean' in your configuration.

2026-08-17 10:08:22.137 [main] INFO  org.jeecg.JeecgSystemApplication:55 - Starting JeecgSystemApplication v2.4.6 using Java 21.0.9 on DESKTOP-7A7ENNC with PID 58296 (D:\工作文档\软件工程教研室\2026\2026-2027（1）学期\软件工程技术综合实践\餐饮业油烟监控平台\后端代码\psms\jeecg-boot-module-system\target\jeecg-boot-module-system-2.4.6.jar started by HP in D:\工作文档\软件工程教研室\2026\2026-2027（1）学期\软件工程技术综合实践\餐饮业油烟监控平台\后端代码\psms\jeecg-boot-module-system\target)
2026-08-17 10:08:22.115 [background-preinit] INFO  org.hibernate.validator.internal.util.Version:21 - HV000001: Hibernate Validator 6.2.5.Final
2026-08-17 10:08:22.271 [main] INFO  org.jeecg.JeecgSystemApplication:638 - The following 1 profile is active: "dev"
2026-08-17 10:08:23.653 [main] INFO  o.s.d.r.config.RepositoryConfigurationDelegate:262 - Multiple Spring Data modules found, entering strict repository configuration mode
2026-08-17 10:08:23.657 [main] INFO  o.s.d.r.config.RepositoryConfigurationDelegate:132 - Bootstrapping Spring Data Redis repositories in DEFAULT mode.
2026-08-17 10:08:23.707 [main] INFO  o.s.d.r.config.RepositoryConfigurationDelegate:201 - Finished Spring Data repository scanning in 40 ms. Found 0 Redis repository interfaces.
2026-08-17 10:08:23.805 [main] INFO  o.j.minidao.auto.MinidaoAutoConfiguration:23 -  ******************* init miniDao config [ begin ] *********************** 
2026-08-17 10:08:23.805 [main] INFO  o.j.minidao.auto.MinidaoAutoConfiguration:25 -  ------ minidao.base-package ------- org.jeecg.modules.jmreport.*
2026-08-17 10:08:23.808 [main] INFO  o.j.minidao.auto.MinidaoAutoConfiguration:42 -  *******************  init miniDao config  [ end ] *********************** 
2026-08-17 10:08:23.848 [main] INFO  o.j.minidao.factory.MiniDaoClassPathMapperScanner:48 - register minidao name is { org.jeecg.modules.jmreport.desreport.dao.JimuReportDao }
2026-08-17 10:08:23.849 [main] INFO  o.j.minidao.factory.MiniDaoClassPathMapperScanner:48 - register minidao name is { org.jeecg.modules.jmreport.desreport.dao.JimuReportDataSourceDao }
2026-08-17 10:08:23.849 [main] INFO  o.j.minidao.factory.MiniDaoClassPathMapperScanner:48 - register minidao name is { org.jeecg.modules.jmreport.desreport.dao.JimuReportDbDao }
2026-08-17 10:08:23.849 [main] INFO  o.j.minidao.factory.MiniDaoClassPathMapperScanner:48 - register minidao name is { org.jeecg.modules.jmreport.desreport.dao.JimuReportDbFieldDao }
2026-08-17 10:08:23.850 [main] INFO  o.j.minidao.factory.MiniDaoClassPathMapperScanner:48 - register minidao name is { org.jeecg.modules.jmreport.desreport.dao.JimuReportDbParamDao }
2026-08-17 10:08:23.850 [main] INFO  o.j.minidao.factory.MiniDaoClassPathMapperScanner:48 - register minidao name is { org.jeecg.modules.jmreport.desreport.dao.JimuReportDictDao }
2026-08-17 10:08:23.850 [main] INFO  o.j.minidao.factory.MiniDaoClassPathMapperScanner:48 - register minidao name is { org.jeecg.modules.jmreport.desreport.dao.JimuReportDictItemDao }
2026-08-17 10:08:23.851 [main] INFO  o.j.minidao.factory.MiniDaoClassPathMapperScanner:48 - register minidao name is { org.jeecg.modules.jmreport.desreport.dao.JimuReportLinkDao }
2026-08-17 10:08:23.851 [main] INFO  o.j.minidao.factory.MiniDaoClassPathMapperScanner:48 - register minidao name is { org.jeecg.modules.jmreport.desreport.dao.JimuReportMapDao }
2026-08-17 10:08:23.852 [main] INFO  o.j.minidao.factory.MiniDaoClassPathMapperScanner:48 - register minidao name is { org.jeecg.modules.jmreport.desreport.dao.JimuReportShareDao }
2026-08-17 10:08:24.120 [main] INFO  o.s.c.s.PostProcessorRegistrationDelegate$BeanPostProcessorChecker:376 - Bean '(inner bean)#5ac86ba5' of type [org.jeecgframework.minidao.aop.MiniDaoHandler] is not eligible for getting processed by all BeanPostProcessors (for example: not eligible for auto-proxying)
2026-08-17 10:08:24.124 [main] INFO  o.s.c.s.PostProcessorRegistrationDelegate$BeanPostProcessorChecker:376 - Bean 'jimuReportDao' of type [org.jeecgframework.minidao.factory.MiniDaoBeanFactory] is not eligible for getting processed by all BeanPostProcessors (for example: not eligible for auto-proxying)
2026-08-17 10:08:24.125 [main] INFO  o.s.c.s.PostProcessorRegistrationDelegate$BeanPostProcessorChecker:376 - Bean '(inner bean)#5ac86ba5#1' of type [org.jeecgframework.minidao.aop.MiniDaoHandler] is not eligible for getting processed by all BeanPostProcessors (for example: not eligible for auto-proxying)
2026-08-17 10:08:24.125 [main] INFO  o.s.c.s.PostProcessorRegistrationDelegate$BeanPostProcessorChecker:376 - Bean 'jimuReportDataSourceDao' of type [org.jeecgframework.minidao.factory.MiniDaoBeanFactory] is not eligible for getting processed by all BeanPostProcessors (for example: not eligible for auto-proxying)
2026-08-17 10:08:24.126 [main] INFO  o.s.c.s.PostProcessorRegistrationDelegate$BeanPostProcessorChecker:376 - Bean '(inner bean)#5ac86ba5#2' of type [org.jeecgframework.minidao.aop.MiniDaoHandler] is not eligible for getting processed by all BeanPostProcessors (for example: not eligible for auto-proxying)
2026-08-17 10:08:24.127 [main] INFO  o.s.c.s.PostProcessorRegistrationDelegate$BeanPostProcessorChecker:376 - Bean 'jimuReportDbDao' of type [org.jeecgframework.minidao.factory.MiniDaoBeanFactory] is not eligible for getting processed by all BeanPostProcessors (for example: not eligible for auto-proxying)
2026-08-17 10:08:24.128 [main] INFO  o.s.c.s.PostProcessorRegistrationDelegate$BeanPostProcessorChecker:376 - Bean '(inner bean)#5ac86ba5#3' of type [org.jeecgframework.minidao.aop.MiniDaoHandler] is not eligible for getting processed by all BeanPostProcessors (for example: not eligible for auto-proxying)
2026-08-17 10:08:24.128 [main] INFO  o.s.c.s.PostProcessorRegistrationDelegate$BeanPostProcessorChecker:376 - Bean 'jimuReportDbFieldDao' of type [org.jeecgframework.minidao.factory.MiniDaoBeanFactory] is not eligible for getting processed by all BeanPostProcessors (for example: not eligible for auto-proxying)
2026-08-17 10:08:24.130 [main] INFO  o.s.c.s.PostProcessorRegistrationDelegate$BeanPostProcessorChecker:376 - Bean '(inner bean)#5ac86ba5#4' of type [org.jeecgframework.minidao.aop.MiniDaoHandler] is not eligible for getting processed by all BeanPostProcessors (for example: not eligible for auto-proxying)
2026-08-17 10:08:24.131 [main] INFO  o.s.c.s.PostProcessorRegistrationDelegate$BeanPostProcessorChecker:376 - Bean 'jimuReportDbParamDao' of type [org.jeecgframework.minidao.factory.MiniDaoBeanFactory] is not eligible for getting processed by all BeanPostProcessors (for example: not eligible for auto-proxying)
2026-08-17 10:08:24.131 [main] INFO  o.s.c.s.PostProcessorRegistrationDelegate$BeanPostProcessorChecker:376 - Bean '(inner bean)#5ac86ba5#5' of type [org.jeecgframework.minidao.aop.MiniDaoHandler] is not eligible for getting processed by all BeanPostProcessors (for example: not eligible for auto-proxying)
2026-08-17 10:08:24.132 [main] INFO  o.s.c.s.PostProcessorRegistrationDelegate$BeanPostProcessorChecker:376 - Bean 'jimuReportDictDao' of type [org.jeecgframework.minidao.factory.MiniDaoBeanFactory] is not eligible for getting processed by all BeanPostProcessors (for example: not eligible for auto-proxying)
2026-08-17 10:08:24.133 [main] INFO  o.s.c.s.PostProcessorRegistrationDelegate$BeanPostProcessorChecker:376 - Bean '(inner bean)#5ac86ba5#6' of type [org.jeecgframework.minidao.aop.MiniDaoHandler] is not eligible for getting processed by all BeanPostProcessors (for example: not eligible for auto-proxying)
2026-08-17 10:08:24.133 [main] INFO  o.s.c.s.PostProcessorRegistrationDelegate$BeanPostProcessorChecker:376 - Bean 'jimuReportDictItemDao' of type [org.jeecgframework.minidao.factory.MiniDaoBeanFactory] is not eligible for getting processed by all BeanPostProcessors (for example: not eligible for auto-proxying)
2026-08-17 10:08:24.134 [main] INFO  o.s.c.s.PostProcessorRegistrationDelegate$BeanPostProcessorChecker:376 - Bean '(inner bean)#5ac86ba5#7' of type [org.jeecgframework.minidao.aop.MiniDaoHandler] is not eligible for getting processed by all BeanPostProcessors (for example: not eligible for auto-proxying)
2026-08-17 10:08:24.134 [main] INFO  o.s.c.s.PostProcessorRegistrationDelegate$BeanPostProcessorChecker:376 - Bean 'jimuReportLinkDao' of type [org.jeecgframework.minidao.factory.MiniDaoBeanFactory] is not eligible for getting processed by all BeanPostProcessors (for example: not eligible for auto-proxying)
2026-08-17 10:08:24.135 [main] INFO  o.s.c.s.PostProcessorRegistrationDelegate$BeanPostProcessorChecker:376 - Bean '(inner bean)#5ac86ba5#8' of type [org.jeecgframework.minidao.aop.MiniDaoHandler] is not eligible for getting processed by all BeanPostProcessors (for example: not eligible for auto-proxying)
2026-08-17 10:08:24.135 [main] INFO  o.s.c.s.PostProcessorRegistrationDelegate$BeanPostProcessorChecker:376 - Bean 'jimuReportMapDao' of type [org.jeecgframework.minidao.factory.MiniDaoBeanFactory] is not eligible for getting processed by all BeanPostProcessors (for example: not eligible for auto-proxying)
2026-08-17 10:08:24.136 [main] INFO  o.s.c.s.PostProcessorRegistrationDelegate$BeanPostProcessorChecker:376 - Bean '(inner bean)#5ac86ba5#9' of type [org.jeecgframework.minidao.aop.MiniDaoHandler] is not eligible for getting processed by all BeanPostProcessors (for example: not eligible for auto-proxying)
2026-08-17 10:08:24.136 [main] INFO  o.s.c.s.PostProcessorRegistrationDelegate$BeanPostProcessorChecker:376 - Bean 'jimuReportShareDao' of type [org.jeecgframework.minidao.factory.MiniDaoBeanFactory] is not eligible for getting processed by all BeanPostProcessors (for example: not eligible for auto-proxying)
2026-08-17 10:08:24.156 [main] INFO  o.s.c.s.PostProcessorRegistrationDelegate$BeanPostProcessorChecker:376 - Bean 'spring.redis-org.springframework.boot.autoconfigure.data.redis.RedisProperties' of type [org.springframework.boot.autoconfigure.data.redis.RedisProperties] is not eligible for getting processed by all BeanPostProcessors (for example: not eligible for auto-proxying)
2026-08-17 10:08:24.160 [main] INFO  o.s.c.s.PostProcessorRegistrationDelegate$BeanPostProcessorChecker:376 - Bean 'org.springframework.boot.autoconfigure.data.redis.LettuceConnectionConfiguration' of type [org.springframework.boot.autoconfigure.data.redis.LettuceConnectionConfiguration] is not eligible for getting processed by all BeanPostProcessors (for example: not eligible for auto-proxying)
2026-08-17 10:08:24.184 [main] INFO  o.s.c.s.PostProcessorRegistrationDelegate$BeanPostProcessorChecker:376 - Bean 'org.springframework.boot.actuate.autoconfigure.metrics.redis.LettuceMetricsAutoConfiguration' of type [org.springframework.boot.actuate.autoconfigure.metrics.redis.LettuceMetricsAutoConfiguration] is not eligible for getting processed by all BeanPostProcessors (for example: not eligible for auto-proxying)
2026-08-17 10:08:24.185 [main] INFO  o.s.c.s.PostProcessorRegistrationDelegate$BeanPostProcessorChecker:376 - Bean 'org.springframework.boot.actuate.autoconfigure.metrics.export.simple.SimpleMetricsExportAutoConfiguration' of type [org.springframework.boot.actuate.autoconfigure.metrics.export.simple.SimpleMetricsExportAutoConfiguration] is not eligible for getting processed by all BeanPostProcessors (for example: not eligible for auto-proxying)
2026-08-17 10:08:24.188 [main] INFO  o.s.c.s.PostProcessorRegistrationDelegate$BeanPostProcessorChecker:376 - Bean 'management.metrics.export.simple-org.springframework.boot.actuate.autoconfigure.metrics.export.simple.SimpleProperties' of type [org.springframework.boot.actuate.autoconfigure.metrics.export.simple.SimpleProperties] is not eligible for getting processed by all BeanPostProcessors (for example: not eligible for auto-proxying)
2026-08-17 10:08:24.194 [main] INFO  o.s.c.s.PostProcessorRegistrationDelegate$BeanPostProcessorChecker:376 - Bean 'simpleConfig' of type [org.springframework.boot.actuate.autoconfigure.metrics.export.simple.SimplePropertiesConfigAdapter] is not eligible for getting processed by all BeanPostProcessors (for example: not eligible for auto-proxying)
2026-08-17 10:08:24.196 [main] INFO  o.s.c.s.PostProcessorRegistrationDelegate$BeanPostProcessorChecker:376 - Bean 'org.springframework.boot.actuate.autoconfigure.metrics.MetricsAutoConfiguration' of type [org.springframework.boot.actuate.autoconfigure.metrics.MetricsAutoConfiguration] is not eligible for getting processed by all BeanPostProcessors (for example: not eligible for auto-proxying)
2026-08-17 10:08:24.196 [main] INFO  o.s.c.s.PostProcessorRegistrationDelegate$BeanPostProcessorChecker:376 - Bean 'micrometerClock' of type [io.micrometer.core.instrument.Clock$1] is not eligible for getting processed by all BeanPostProcessors (for example: not eligible for auto-proxying)
2026-08-17 10:08:24.224 [main] INFO  o.s.c.s.PostProcessorRegistrationDelegate$BeanPostProcessorChecker:376 - Bean 'simpleMeterRegistry' of type [io.micrometer.core.instrument.simple.SimpleMeterRegistry] is not eligible for getting processed by all BeanPostProcessors (for example: not eligible for auto-proxying)
2026-08-17 10:08:24.227 [main] INFO  o.s.c.s.PostProcessorRegistrationDelegate$BeanPostProcessorChecker:376 - Bean 'micrometerOptions' of type [io.lettuce.core.metrics.MicrometerOptions] is not eligible for getting processed by all BeanPostProcessors (for example: not eligible for auto-proxying)
2026-08-17 10:08:24.230 [main] INFO  o.s.c.s.PostProcessorRegistrationDelegate$BeanPostProcessorChecker:376 - Bean 'lettuceMetrics' of type [org.springframework.boot.actuate.autoconfigure.metrics.redis.LettuceMetricsAutoConfiguration$$Lambda/0x000001f44349b300] is not eligible for getting processed by all BeanPostProcessors (for example: not eligible for auto-proxying)
2026-08-17 10:08:24.370 [main] INFO  o.s.c.s.PostProcessorRegistrationDelegate$BeanPostProcessorChecker:376 - Bean 'lettuceClientResources' of type [io.lettuce.core.resource.DefaultClientResources] is not eligible for getting processed by all BeanPostProcessors (for example: not eligible for auto-proxying)
2026-08-17 10:08:24.424 [main] INFO  o.s.c.s.PostProcessorRegistrationDelegate$BeanPostProcessorChecker:376 - Bean 'redisConnectionFactory' of type [org.springframework.data.redis.connection.lettuce.LettuceConnectionFactory] is not eligible for getting processed by all BeanPostProcessors (for example: not eligible for auto-proxying)
2026-08-17 10:08:24.426 [main] INFO  o.s.c.s.PostProcessorRegistrationDelegate$BeanPostProcessorChecker:376 - Bean 'shiroConfig' of type [org.jeecg.config.shiro.ShiroConfig$$EnhancerBySpringCGLIB$$ec4dc4b7] is not eligible for getting processed by all BeanPostProcessors (for example: not eligible for auto-proxying)
2026-08-17 10:08:24.660 [main] INFO  o.s.c.s.PostProcessorRegistrationDelegate$BeanPostProcessorChecker:376 - Bean 'spring.datasource.dynamic-com.baomidou.dynamic.datasource.spring.boot.autoconfigure.DynamicDataSourceProperties' of type [com.baomidou.dynamic.datasource.spring.boot.autoconfigure.DynamicDataSourceProperties] is not eligible for getting processed by all BeanPostProcessors (for example: not eligible for auto-proxying)
2026-08-17 10:08:24.665 [main] INFO  o.s.c.s.PostProcessorRegistrationDelegate$BeanPostProcessorChecker:376 - Bean 'com.baomidou.dynamic.datasource.spring.boot.autoconfigure.DynamicDataSourceAutoConfiguration' of type [com.baomidou.dynamic.datasource.spring.boot.autoconfigure.DynamicDataSourceAutoConfiguration$$EnhancerBySpringCGLIB$$f69fed8f] is not eligible for getting processed by all BeanPostProcessors (for example: not eligible for auto-proxying)
2026-08-17 10:08:24.672 [main] INFO  o.s.c.s.PostProcessorRegistrationDelegate$BeanPostProcessorChecker:376 - Bean 'dsProcessor' of type [com.baomidou.dynamic.datasource.processor.DsHeaderProcessor] is not eligible for getting processed by all BeanPostProcessors (for example: not eligible for auto-proxying)
2026-08-17 10:08:24.715 [main] INFO  o.s.c.s.PostProcessorRegistrationDelegate$BeanPostProcessorChecker:376 - Bean 'shiroRealm' of type [org.jeecg.config.shiro.ShiroRealm] is not eligible for getting processed by all BeanPostProcessors (for example: not eligible for auto-proxying)
2026-08-17 10:08:24.808 [main] INFO  org.jeecg.config.shiro.ShiroConfig:215 - ===============(1)创建缓存管理器RedisCacheManager
2026-08-17 10:08:24.810 [main] INFO  org.jeecg.config.shiro.ShiroConfig:233 - ===============(2)创建RedisManager,连接Redis..
2026-08-17 10:08:24.813 [main] INFO  o.s.c.s.PostProcessorRegistrationDelegate$BeanPostProcessorChecker:376 - Bean 'redisManager' of type [org.crazycake.shiro.RedisManager] is not eligible for getting processed by all BeanPostProcessors (for example: not eligible for auto-proxying)
2026-08-17 10:08:24.819 [main] INFO  o.s.c.s.PostProcessorRegistrationDelegate$BeanPostProcessorChecker:376 - Bean 'securityManager' of type [org.apache.shiro.web.mgt.DefaultWebSecurityManager] is not eligible for getting processed by all BeanPostProcessors (for example: not eligible for auto-proxying)
2026-08-17 10:08:24.839 [main] INFO  o.s.c.s.PostProcessorRegistrationDelegate$BeanPostProcessorChecker:376 - Bean 'authorizationAttributeSourceAdvisor' of type [org.apache.shiro.spring.security.interceptor.AuthorizationAttributeSourceAdvisor] is not eligible for getting processed by all BeanPostProcessors (for example: not eligible for auto-proxying)
2026-08-17 10:08:24.867 [main] INFO  o.s.c.s.PostProcessorRegistrationDelegate$BeanPostProcessorChecker:376 - Bean 'org.apache.shiro.spring.boot.autoconfigure.ShiroBeanAutoConfiguration' of type [org.apache.shiro.spring.boot.autoconfigure.ShiroBeanAutoConfiguration$$EnhancerBySpringCGLIB$$a02a5a6e] is not eligible for getting processed by all BeanPostProcessors (for example: not eligible for auto-proxying)
2026-08-17 10:08:24.871 [main] INFO  o.s.c.s.PostProcessorRegistrationDelegate$BeanPostProcessorChecker:376 - Bean 'eventBus' of type [org.apache.shiro.event.support.DefaultEventBus] is not eligible for getting processed by all BeanPostProcessors (for example: not eligible for auto-proxying)
2026-08-17 10:08:25.278 [main] INFO  o.s.boot.web.embedded.tomcat.TomcatWebServer:108 - Tomcat initialized with port(s): 8080 (http)
2026-08-17 10:08:25.285 [main] INFO  org.apache.coyote.http11.Http11NioProtocol:173 - Initializing ProtocolHandler ["http-nio-8080"]
2026-08-17 10:08:25.286 [main] INFO  org.apache.catalina.core.StandardService:173 - Starting service [Tomcat]
2026-08-17 10:08:25.287 [main] INFO  org.apache.catalina.core.StandardEngine:173 - Starting Servlet engine: [Apache Tomcat/9.0.83]
2026-08-17 10:08:25.331 [main] INFO  o.a.c.c.ContainerBase.[Tomcat].[localhost].[/psms]:173 - Initializing Spring embedded WebApplicationContext
2026-08-17 10:08:25.332 [main] INFO  o.s.b.w.s.c.ServletWebServerApplicationContext:292 - Root WebApplicationContext: initialization completed in 3026 ms
2026-08-17 10:08:26.180 [main] INFO  com.alibaba.druid.pool.DruidDataSource:1009 - {dataSource-1,master} inited
2026-08-17 10:08:26.181 [main] INFO  c.b.dynamic.datasource.DynamicRoutingDataSource:132 - dynamic-datasource - load a datasource named [master] success
2026-08-17 10:08:26.182 [main] INFO  c.b.dynamic.datasource.DynamicRoutingDataSource:237 - dynamic-datasource initial loaded [1] datasource,primary datasource named [master]
2026-08-17 10:08:26.663 [main] ERROR com.baomidou.mybatisplus.core.MybatisConfiguration:100 - mapper[org.jeecg.modules.psms.analyse.mapper.AnalyseMapper.moreNum] is ignored, because it exists, maybe from xml file
2026-08-17 10:08:26.670 [main] WARN  c.b.mybatisplus.core.metadata.TableInfoHelper:335 - Can not find table primary key in Class: "java.util.Map".
2026-08-17 10:08:27.433 [main] INFO  org.jeecg.common.modules.redis.config.RedisConfig:76 -  --- redis config init --- 
2026-08-17 10:08:28.649 [main] INFO  org.quartz.impl.StdSchedulerFactory:1220 - Using default implementation for ThreadExecutor
2026-08-17 10:08:28.651 [main] INFO  org.quartz.simpl.SimpleThreadPool:268 - Job execution threads will use class loader of thread: main
2026-08-17 10:08:28.657 [main] INFO  org.quartz.core.SchedulerSignalerImpl:61 - Initialized Scheduler Signaller of type: class org.quartz.core.SchedulerSignalerImpl
2026-08-17 10:08:28.657 [main] INFO  org.quartz.core.QuartzScheduler:229 - Quartz Scheduler v.2.3.2 created.
2026-08-17 10:08:28.658 [main] INFO  org.quartz.core.QuartzScheduler:666 - Scheduler MyScheduler_$_DESKTOP-7A7ENNC1786932508650 shutting down.
2026-08-17 10:08:28.658 [main] INFO  org.quartz.core.QuartzScheduler:585 - Scheduler MyScheduler_$_DESKTOP-7A7ENNC1786932508650 paused.
2026-08-17 10:08:28.660 [main] WARN  org.quartz.impl.jdbcjobstore.JobStoreTX:748 - Database connection shutdown unsuccessful.
java.sql.SQLException: There is no DataSource named 'null'
	at org.quartz.utils.DBConnectionManager.shutdown(DBConnectionManager.java:135)
	at org.quartz.impl.jdbcjobstore.JobStoreSupport.shutdown(JobStoreSupport.java:746)
	at org.quartz.core.QuartzScheduler.shutdown(QuartzScheduler.java:732)
	at org.quartz.impl.StdSchedulerFactory.shutdownFromInstantiateException(StdSchedulerFactory.java:1431)
	at org.quartz.impl.StdSchedulerFactory.instantiate(StdSchedulerFactory.java:1391)
	at org.quartz.impl.StdSchedulerFactory.getScheduler(StdSchedulerFactory.java:1579)
	at org.springframework.scheduling.quartz.SchedulerFactoryBean.createScheduler(SchedulerFactoryBean.java:679)
	at org.springframework.scheduling.quartz.SchedulerFactoryBean.prepareScheduler(SchedulerFactoryBean.java:616)
	at org.springframework.scheduling.quartz.SchedulerFactoryBean.afterPropertiesSet(SchedulerFactoryBean.java:504)
	at org.springframework.beans.factory.support.AbstractAutowireCapableBeanFactory.invokeInitMethods(AbstractAutowireCapableBeanFactory.java:1863)
	at org.springframework.beans.factory.support.AbstractAutowireCapableBeanFactory.initializeBean(AbstractAutowireCapableBeanFactory.java:1800)
	at org.springframework.beans.factory.support.AbstractAutowireCapableBeanFactory.doCreateBean(AbstractAutowireCapableBeanFactory.java:620)
	at org.springframework.beans.factory.support.AbstractAutowireCapableBeanFactory.createBean(AbstractAutowireCapableBeanFactory.java:542)
	at org.springframework.beans.factory.support.AbstractBeanFactory.lambda$doGetBean$0(AbstractBeanFactory.java:335)
	at org.springframework.beans.factory.support.DefaultSingletonBeanRegistry.getSingleton(DefaultSingletonBeanRegistry.java:234)
	at org.springframework.beans.factory.support.AbstractBeanFactory.doGetBean(AbstractBeanFactory.java:333)
	at org.springframework.beans.factory.support.AbstractBeanFactory.getBean(AbstractBeanFactory.java:208)
	at org.springframework.beans.factory.config.DependencyDescriptor.resolveCandidate(DependencyDescriptor.java:276)
	at org.springframework.beans.factory.support.DefaultListableBeanFactory.doResolveDependency(DefaultListableBeanFactory.java:1391)
	at org.springframework.beans.factory.support.DefaultListableBeanFactory.resolveDependency(DefaultListableBeanFactory.java:1311)
	at org.springframework.beans.factory.annotation.AutowiredAnnotationBeanPostProcessor$AutowiredFieldElement.resolveFieldValue(AutowiredAnnotationBeanPostProcessor.java:710)
	at org.springframework.beans.factory.annotation.AutowiredAnnotationBeanPostProcessor$AutowiredFieldElement.inject(AutowiredAnnotationBeanPostProcessor.java:693)
	at org.springframework.beans.factory.annotation.InjectionMetadata.inject(InjectionMetadata.java:119)
	at org.springframework.beans.factory.annotation.AutowiredAnnotationBeanPostProcessor.postProcessProperties(AutowiredAnnotationBeanPostProcessor.java:408)
	at org.springframework.beans.factory.support.AbstractAutowireCapableBeanFactory.populateBean(AbstractAutowireCapableBeanFactory.java:1431)
	at org.springframework.beans.factory.support.AbstractAutowireCapableBeanFactory.doCreateBean(AbstractAutowireCapableBeanFactory.java:619)
	at org.springframework.beans.factory.support.AbstractAutowireCapableBeanFactory.createBean(AbstractAutowireCapableBeanFactory.java:542)
	at org.springframework.beans.factory.support.AbstractBeanFactory.lambda$doGetBean$0(AbstractBeanFactory.java:335)
	at org.springframework.beans.factory.support.DefaultSingletonBeanRegistry.getSingleton(DefaultSingletonBeanRegistry.java:234)
	at org.springframework.beans.factory.support.AbstractBeanFactory.doGetBean(AbstractBeanFactory.java:333)
	at org.springframework.beans.factory.support.AbstractBeanFactory.getBean(AbstractBeanFactory.java:208)
	at org.springframework.beans.factory.config.DependencyDescriptor.resolveCandidate(DependencyDescriptor.java:276)
	at org.springframework.beans.factory.support.DefaultListableBeanFactory.doResolveDependency(DefaultListableBeanFactory.java:1391)
	at org.springframework.beans.factory.support.DefaultListableBeanFactory.resolveDependency(DefaultListableBeanFactory.java:1311)
	at org.springframework.beans.factory.annotation.AutowiredAnnotationBeanPostProcessor$AutowiredFieldElement.resolveFieldValue(AutowiredAnnotationBeanPostProcessor.java:710)
	at org.springframework.beans.factory.annotation.AutowiredAnnotationBeanPostProcessor$AutowiredFieldElement.inject(AutowiredAnnotationBeanPostProcessor.java:693)
	at org.springframework.beans.factory.annotation.InjectionMetadata.inject(InjectionMetadata.java:119)
	at org.springframework.beans.factory.annotation.AutowiredAnnotationBeanPostProcessor.postProcessProperties(AutowiredAnnotationBeanPostProcessor.java:408)
	at org.springframework.beans.factory.support.AbstractAutowireCapableBeanFactory.populateBean(AbstractAutowireCapableBeanFactory.java:1431)
	at org.springframework.beans.factory.support.AbstractAutowireCapableBeanFactory.doCreateBean(AbstractAutowireCapableBeanFactory.java:619)
	at org.springframework.beans.factory.support.AbstractAutowireCapableBeanFactory.createBean(AbstractAutowireCapableBeanFactory.java:542)
	at org.springframework.beans.factory.support.AbstractBeanFactory.lambda$doGetBean$0(AbstractBeanFactory.java:335)
	at org.springframework.beans.factory.support.DefaultSingletonBeanRegistry.getSingleton(DefaultSingletonBeanRegistry.java:234)
	at org.springframework.beans.factory.support.AbstractBeanFactory.doGetBean(AbstractBeanFactory.java:333)
	at org.springframework.beans.factory.support.AbstractBeanFactory.getBean(AbstractBeanFactory.java:208)
	at org.springframework.beans.factory.support.DefaultListableBeanFactory.preInstantiateSingletons(DefaultListableBeanFactory.java:955)
	at org.springframework.context.support.AbstractApplicationContext.finishBeanFactoryInitialization(AbstractApplicationContext.java:929)
	at org.springframework.context.support.AbstractApplicationContext.refresh(AbstractApplicationContext.java:591)
	at org.springframework.boot.web.servlet.context.ServletWebServerApplicationContext.refresh(ServletWebServerApplicationContext.java:147)
	at org.springframework.boot.SpringApplication.refresh(SpringApplication.java:732)
	at org.springframework.boot.SpringApplication.refreshContext(SpringApplication.java:409)
	at org.springframework.boot.SpringApplication.run(SpringApplication.java:308)
	at org.springframework.boot.SpringApplication.run(SpringApplication.java:1300)
	at org.springframework.boot.SpringApplication.run(SpringApplication.java:1289)
	at org.jeecg.JeecgSystemApplication.main(JeecgSystemApplication.java:37)
	at java.base/jdk.internal.reflect.DirectMethodHandleAccessor.invoke(DirectMethodHandleAccessor.java:103)
	at java.base/java.lang.reflect.Method.invoke(Method.java:580)
	at org.springframework.boot.loader.MainMethodRunner.run(MainMethodRunner.java:49)
	at org.springframework.boot.loader.Launcher.launch(Launcher.java:108)
	at org.springframework.boot.loader.Launcher.launch(Launcher.java:58)
	at org.springframework.boot.loader.JarLauncher.main(JarLauncher.java:65)
2026-08-17 10:08:28.660 [main] INFO  org.quartz.core.QuartzScheduler:740 - Scheduler MyScheduler_$_DESKTOP-7A7ENNC1786932508650 shutdown complete.
2026-08-17 10:08:28.662 [main] WARN  o.s.b.w.s.c.AnnotationConfigServletWebServerApplicationContext:599 - Exception encountered during context initialization - cancelling refresh attempt: org.springframework.beans.factory.UnsatisfiedDependencyException: Error creating bean with name 'quartzJobController': Unsatisfied dependency expressed through field 'quartzJobService'; nested exception is org.springframework.beans.factory.UnsatisfiedDependencyException: Error creating bean with name 'quartzJobServiceImpl': Unsatisfied dependency expressed through field 'scheduler'; nested exception is org.springframework.beans.factory.BeanCreationException: Error creating bean with name 'quartzScheduler' defined in class path resource [org/springframework/boot/autoconfigure/quartz/QuartzAutoConfiguration.class]: Invocation of init method failed; nested exception is org.quartz.SchedulerConfigException: DataSource name not set.
2026-08-17 10:08:28.665 [main] INFO  c.b.dynamic.datasource.DynamicRoutingDataSource:217 - dynamic-datasource start closing ....
2026-08-17 10:08:28.667 [main] INFO  com.alibaba.druid.pool.DruidDataSource:2174 - {dataSource-1} closing ...
2026-08-17 10:08:28.672 [main] INFO  com.alibaba.druid.pool.DruidDataSource:2247 - {dataSource-1} closed
2026-08-17 10:08:28.672 [main] INFO  c.b.dynamic.datasource.DynamicRoutingDataSource:221 - dynamic-datasource all closed success,bye
2026-08-17 10:08:28.682 [main] INFO  org.apache.catalina.core.StandardService:173 - Stopping service [Tomcat]
2026-08-17 10:08:28.718 [main] INFO  o.s.b.a.l.ConditionEvaluationReportLoggingListener:136 - 

Error starting ApplicationContext. To display the conditions report re-run your application with 'debug' enabled.
2026-08-17 10:08:28.736 [main] ERROR org.springframework.boot.SpringApplication:818 - Application run failed
org.springframework.beans.factory.UnsatisfiedDependencyException: Error creating bean with name 'quartzJobController': Unsatisfied dependency expressed through field 'quartzJobService'; nested exception is org.springframework.beans.factory.UnsatisfiedDependencyException: Error creating bean with name 'quartzJobServiceImpl': Unsatisfied dependency expressed through field 'scheduler'; nested exception is org.springframework.beans.factory.BeanCreationException: Error creating bean with name 'quartzScheduler' defined in class path resource [org/springframework/boot/autoconfigure/quartz/QuartzAutoConfiguration.class]: Invocation of init method failed; nested exception is org.quartz.SchedulerConfigException: DataSource name not set.
	at org.springframework.beans.factory.annotation.AutowiredAnnotationBeanPostProcessor$AutowiredFieldElement.resolveFieldValue(AutowiredAnnotationBeanPostProcessor.java:713)
	at org.springframework.beans.factory.annotation.AutowiredAnnotationBeanPostProcessor$AutowiredFieldElement.inject(AutowiredAnnotationBeanPostProcessor.java:693)
	at org.springframework.beans.factory.annotation.InjectionMetadata.inject(InjectionMetadata.java:119)
	at org.springframework.beans.factory.annotation.AutowiredAnnotationBeanPostProcessor.postProcessProperties(AutowiredAnnotationBeanPostProcessor.java:408)
	at org.springframework.beans.factory.support.AbstractAutowireCapableBeanFactory.populateBean(AbstractAutowireCapableBeanFactory.java:1431)
	at org.springframework.beans.factory.support.AbstractAutowireCapableBeanFactory.doCreateBean(AbstractAutowireCapableBeanFactory.java:619)
	at org.springframework.beans.factory.support.AbstractAutowireCapableBeanFactory.createBean(AbstractAutowireCapableBeanFactory.java:542)
	at org.springframework.beans.factory.support.AbstractBeanFactory.lambda$doGetBean$0(AbstractBeanFactory.java:335)
	at org.springframework.beans.factory.support.DefaultSingletonBeanRegistry.getSingleton(DefaultSingletonBeanRegistry.java:234)
	at org.springframework.beans.factory.support.AbstractBeanFactory.doGetBean(AbstractBeanFactory.java:333)
	at org.springframework.beans.factory.support.AbstractBeanFactory.getBean(AbstractBeanFactory.java:208)
	at org.springframework.beans.factory.support.DefaultListableBeanFactory.preInstantiateSingletons(DefaultListableBeanFactory.java:955)
	at org.springframework.context.support.AbstractApplicationContext.finishBeanFactoryInitialization(AbstractApplicationContext.java:929)
	at org.springframework.context.support.AbstractApplicationContext.refresh(AbstractApplicationContext.java:591)
	at org.springframework.boot.web.servlet.context.ServletWebServerApplicationContext.refresh(ServletWebServerApplicationContext.java:147)
	at org.springframework.boot.SpringApplication.refresh(SpringApplication.java:732)
	at org.springframework.boot.SpringApplication.refreshContext(SpringApplication.java:409)
	at org.springframework.boot.SpringApplication.run(SpringApplication.java:308)
	at org.springframework.boot.SpringApplication.run(SpringApplication.java:1300)
	at org.springframework.boot.SpringApplication.run(SpringApplication.java:1289)
	at org.jeecg.JeecgSystemApplication.main(JeecgSystemApplication.java:37)
	at java.base/jdk.internal.reflect.DirectMethodHandleAccessor.invoke(DirectMethodHandleAccessor.java:103)
	at java.base/java.lang.reflect.Method.invoke(Method.java:580)
	at org.springframework.boot.loader.MainMethodRunner.run(MainMethodRunner.java:49)
	at org.springframework.boot.loader.Launcher.launch(Launcher.java:108)
	at org.springframework.boot.loader.Launcher.launch(Launcher.java:58)
	at org.springframework.boot.loader.JarLauncher.main(JarLauncher.java:65)
Caused by: org.springframework.beans.factory.UnsatisfiedDependencyException: Error creating bean with name 'quartzJobServiceImpl': Unsatisfied dependency expressed through field 'scheduler'; nested exception is org.springframework.beans.factory.BeanCreationException: Error creating bean with name 'quartzScheduler' defined in class path resource [org/springframework/boot/autoconfigure/quartz/QuartzAutoConfiguration.class]: Invocation of init method failed; nested exception is org.quartz.SchedulerConfigException: DataSource name not set.
	at org.springframework.beans.factory.annotation.AutowiredAnnotationBeanPostProcessor$AutowiredFieldElement.resolveFieldValue(AutowiredAnnotationBeanPostProcessor.java:713)
	at org.springframework.beans.factory.annotation.AutowiredAnnotationBeanPostProcessor$AutowiredFieldElement.inject(AutowiredAnnotationBeanPostProcessor.java:693)
	at org.springframework.beans.factory.annotation.InjectionMetadata.inject(InjectionMetadata.java:119)
	at org.springframework.beans.factory.annotation.AutowiredAnnotationBeanPostProcessor.postProcessProperties(AutowiredAnnotationBeanPostProcessor.java:408)
	at org.springframework.beans.factory.support.AbstractAutowireCapableBeanFactory.populateBean(AbstractAutowireCapableBeanFactory.java:1431)
	at org.springframework.beans.factory.support.AbstractAutowireCapableBeanFactory.doCreateBean(AbstractAutowireCapableBeanFactory.java:619)
	at org.springframework.beans.factory.support.AbstractAutowireCapableBeanFactory.createBean(AbstractAutowireCapableBeanFactory.java:542)
	at org.springframework.beans.factory.support.AbstractBeanFactory.lambda$doGetBean$0(AbstractBeanFactory.java:335)
	at org.springframework.beans.factory.support.DefaultSingletonBeanRegistry.getSingleton(DefaultSingletonBeanRegistry.java:234)
	at org.springframework.beans.factory.support.AbstractBeanFactory.doGetBean(AbstractBeanFactory.java:333)
	at org.springframework.beans.factory.support.AbstractBeanFactory.getBean(AbstractBeanFactory.java:208)
	at org.springframework.beans.factory.config.DependencyDescriptor.resolveCandidate(DependencyDescriptor.java:276)
	at org.springframework.beans.factory.support.DefaultListableBeanFactory.doResolveDependency(DefaultListableBeanFactory.java:1391)
	at org.springframework.beans.factory.support.DefaultListableBeanFactory.resolveDependency(DefaultListableBeanFactory.java:1311)
	at org.springframework.beans.factory.annotation.AutowiredAnnotationBeanPostProcessor$AutowiredFieldElement.resolveFieldValue(AutowiredAnnotationBeanPostProcessor.java:710)
	... 26 common frames omitted
Caused by: org.springframework.beans.factory.BeanCreationException: Error creating bean with name 'quartzScheduler' defined in class path resource [org/springframework/boot/autoconfigure/quartz/QuartzAutoConfiguration.class]: Invocation of init method failed; nested exception is org.quartz.SchedulerConfigException: DataSource name not set.
	at org.springframework.beans.factory.support.AbstractAutowireCapableBeanFactory.initializeBean(AbstractAutowireCapableBeanFactory.java:1804)
	at org.springframework.beans.factory.support.AbstractAutowireCapableBeanFactory.doCreateBean(AbstractAutowireCapableBeanFactory.java:620)
	at org.springframework.beans.factory.support.AbstractAutowireCapableBeanFactory.createBean(AbstractAutowireCapableBeanFactory.java:542)
	at org.springframework.beans.factory.support.AbstractBeanFactory.lambda$doGetBean$0(AbstractBeanFactory.java:335)
	at org.springframework.beans.factory.support.DefaultSingletonBeanRegistry.getSingleton(DefaultSingletonBeanRegistry.java:234)
	at org.springframework.beans.factory.support.AbstractBeanFactory.doGetBean(AbstractBeanFactory.java:333)
	at org.springframework.beans.factory.support.AbstractBeanFactory.getBean(AbstractBeanFactory.java:208)
	at org.springframework.beans.factory.config.DependencyDescriptor.resolveCandidate(DependencyDescriptor.java:276)
	at org.springframework.beans.factory.support.DefaultListableBeanFactory.doResolveDependency(DefaultListableBeanFactory.java:1391)
	at org.springframework.beans.factory.support.DefaultListableBeanFactory.resolveDependency(DefaultListableBeanFactory.java:1311)
	at org.springframework.beans.factory.annotation.AutowiredAnnotationBeanPostProcessor$AutowiredFieldElement.resolveFieldValue(AutowiredAnnotationBeanPostProcessor.java:710)
	... 40 common frames omitted
Caused by: org.quartz.SchedulerConfigException: DataSource name not set.
	at org.quartz.impl.jdbcjobstore.JobStoreSupport.initialize(JobStoreSupport.java:643)
	at org.quartz.impl.jdbcjobstore.JobStoreTX.initialize(JobStoreTX.java:57)
	at org.quartz.impl.StdSchedulerFactory.instantiate(StdSchedulerFactory.java:1368)
	at org.quartz.impl.StdSchedulerFactory.getScheduler(StdSchedulerFactory.java:1579)
	at org.springframework.scheduling.quartz.SchedulerFactoryBean.createScheduler(SchedulerFactoryBean.java:679)
	at org.springframework.scheduling.quartz.SchedulerFactoryBean.prepareScheduler(SchedulerFactoryBean.java:616)
	at org.springframework.scheduling.quartz.SchedulerFactoryBean.afterPropertiesSet(SchedulerFactoryBean.java:504)
	at org.springframework.beans.factory.support.AbstractAutowireCapableBeanFactory.invokeInitMethods(AbstractAutowireCapableBeanFactory.java:1863)
	at org.springframework.beans.factory.support.AbstractAutowireCapableBeanFactory.initializeBean(AbstractAutowireCapableBeanFactory.java:1800)
	... 50 common frames omitted
2026-08-17 10:13:05.108 [background-preinit] INFO  org.hibernate.validator.internal.util.Version:21 - HV000001: Hibernate Validator 6.2.5.Final
2026-08-17 10:13:05.135 [main] INFO  org.jeecg.JeecgSystemApplication:55 - Starting JeecgSystemApplication v2.4.6 using Java 21.0.9 on DESKTOP-7A7ENNC with PID 49632 (D:\工作文档\软件工程教研室\2026\2026-2027（1）学期\软件工程技术综合实践\餐饮业油烟监控平台\后端代码\psms\jeecg-boot-module-system\target\jeecg-boot-module-system-2.4.6.jar started by HP in D:\工作文档\软件工程教研室\2026\2026-2027（1）学期\软件工程技术综合实践\餐饮业油烟监控平台\后端代码\psms\jeecg-boot-module-system\target)
2026-08-17 10:13:05.136 [main] INFO  org.jeecg.JeecgSystemApplication:638 - The following 1 profile is active: "dev"
2026-08-17 10:13:06.603 [main] INFO  o.s.d.r.config.RepositoryConfigurationDelegate:262 - Multiple Spring Data modules found, entering strict repository configuration mode
2026-08-17 10:13:06.605 [main] INFO  o.s.d.r.config.RepositoryConfigurationDelegate:132 - Bootstrapping Spring Data Redis repositories in DEFAULT mode.
2026-08-17 10:13:06.661 [main] INFO  o.s.d.r.config.RepositoryConfigurationDelegate:201 - Finished Spring Data repository scanning in 46 ms. Found 0 Redis repository interfaces.
2026-08-17 10:13:06.749 [main] INFO  o.j.minidao.auto.MinidaoAutoConfiguration:23 -  ******************* init miniDao config [ begin ] *********************** 
2026-08-17 10:13:06.749 [main] INFO  o.j.minidao.auto.MinidaoAutoConfiguration:25 -  ------ minidao.base-package ------- org.jeecg.modules.jmreport.*
2026-08-17 10:13:06.750 [main] INFO  o.j.minidao.auto.MinidaoAutoConfiguration:42 -  *******************  init miniDao config  [ end ] *********************** 
2026-08-17 10:13:06.793 [main] INFO  o.j.minidao.factory.MiniDaoClassPathMapperScanner:48 - register minidao name is { org.jeecg.modules.jmreport.desreport.dao.JimuReportDao }
2026-08-17 10:13:06.794 [main] INFO  o.j.minidao.factory.MiniDaoClassPathMapperScanner:48 - register minidao name is { org.jeecg.modules.jmreport.desreport.dao.JimuReportDataSourceDao }
2026-08-17 10:13:06.794 [main] INFO  o.j.minidao.factory.MiniDaoClassPathMapperScanner:48 - register minidao name is { org.jeecg.modules.jmreport.desreport.dao.JimuReportDbDao }
2026-08-17 10:13:06.795 [main] INFO  o.j.minidao.factory.MiniDaoClassPathMapperScanner:48 - register minidao name is { org.jeecg.modules.jmreport.desreport.dao.JimuReportDbFieldDao }
2026-08-17 10:13:06.795 [main] INFO  o.j.minidao.factory.MiniDaoClassPathMapperScanner:48 - register minidao name is { org.jeecg.modules.jmreport.desreport.dao.JimuReportDbParamDao }
2026-08-17 10:13:06.795 [main] INFO  o.j.minidao.factory.MiniDaoClassPathMapperScanner:48 - register minidao name is { org.jeecg.modules.jmreport.desreport.dao.JimuReportDictDao }
2026-08-17 10:13:06.795 [main] INFO  o.j.minidao.factory.MiniDaoClassPathMapperScanner:48 - register minidao name is { org.jeecg.modules.jmreport.desreport.dao.JimuReportDictItemDao }
2026-08-17 10:13:06.796 [main] INFO  o.j.minidao.factory.MiniDaoClassPathMapperScanner:48 - register minidao name is { org.jeecg.modules.jmreport.desreport.dao.JimuReportLinkDao }
2026-08-17 10:13:06.796 [main] INFO  o.j.minidao.factory.MiniDaoClassPathMapperScanner:48 - register minidao name is { org.jeecg.modules.jmreport.desreport.dao.JimuReportMapDao }
2026-08-17 10:13:06.796 [main] INFO  o.j.minidao.factory.MiniDaoClassPathMapperScanner:48 - register minidao name is { org.jeecg.modules.jmreport.desreport.dao.JimuReportShareDao }
2026-08-17 10:13:07.064 [main] INFO  o.s.c.s.PostProcessorRegistrationDelegate$BeanPostProcessorChecker:376 - Bean '(inner bean)#4a9f80d3' of type [org.jeecgframework.minidao.aop.MiniDaoHandler] is not eligible for getting processed by all BeanPostProcessors (for example: not eligible for auto-proxying)
2026-08-17 10:13:07.070 [main] INFO  o.s.c.s.PostProcessorRegistrationDelegate$BeanPostProcessorChecker:376 - Bean 'jimuReportDao' of type [org.jeecgframework.minidao.factory.MiniDaoBeanFactory] is not eligible for getting processed by all BeanPostProcessors (for example: not eligible for auto-proxying)
2026-08-17 10:13:07.071 [main] INFO  o.s.c.s.PostProcessorRegistrationDelegate$BeanPostProcessorChecker:376 - Bean '(inner bean)#4a9f80d3#1' of type [org.jeecgframework.minidao.aop.MiniDaoHandler] is not eligible for getting processed by all BeanPostProcessors (for example: not eligible for auto-proxying)
2026-08-17 10:13:07.072 [main] INFO  o.s.c.s.PostProcessorRegistrationDelegate$BeanPostProcessorChecker:376 - Bean 'jimuReportDataSourceDao' of type [org.jeecgframework.minidao.factory.MiniDaoBeanFactory] is not eligible for getting processed by all BeanPostProcessors (for example: not eligible for auto-proxying)
2026-08-17 10:13:07.073 [main] INFO  o.s.c.s.PostProcessorRegistrationDelegate$BeanPostProcessorChecker:376 - Bean '(inner bean)#4a9f80d3#2' of type [org.jeecgframework.minidao.aop.MiniDaoHandler] is not eligible for getting processed by all BeanPostProcessors (for example: not eligible for auto-proxying)
2026-08-17 10:13:07.074 [main] INFO  o.s.c.s.PostProcessorRegistrationDelegate$BeanPostProcessorChecker:376 - Bean 'jimuReportDbDao' of type [org.jeecgframework.minidao.factory.MiniDaoBeanFactory] is not eligible for getting processed by all BeanPostProcessors (for example: not eligible for auto-proxying)
2026-08-17 10:13:07.075 [main] INFO  o.s.c.s.PostProcessorRegistrationDelegate$BeanPostProcessorChecker:376 - Bean '(inner bean)#4a9f80d3#3' of type [org.jeecgframework.minidao.aop.MiniDaoHandler] is not eligible for getting processed by all BeanPostProcessors (for example: not eligible for auto-proxying)
2026-08-17 10:13:07.075 [main] INFO  o.s.c.s.PostProcessorRegistrationDelegate$BeanPostProcessorChecker:376 - Bean 'jimuReportDbFieldDao' of type [org.jeecgframework.minidao.factory.MiniDaoBeanFactory] is not eligible for getting processed by all BeanPostProcessors (for example: not eligible for auto-proxying)
2026-08-17 10:13:07.076 [main] INFO  o.s.c.s.PostProcessorRegistrationDelegate$BeanPostProcessorChecker:376 - Bean '(inner bean)#4a9f80d3#4' of type [org.jeecgframework.minidao.aop.MiniDaoHandler] is not eligible for getting processed by all BeanPostProcessors (for example: not eligible for auto-proxying)
2026-08-17 10:13:07.077 [main] INFO  o.s.c.s.PostProcessorRegistrationDelegate$BeanPostProcessorChecker:376 - Bean 'jimuReportDbParamDao' of type [org.jeecgframework.minidao.factory.MiniDaoBeanFactory] is not eligible for getting processed by all BeanPostProcessors (for example: not eligible for auto-proxying)
2026-08-17 10:13:07.077 [main] INFO  o.s.c.s.PostProcessorRegistrationDelegate$BeanPostProcessorChecker:376 - Bean '(inner bean)#4a9f80d3#5' of type [org.jeecgframework.minidao.aop.MiniDaoHandler] is not eligible for getting processed by all BeanPostProcessors (for example: not eligible for auto-proxying)
2026-08-17 10:13:07.079 [main] INFO  o.s.c.s.PostProcessorRegistrationDelegate$BeanPostProcessorChecker:376 - Bean 'jimuReportDictDao' of type [org.jeecgframework.minidao.factory.MiniDaoBeanFactory] is not eligible for getting processed by all BeanPostProcessors (for example: not eligible for auto-proxying)
2026-08-17 10:13:07.080 [main] INFO  o.s.c.s.PostProcessorRegistrationDelegate$BeanPostProcessorChecker:376 - Bean '(inner bean)#4a9f80d3#6' of type [org.jeecgframework.minidao.aop.MiniDaoHandler] is not eligible for getting processed by all BeanPostProcessors (for example: not eligible for auto-proxying)
2026-08-17 10:13:07.081 [main] INFO  o.s.c.s.PostProcessorRegistrationDelegate$BeanPostProcessorChecker:376 - Bean 'jimuReportDictItemDao' of type [org.jeecgframework.minidao.factory.MiniDaoBeanFactory] is not eligible for getting processed by all BeanPostProcessors (for example: not eligible for auto-proxying)
2026-08-17 10:13:07.082 [main] INFO  o.s.c.s.PostProcessorRegistrationDelegate$BeanPostProcessorChecker:376 - Bean '(inner bean)#4a9f80d3#7' of type [org.jeecgframework.minidao.aop.MiniDaoHandler] is not eligible for getting processed by all BeanPostProcessors (for example: not eligible for auto-proxying)
2026-08-17 10:13:07.083 [main] INFO  o.s.c.s.PostProcessorRegistrationDelegate$BeanPostProcessorChecker:376 - Bean 'jimuReportLinkDao' of type [org.jeecgframework.minidao.factory.MiniDaoBeanFactory] is not eligible for getting processed by all BeanPostProcessors (for example: not eligible for auto-proxying)
2026-08-17 10:13:07.083 [main] INFO  o.s.c.s.PostProcessorRegistrationDelegate$BeanPostProcessorChecker:376 - Bean '(inner bean)#4a9f80d3#8' of type [org.jeecgframework.minidao.aop.MiniDaoHandler] is not eligible for getting processed by all BeanPostProcessors (for example: not eligible for auto-proxying)
2026-08-17 10:13:07.084 [main] INFO  o.s.c.s.PostProcessorRegistrationDelegate$BeanPostProcessorChecker:376 - Bean 'jimuReportMapDao' of type [org.jeecgframework.minidao.factory.MiniDaoBeanFactory] is not eligible for getting processed by all BeanPostProcessors (for example: not eligible for auto-proxying)
2026-08-17 10:13:07.085 [main] INFO  o.s.c.s.PostProcessorRegistrationDelegate$BeanPostProcessorChecker:376 - Bean '(inner bean)#4a9f80d3#9' of type [org.jeecgframework.minidao.aop.MiniDaoHandler] is not eligible for getting processed by all BeanPostProcessors (for example: not eligible for auto-proxying)
2026-08-17 10:13:07.085 [main] INFO  o.s.c.s.PostProcessorRegistrationDelegate$BeanPostProcessorChecker:376 - Bean 'jimuReportShareDao' of type [org.jeecgframework.minidao.factory.MiniDaoBeanFactory] is not eligible for getting processed by all BeanPostProcessors (for example: not eligible for auto-proxying)
2026-08-17 10:13:07.107 [main] INFO  o.s.c.s.PostProcessorRegistrationDelegate$BeanPostProcessorChecker:376 - Bean 'spring.redis-org.springframework.boot.autoconfigure.data.redis.RedisProperties' of type [org.springframework.boot.autoconfigure.data.redis.RedisProperties] is not eligible for getting processed by all BeanPostProcessors (for example: not eligible for auto-proxying)
2026-08-17 10:13:07.110 [main] INFO  o.s.c.s.PostProcessorRegistrationDelegate$BeanPostProcessorChecker:376 - Bean 'org.springframework.boot.autoconfigure.data.redis.LettuceConnectionConfiguration' of type [org.springframework.boot.autoconfigure.data.redis.LettuceConnectionConfiguration] is not eligible for getting processed by all BeanPostProcessors (for example: not eligible for auto-proxying)
2026-08-17 10:13:07.122 [main] INFO  o.s.c.s.PostProcessorRegistrationDelegate$BeanPostProcessorChecker:376 - Bean 'org.springframework.boot.actuate.autoconfigure.metrics.redis.LettuceMetricsAutoConfiguration' of type [org.springframework.boot.actuate.autoconfigure.metrics.redis.LettuceMetricsAutoConfiguration] is not eligible for getting processed by all BeanPostProcessors (for example: not eligible for auto-proxying)
2026-08-17 10:13:07.123 [main] INFO  o.s.c.s.PostProcessorRegistrationDelegate$BeanPostProcessorChecker:376 - Bean 'org.springframework.boot.actuate.autoconfigure.metrics.export.simple.SimpleMetricsExportAutoConfiguration' of type [org.springframework.boot.actuate.autoconfigure.metrics.export.simple.SimpleMetricsExportAutoConfiguration] is not eligible for getting processed by all BeanPostProcessors (for example: not eligible for auto-proxying)
2026-08-17 10:13:07.126 [main] INFO  o.s.c.s.PostProcessorRegistrationDelegate$BeanPostProcessorChecker:376 - Bean 'management.metrics.export.simple-org.springframework.boot.actuate.autoconfigure.metrics.export.simple.SimpleProperties' of type [org.springframework.boot.actuate.autoconfigure.metrics.export.simple.SimpleProperties] is not eligible for getting processed by all BeanPostProcessors (for example: not eligible for auto-proxying)
2026-08-17 10:13:07.129 [main] INFO  o.s.c.s.PostProcessorRegistrationDelegate$BeanPostProcessorChecker:376 - Bean 'simpleConfig' of type [org.springframework.boot.actuate.autoconfigure.metrics.export.simple.SimplePropertiesConfigAdapter] is not eligible for getting processed by all BeanPostProcessors (for example: not eligible for auto-proxying)
2026-08-17 10:13:07.130 [main] INFO  o.s.c.s.PostProcessorRegistrationDelegate$BeanPostProcessorChecker:376 - Bean 'org.springframework.boot.actuate.autoconfigure.metrics.MetricsAutoConfiguration' of type [org.springframework.boot.actuate.autoconfigure.metrics.MetricsAutoConfiguration] is not eligible for getting processed by all BeanPostProcessors (for example: not eligible for auto-proxying)
2026-08-17 10:13:07.130 [main] INFO  o.s.c.s.PostProcessorRegistrationDelegate$BeanPostProcessorChecker:376 - Bean 'micrometerClock' of type [io.micrometer.core.instrument.Clock$1] is not eligible for getting processed by all BeanPostProcessors (for example: not eligible for auto-proxying)
2026-08-17 10:13:07.140 [main] INFO  o.s.c.s.PostProcessorRegistrationDelegate$BeanPostProcessorChecker:376 - Bean 'simpleMeterRegistry' of type [io.micrometer.core.instrument.simple.SimpleMeterRegistry] is not eligible for getting processed by all BeanPostProcessors (for example: not eligible for auto-proxying)
2026-08-17 10:13:07.143 [main] INFO  o.s.c.s.PostProcessorRegistrationDelegate$BeanPostProcessorChecker:376 - Bean 'micrometerOptions' of type [io.lettuce.core.metrics.MicrometerOptions] is not eligible for getting processed by all BeanPostProcessors (for example: not eligible for auto-proxying)
2026-08-17 10:13:07.144 [main] INFO  o.s.c.s.PostProcessorRegistrationDelegate$BeanPostProcessorChecker:376 - Bean 'lettuceMetrics' of type [org.springframework.boot.actuate.autoconfigure.metrics.redis.LettuceMetricsAutoConfiguration$$Lambda/0x0000021e8149ae98] is not eligible for getting processed by all BeanPostProcessors (for example: not eligible for auto-proxying)
2026-08-17 10:13:07.247 [main] INFO  o.s.c.s.PostProcessorRegistrationDelegate$BeanPostProcessorChecker:376 - Bean 'lettuceClientResources' of type [io.lettuce.core.resource.DefaultClientResources] is not eligible for getting processed by all BeanPostProcessors (for example: not eligible for auto-proxying)
2026-08-17 10:13:07.296 [main] INFO  o.s.c.s.PostProcessorRegistrationDelegate$BeanPostProcessorChecker:376 - Bean 'redisConnectionFactory' of type [org.springframework.data.redis.connection.lettuce.LettuceConnectionFactory] is not eligible for getting processed by all BeanPostProcessors (for example: not eligible for auto-proxying)
2026-08-17 10:13:07.298 [main] INFO  o.s.c.s.PostProcessorRegistrationDelegate$BeanPostProcessorChecker:376 - Bean 'shiroConfig' of type [org.jeecg.config.shiro.ShiroConfig$$EnhancerBySpringCGLIB$$4868f10] is not eligible for getting processed by all BeanPostProcessors (for example: not eligible for auto-proxying)
2026-08-17 10:13:07.522 [main] INFO  o.s.c.s.PostProcessorRegistrationDelegate$BeanPostProcessorChecker:376 - Bean 'spring.datasource.dynamic-com.baomidou.dynamic.datasource.spring.boot.autoconfigure.DynamicDataSourceProperties' of type [com.baomidou.dynamic.datasource.spring.boot.autoconfigure.DynamicDataSourceProperties] is not eligible for getting processed by all BeanPostProcessors (for example: not eligible for auto-proxying)
2026-08-17 10:13:07.527 [main] INFO  o.s.c.s.PostProcessorRegistrationDelegate$BeanPostProcessorChecker:376 - Bean 'com.baomidou.dynamic.datasource.spring.boot.autoconfigure.DynamicDataSourceAutoConfiguration' of type [com.baomidou.dynamic.datasource.spring.boot.autoconfigure.DynamicDataSourceAutoConfiguration$$EnhancerBySpringCGLIB$$ed8b7e8] is not eligible for getting processed by all BeanPostProcessors (for example: not eligible for auto-proxying)
2026-08-17 10:13:07.535 [main] INFO  o.s.c.s.PostProcessorRegistrationDelegate$BeanPostProcessorChecker:376 - Bean 'dsProcessor' of type [com.baomidou.dynamic.datasource.processor.DsHeaderProcessor] is not eligible for getting processed by all BeanPostProcessors (for example: not eligible for auto-proxying)
2026-08-17 10:13:07.582 [main] INFO  o.s.c.s.PostProcessorRegistrationDelegate$BeanPostProcessorChecker:376 - Bean 'shiroRealm' of type [org.jeecg.config.shiro.ShiroRealm] is not eligible for getting processed by all BeanPostProcessors (for example: not eligible for auto-proxying)
2026-08-17 10:13:07.681 [main] INFO  org.jeecg.config.shiro.ShiroConfig:215 - ===============(1)创建缓存管理器RedisCacheManager
2026-08-17 10:13:07.683 [main] INFO  org.jeecg.config.shiro.ShiroConfig:233 - ===============(2)创建RedisManager,连接Redis..
2026-08-17 10:13:07.685 [main] INFO  o.s.c.s.PostProcessorRegistrationDelegate$BeanPostProcessorChecker:376 - Bean 'redisManager' of type [org.crazycake.shiro.RedisManager] is not eligible for getting processed by all BeanPostProcessors (for example: not eligible for auto-proxying)
2026-08-17 10:13:07.690 [main] INFO  o.s.c.s.PostProcessorRegistrationDelegate$BeanPostProcessorChecker:376 - Bean 'securityManager' of type [org.apache.shiro.web.mgt.DefaultWebSecurityManager] is not eligible for getting processed by all BeanPostProcessors (for example: not eligible for auto-proxying)
2026-08-17 10:13:07.712 [main] INFO  o.s.c.s.PostProcessorRegistrationDelegate$BeanPostProcessorChecker:376 - Bean 'authorizationAttributeSourceAdvisor' of type [org.apache.shiro.spring.security.interceptor.AuthorizationAttributeSourceAdvisor] is not eligible for getting processed by all BeanPostProcessors (for example: not eligible for auto-proxying)
2026-08-17 10:13:07.737 [main] INFO  o.s.c.s.PostProcessorRegistrationDelegate$BeanPostProcessorChecker:376 - Bean 'org.apache.shiro.spring.boot.autoconfigure.ShiroBeanAutoConfiguration' of type [org.apache.shiro.spring.boot.autoconfigure.ShiroBeanAutoConfiguration$$EnhancerBySpringCGLIB$$b86324c7] is not eligible for getting processed by all BeanPostProcessors (for example: not eligible for auto-proxying)
2026-08-17 10:13:07.741 [main] INFO  o.s.c.s.PostProcessorRegistrationDelegate$BeanPostProcessorChecker:376 - Bean 'eventBus' of type [org.apache.shiro.event.support.DefaultEventBus] is not eligible for getting processed by all BeanPostProcessors (for example: not eligible for auto-proxying)
2026-08-17 10:13:08.186 [main] INFO  o.s.boot.web.embedded.tomcat.TomcatWebServer:108 - Tomcat initialized with port(s): 8080 (http)
2026-08-17 10:13:08.193 [main] INFO  org.apache.coyote.http11.Http11NioProtocol:173 - Initializing ProtocolHandler ["http-nio-8080"]
2026-08-17 10:13:08.194 [main] INFO  org.apache.catalina.core.StandardService:173 - Starting service [Tomcat]
2026-08-17 10:13:08.195 [main] INFO  org.apache.catalina.core.StandardEngine:173 - Starting Servlet engine: [Apache Tomcat/9.0.83]
2026-08-17 10:13:08.239 [main] INFO  o.a.c.c.ContainerBase.[Tomcat].[localhost].[/psms]:173 - Initializing Spring embedded WebApplicationContext
2026-08-17 10:13:08.239 [main] INFO  o.s.b.w.s.c.ServletWebServerApplicationContext:292 - Root WebApplicationContext: initialization completed in 3065 ms
2026-08-17 10:13:09.117 [main] INFO  com.alibaba.druid.pool.DruidDataSource:1009 - {dataSource-1,master} inited
2026-08-17 10:13:09.117 [main] INFO  c.b.dynamic.datasource.DynamicRoutingDataSource:132 - dynamic-datasource - load a datasource named [master] success
2026-08-17 10:13:09.119 [main] INFO  c.b.dynamic.datasource.DynamicRoutingDataSource:237 - dynamic-datasource initial loaded [1] datasource,primary datasource named [master]
2026-08-17 10:13:09.635 [main] ERROR com.baomidou.mybatisplus.core.MybatisConfiguration:100 - mapper[org.jeecg.modules.psms.analyse.mapper.AnalyseMapper.moreNum] is ignored, because it exists, maybe from xml file
2026-08-17 10:13:09.640 [main] WARN  c.b.mybatisplus.core.metadata.TableInfoHelper:335 - Can not find table primary key in Class: "java.util.Map".
2026-08-17 10:13:10.446 [main] INFO  org.jeecg.common.modules.redis.config.RedisConfig:76 -  --- redis config init --- 
2026-08-17 10:13:11.740 [main] INFO  org.quartz.impl.StdSchedulerFactory:1220 - Using default implementation for ThreadExecutor
2026-08-17 10:13:11.747 [main] INFO  org.quartz.simpl.SimpleThreadPool:268 - Job execution threads will use class loader of thread: main
2026-08-17 10:13:11.769 [main] INFO  org.quartz.core.SchedulerSignalerImpl:61 - Initialized Scheduler Signaller of type: class org.quartz.core.SchedulerSignalerImpl
2026-08-17 10:13:11.769 [main] INFO  org.quartz.core.QuartzScheduler:229 - Quartz Scheduler v.2.3.2 created.
2026-08-17 10:13:11.775 [main] INFO  o.s.scheduling.quartz.LocalDataSourceJobStore:672 - Using db table-based data access locking (synchronization).
2026-08-17 10:13:11.778 [main] INFO  o.s.scheduling.quartz.LocalDataSourceJobStore:145 - JobStoreCMT initialized.
2026-08-17 10:13:11.779 [main] INFO  org.quartz.core.QuartzScheduler:294 - Scheduler meta-data: Quartz Scheduler (v2.3.2) 'MyScheduler' with instanceId 'DESKTOP-7A7ENNC1786932791743'
  Scheduler class: 'org.quartz.core.QuartzScheduler' - running locally.
  NOT STARTED.
  Currently in standby mode.
  Number of jobs executed: 0
  Using thread pool 'org.quartz.simpl.SimpleThreadPool' - with 10 threads.
  Using job-store 'org.springframework.scheduling.quartz.LocalDataSourceJobStore' - which supports persistence. and is clustered.

2026-08-17 10:13:11.780 [main] INFO  org.quartz.impl.StdSchedulerFactory:1374 - Quartz scheduler 'MyScheduler' initialized from an externally provided properties instance.
2026-08-17 10:13:11.780 [main] INFO  org.quartz.impl.StdSchedulerFactory:1378 - Quartz scheduler version: 2.3.2
2026-08-17 10:13:11.780 [main] INFO  org.quartz.core.QuartzScheduler:2293 - JobFactory set to: org.springframework.scheduling.quartz.SpringBeanJobFactory@3b009e7b
2026-08-17 10:13:12.504 [main] INFO  o.j.m.jmreport.config.JimuReportConfiguration:55 -  --- Init JimuReport Config --- 
2026-08-17 10:13:13.172 [main] INFO  o.s.b.actuate.endpoint.web.EndpointLinksResolver:58 - Exposing 2 endpoint(s) beneath base path '/actuator'
2026-08-17 10:13:13.269 [main] INFO  org.jeecg.config.init.CodeGenerateDbConfig:46 -  代码生成器数据库连接，使用application.yml的DB配置 ###################
2026-08-17 10:13:13.308 [main] INFO  s.d.s.w.WebMvcPropertySourcedRequestMappingHandlerMapping:69 - Mapped URL path [/v2/api-docs] onto method [springfox.documentation.swagger2.web.Swagger2ControllerWebMvc#getDocumentation(String, HttpServletRequest)]
2026-08-17 10:13:13.395 [main] INFO  o.j.modules.jmreport.config.JmReportExecutorConfig:21 - ---创建线程池---
2026-08-17 10:13:13.613 [main] INFO  o.s.b.a.web.servlet.WelcomePageHandlerMapping:60 - Adding welcome page: class path resource [static/index.html]
2026-08-17 10:13:13.753 [main] WARN  o.s.b.w.s.c.AnnotationConfigServletWebServerApplicationContext:599 - Exception encountered during context initialization - cancelling refresh attempt: org.springframework.beans.factory.BeanCreationException: Error creating bean with name 'org.springframework.boot.actuate.autoconfigure.metrics.cache.CacheMetricsRegistrarConfiguration': Bean instantiation via constructor failed; nested exception is org.springframework.beans.BeanInstantiationException: Failed to instantiate [org.springframework.boot.actuate.autoconfigure.metrics.cache.CacheMetricsRegistrarConfiguration]: Constructor threw exception; nested exception is java.lang.NullPointerException: Cannot invoke "org.springframework.data.redis.cache.CacheStatistics.getMisses()" because the return value of "org.springframework.data.redis.cache.RedisCache.getStatistics()" is null
2026-08-17 10:13:13.756 [main] INFO  o.s.scheduling.quartz.SchedulerFactoryBean:847 - Shutting down Quartz Scheduler
2026-08-17 10:13:13.758 [main] INFO  org.quartz.core.QuartzScheduler:666 - Scheduler MyScheduler_$_DESKTOP-7A7ENNC1786932791743 shutting down.
2026-08-17 10:13:13.758 [main] INFO  org.quartz.core.QuartzScheduler:585 - Scheduler MyScheduler_$_DESKTOP-7A7ENNC1786932791743 paused.
2026-08-17 10:13:13.758 [main] INFO  org.quartz.core.QuartzScheduler:740 - Scheduler MyScheduler_$_DESKTOP-7A7ENNC1786932791743 shutdown complete.
2026-08-17 10:13:13.762 [main] INFO  c.b.dynamic.datasource.DynamicRoutingDataSource:217 - dynamic-datasource start closing ....
2026-08-17 10:13:13.768 [main] INFO  com.alibaba.druid.pool.DruidDataSource:2174 - {dataSource-1} closing ...
2026-08-17 10:13:13.773 [main] INFO  com.alibaba.druid.pool.DruidDataSource:2247 - {dataSource-1} closed
2026-08-17 10:13:13.773 [main] INFO  c.b.dynamic.datasource.DynamicRoutingDataSource:221 - dynamic-datasource all closed success,bye
2026-08-17 10:13:13.784 [main] INFO  org.apache.catalina.core.StandardService:173 - Stopping service [Tomcat]
2026-08-17 10:13:13.818 [main] INFO  o.s.b.a.l.ConditionEvaluationReportLoggingListener:136 - 

Error starting ApplicationContext. To display the conditions report re-run your application with 'debug' enabled.
2026-08-17 10:13:13.837 [main] ERROR org.springframework.boot.SpringApplication:818 - Application run failed
org.springframework.beans.factory.BeanCreationException: Error creating bean with name 'org.springframework.boot.actuate.autoconfigure.metrics.cache.CacheMetricsRegistrarConfiguration': Bean instantiation via constructor failed; nested exception is org.springframework.beans.BeanInstantiationException: Failed to instantiate [org.springframework.boot.actuate.autoconfigure.metrics.cache.CacheMetricsRegistrarConfiguration]: Constructor threw exception; nested exception is java.lang.NullPointerException: Cannot invoke "org.springframework.data.redis.cache.CacheStatistics.getMisses()" because the return value of "org.springframework.data.redis.cache.RedisCache.getStatistics()" is null
	at org.springframework.beans.factory.support.ConstructorResolver.instantiate(ConstructorResolver.java:310)
	at org.springframework.beans.factory.support.ConstructorResolver.autowireConstructor(ConstructorResolver.java:291)
	at org.springframework.beans.factory.support.AbstractAutowireCapableBeanFactory.autowireConstructor(AbstractAutowireCapableBeanFactory.java:1372)
	at org.springframework.beans.factory.support.AbstractAutowireCapableBeanFactory.createBeanInstance(AbstractAutowireCapableBeanFactory.java:1222)
	at org.springframework.beans.factory.support.AbstractAutowireCapableBeanFactory.doCreateBean(AbstractAutowireCapableBeanFactory.java:582)
	at org.springframework.beans.factory.support.AbstractAutowireCapableBeanFactory.createBean(AbstractAutowireCapableBeanFactory.java:542)
	at org.springframework.beans.factory.support.AbstractBeanFactory.lambda$doGetBean$0(AbstractBeanFactory.java:335)
	at org.springframework.beans.factory.support.DefaultSingletonBeanRegistry.getSingleton(DefaultSingletonBeanRegistry.java:234)
	at org.springframework.beans.factory.support.AbstractBeanFactory.doGetBean(AbstractBeanFactory.java:333)
	at org.springframework.beans.factory.support.AbstractBeanFactory.getBean(AbstractBeanFactory.java:208)
	at org.springframework.beans.factory.support.DefaultListableBeanFactory.preInstantiateSingletons(DefaultListableBeanFactory.java:955)
	at org.springframework.context.support.AbstractApplicationContext.finishBeanFactoryInitialization(AbstractApplicationContext.java:929)
	at org.springframework.context.support.AbstractApplicationContext.refresh(AbstractApplicationContext.java:591)
	at org.springframework.boot.web.servlet.context.ServletWebServerApplicationContext.refresh(ServletWebServerApplicationContext.java:147)
	at org.springframework.boot.SpringApplication.refresh(SpringApplication.java:732)
	at org.springframework.boot.SpringApplication.refreshContext(SpringApplication.java:409)
	at org.springframework.boot.SpringApplication.run(SpringApplication.java:308)
	at org.springframework.boot.SpringApplication.run(SpringApplication.java:1300)
	at org.springframework.boot.SpringApplication.run(SpringApplication.java:1289)
	at org.jeecg.JeecgSystemApplication.main(JeecgSystemApplication.java:37)
	at java.base/jdk.internal.reflect.DirectMethodHandleAccessor.invoke(DirectMethodHandleAccessor.java:103)
	at java.base/java.lang.reflect.Method.invoke(Method.java:580)
	at org.springframework.boot.loader.MainMethodRunner.run(MainMethodRunner.java:49)
	at org.springframework.boot.loader.Launcher.launch(Launcher.java:108)
	at org.springframework.boot.loader.Launcher.launch(Launcher.java:58)
	at org.springframework.boot.loader.JarLauncher.main(JarLauncher.java:65)
Caused by: org.springframework.beans.BeanInstantiationException: Failed to instantiate [org.springframework.boot.actuate.autoconfigure.metrics.cache.CacheMetricsRegistrarConfiguration]: Constructor threw exception; nested exception is java.lang.NullPointerException: Cannot invoke "org.springframework.data.redis.cache.CacheStatistics.getMisses()" because the return value of "org.springframework.data.redis.cache.RedisCache.getStatistics()" is null
	at org.springframework.beans.BeanUtils.instantiateClass(BeanUtils.java:226)
	at org.springframework.beans.factory.support.SimpleInstantiationStrategy.instantiate(SimpleInstantiationStrategy.java:117)
	at org.springframework.beans.factory.support.ConstructorResolver.instantiate(ConstructorResolver.java:306)
	... 25 common frames omitted
Caused by: java.lang.NullPointerException: Cannot invoke "org.springframework.data.redis.cache.CacheStatistics.getMisses()" because the return value of "org.springframework.data.redis.cache.RedisCache.getStatistics()" is null
	at org.springframework.boot.actuate.metrics.cache.RedisCacheMetrics.missCount(RedisCacheMetrics.java:56)
	at io.micrometer.core.instrument.binder.cache.CacheMeterBinder.bindTo(CacheMeterBinder.java:71)
	at org.springframework.boot.actuate.metrics.cache.CacheMetricsRegistrar.bindCacheToRegistry(CacheMetricsRegistrar.java:65)
	at org.springframework.boot.actuate.autoconfigure.metrics.cache.CacheMetricsRegistrarConfiguration.bindCacheToRegistry(CacheMetricsRegistrarConfiguration.java:76)
	at org.springframework.boot.actuate.autoconfigure.metrics.cache.CacheMetricsRegistrarConfiguration.lambda$bindCacheManagerToRegistry$0(CacheMetricsRegistrarConfiguration.java:71)
	at java.base/java.lang.Iterable.forEach(Iterable.java:75)
	at java.base/java.util.Collections$UnmodifiableCollection.forEach(Collections.java:1116)
	at org.springframework.boot.actuate.autoconfigure.metrics.cache.CacheMetricsRegistrarConfiguration.bindCacheManagerToRegistry(CacheMetricsRegistrarConfiguration.java:71)
	at java.base/java.util.LinkedHashMap.forEach(LinkedHashMap.java:986)
	at org.springframework.boot.actuate.autoconfigure.metrics.cache.CacheMetricsRegistrarConfiguration.bindCachesToRegistry(CacheMetricsRegistrarConfiguration.java:66)
	at org.springframework.boot.actuate.autoconfigure.metrics.cache.CacheMetricsRegistrarConfiguration.<init>(CacheMetricsRegistrarConfiguration.java:57)
	at java.base/jdk.internal.reflect.DirectConstructorHandleAccessor.newInstance(DirectConstructorHandleAccessor.java:62)
	at java.base/java.lang.reflect.Constructor.newInstanceWithCaller(Constructor.java:502)
	at java.base/java.lang.reflect.Constructor.newInstance(Constructor.java:486)
	at org.springframework.beans.BeanUtils.instantiateClass(BeanUtils.java:213)
	... 27 common frames omitted
2026-08-17 10:13:54.031 [background-preinit] INFO  org.hibernate.validator.internal.util.Version:21 - HV000001: Hibernate Validator 6.2.5.Final
2026-08-17 10:13:54.055 [main] INFO  org.jeecg.JeecgSystemApplication:55 - Starting JeecgSystemApplication v2.4.6 using Java 21.0.9 on DESKTOP-7A7ENNC with PID 43512 (D:\工作文档\软件工程教研室\2026\2026-2027（1）学期\软件工程技术综合实践\餐饮业油烟监控平台\后端代码\psms\jeecg-boot-module-system\target\jeecg-boot-module-system-2.4.6.jar started by HP in D:\工作文档\软件工程教研室\2026\2026-2027（1）学期\软件工程技术综合实践\餐饮业油烟监控平台\后端代码\psms\jeecg-boot-module-system\target)
2026-08-17 10:13:54.057 [main] INFO  org.jeecg.JeecgSystemApplication:638 - The following 1 profile is active: "dev"
2026-08-17 10:13:55.640 [main] INFO  o.s.d.r.config.RepositoryConfigurationDelegate:262 - Multiple Spring Data modules found, entering strict repository configuration mode
2026-08-17 10:13:55.642 [main] INFO  o.s.d.r.config.RepositoryConfigurationDelegate:132 - Bootstrapping Spring Data Redis repositories in DEFAULT mode.
2026-08-17 10:13:55.698 [main] INFO  o.s.d.r.config.RepositoryConfigurationDelegate:201 - Finished Spring Data repository scanning in 44 ms. Found 0 Redis repository interfaces.
2026-08-17 10:13:55.829 [main] INFO  o.j.minidao.auto.MinidaoAutoConfiguration:23 -  ******************* init miniDao config [ begin ] *********************** 
2026-08-17 10:13:55.831 [main] INFO  o.j.minidao.auto.MinidaoAutoConfiguration:25 -  ------ minidao.base-package ------- org.jeecg.modules.jmreport.*
2026-08-17 10:13:55.832 [main] INFO  o.j.minidao.auto.MinidaoAutoConfiguration:42 -  *******************  init miniDao config  [ end ] *********************** 
2026-08-17 10:13:55.878 [main] INFO  o.j.minidao.factory.MiniDaoClassPathMapperScanner:48 - register minidao name is { org.jeecg.modules.jmreport.desreport.dao.JimuReportDao }
2026-08-17 10:13:55.879 [main] INFO  o.j.minidao.factory.MiniDaoClassPathMapperScanner:48 - register minidao name is { org.jeecg.modules.jmreport.desreport.dao.JimuReportDataSourceDao }
2026-08-17 10:13:55.879 [main] INFO  o.j.minidao.factory.MiniDaoClassPathMapperScanner:48 - register minidao name is { org.jeecg.modules.jmreport.desreport.dao.JimuReportDbDao }
2026-08-17 10:13:55.880 [main] INFO  o.j.minidao.factory.MiniDaoClassPathMapperScanner:48 - register minidao name is { org.jeecg.modules.jmreport.desreport.dao.JimuReportDbFieldDao }
2026-08-17 10:13:55.880 [main] INFO  o.j.minidao.factory.MiniDaoClassPathMapperScanner:48 - register minidao name is { org.jeecg.modules.jmreport.desreport.dao.JimuReportDbParamDao }
2026-08-17 10:13:55.880 [main] INFO  o.j.minidao.factory.MiniDaoClassPathMapperScanner:48 - register minidao name is { org.jeecg.modules.jmreport.desreport.dao.JimuReportDictDao }
2026-08-17 10:13:55.881 [main] INFO  o.j.minidao.factory.MiniDaoClassPathMapperScanner:48 - register minidao name is { org.jeecg.modules.jmreport.desreport.dao.JimuReportDictItemDao }
2026-08-17 10:13:55.881 [main] INFO  o.j.minidao.factory.MiniDaoClassPathMapperScanner:48 - register minidao name is { org.jeecg.modules.jmreport.desreport.dao.JimuReportLinkDao }
2026-08-17 10:13:55.881 [main] INFO  o.j.minidao.factory.MiniDaoClassPathMapperScanner:48 - register minidao name is { org.jeecg.modules.jmreport.desreport.dao.JimuReportMapDao }
2026-08-17 10:13:55.882 [main] INFO  o.j.minidao.factory.MiniDaoClassPathMapperScanner:48 - register minidao name is { org.jeecg.modules.jmreport.desreport.dao.JimuReportShareDao }
2026-08-17 10:13:56.178 [main] INFO  o.s.c.s.PostProcessorRegistrationDelegate$BeanPostProcessorChecker:376 - Bean '(inner bean)#4a9f80d3' of type [org.jeecgframework.minidao.aop.MiniDaoHandler] is not eligible for getting processed by all BeanPostProcessors (for example: not eligible for auto-proxying)
2026-08-17 10:13:56.183 [main] INFO  o.s.c.s.PostProcessorRegistrationDelegate$BeanPostProcessorChecker:376 - Bean 'jimuReportDao' of type [org.jeecgframework.minidao.factory.MiniDaoBeanFactory] is not eligible for getting processed by all BeanPostProcessors (for example: not eligible for auto-proxying)
2026-08-17 10:13:56.184 [main] INFO  o.s.c.s.PostProcessorRegistrationDelegate$BeanPostProcessorChecker:376 - Bean '(inner bean)#4a9f80d3#1' of type [org.jeecgframework.minidao.aop.MiniDaoHandler] is not eligible for getting processed by all BeanPostProcessors (for example: not eligible for auto-proxying)
2026-08-17 10:13:56.185 [main] INFO  o.s.c.s.PostProcessorRegistrationDelegate$BeanPostProcessorChecker:376 - Bean 'jimuReportDataSourceDao' of type [org.jeecgframework.minidao.factory.MiniDaoBeanFactory] is not eligible for getting processed by all BeanPostProcessors (for example: not eligible for auto-proxying)
2026-08-17 10:13:56.186 [main] INFO  o.s.c.s.PostProcessorRegistrationDelegate$BeanPostProcessorChecker:376 - Bean '(inner bean)#4a9f80d3#2' of type [org.jeecgframework.minidao.aop.MiniDaoHandler] is not eligible for getting processed by all BeanPostProcessors (for example: not eligible for auto-proxying)
2026-08-17 10:13:56.187 [main] INFO  o.s.c.s.PostProcessorRegistrationDelegate$BeanPostProcessorChecker:376 - Bean 'jimuReportDbDao' of type [org.jeecgframework.minidao.factory.MiniDaoBeanFactory] is not eligible for getting processed by all BeanPostProcessors (for example: not eligible for auto-proxying)
2026-08-17 10:13:56.188 [main] INFO  o.s.c.s.PostProcessorRegistrationDelegate$BeanPostProcessorChecker:376 - Bean '(inner bean)#4a9f80d3#3' of type [org.jeecgframework.minidao.aop.MiniDaoHandler] is not eligible for getting processed by all BeanPostProcessors (for example: not eligible for auto-proxying)
2026-08-17 10:13:56.192 [main] INFO  o.s.c.s.PostProcessorRegistrationDelegate$BeanPostProcessorChecker:376 - Bean 'jimuReportDbFieldDao' of type [org.jeecgframework.minidao.factory.MiniDaoBeanFactory] is not eligible for getting processed by all BeanPostProcessors (for example: not eligible for auto-proxying)
2026-08-17 10:13:56.193 [main] INFO  o.s.c.s.PostProcessorRegistrationDelegate$BeanPostProcessorChecker:376 - Bean '(inner bean)#4a9f80d3#4' of type [org.jeecgframework.minidao.aop.MiniDaoHandler] is not eligible for getting processed by all BeanPostProcessors (for example: not eligible for auto-proxying)
2026-08-17 10:13:56.194 [main] INFO  o.s.c.s.PostProcessorRegistrationDelegate$BeanPostProcessorChecker:376 - Bean 'jimuReportDbParamDao' of type [org.jeecgframework.minidao.factory.MiniDaoBeanFactory] is not eligible for getting processed by all BeanPostProcessors (for example: not eligible for auto-proxying)
2026-08-17 10:13:56.195 [main] INFO  o.s.c.s.PostProcessorRegistrationDelegate$BeanPostProcessorChecker:376 - Bean '(inner bean)#4a9f80d3#5' of type [org.jeecgframework.minidao.aop.MiniDaoHandler] is not eligible for getting processed by all BeanPostProcessors (for example: not eligible for auto-proxying)
2026-08-17 10:13:56.195 [main] INFO  o.s.c.s.PostProcessorRegistrationDelegate$BeanPostProcessorChecker:376 - Bean 'jimuReportDictDao' of type [org.jeecgframework.minidao.factory.MiniDaoBeanFactory] is not eligible for getting processed by all BeanPostProcessors (for example: not eligible for auto-proxying)
2026-08-17 10:13:56.196 [main] INFO  o.s.c.s.PostProcessorRegistrationDelegate$BeanPostProcessorChecker:376 - Bean '(inner bean)#4a9f80d3#6' of type [org.jeecgframework.minidao.aop.MiniDaoHandler] is not eligible for getting processed by all BeanPostProcessors (for example: not eligible for auto-proxying)
2026-08-17 10:13:56.196 [main] INFO  o.s.c.s.PostProcessorRegistrationDelegate$BeanPostProcessorChecker:376 - Bean 'jimuReportDictItemDao' of type [org.jeecgframework.minidao.factory.MiniDaoBeanFactory] is not eligible for getting processed by all BeanPostProcessors (for example: not eligible for auto-proxying)
2026-08-17 10:13:56.197 [main] INFO  o.s.c.s.PostProcessorRegistrationDelegate$BeanPostProcessorChecker:376 - Bean '(inner bean)#4a9f80d3#7' of type [org.jeecgframework.minidao.aop.MiniDaoHandler] is not eligible for getting processed by all BeanPostProcessors (for example: not eligible for auto-proxying)
2026-08-17 10:13:56.197 [main] INFO  o.s.c.s.PostProcessorRegistrationDelegate$BeanPostProcessorChecker:376 - Bean 'jimuReportLinkDao' of type [org.jeecgframework.minidao.factory.MiniDaoBeanFactory] is not eligible for getting processed by all BeanPostProcessors (for example: not eligible for auto-proxying)
2026-08-17 10:13:56.198 [main] INFO  o.s.c.s.PostProcessorRegistrationDelegate$BeanPostProcessorChecker:376 - Bean '(inner bean)#4a9f80d3#8' of type [org.jeecgframework.minidao.aop.MiniDaoHandler] is not eligible for getting processed by all BeanPostProcessors (for example: not eligible for auto-proxying)
2026-08-17 10:13:56.198 [main] INFO  o.s.c.s.PostProcessorRegistrationDelegate$BeanPostProcessorChecker:376 - Bean 'jimuReportMapDao' of type [org.jeecgframework.minidao.factory.MiniDaoBeanFactory] is not eligible for getting processed by all BeanPostProcessors (for example: not eligible for auto-proxying)
2026-08-17 10:13:56.199 [main] INFO  o.s.c.s.PostProcessorRegistrationDelegate$BeanPostProcessorChecker:376 - Bean '(inner bean)#4a9f80d3#9' of type [org.jeecgframework.minidao.aop.MiniDaoHandler] is not eligible for getting processed by all BeanPostProcessors (for example: not eligible for auto-proxying)
2026-08-17 10:13:56.199 [main] INFO  o.s.c.s.PostProcessorRegistrationDelegate$BeanPostProcessorChecker:376 - Bean 'jimuReportShareDao' of type [org.jeecgframework.minidao.factory.MiniDaoBeanFactory] is not eligible for getting processed by all BeanPostProcessors (for example: not eligible for auto-proxying)
2026-08-17 10:13:56.217 [main] INFO  o.s.c.s.PostProcessorRegistrationDelegate$BeanPostProcessorChecker:376 - Bean 'spring.redis-org.springframework.boot.autoconfigure.data.redis.RedisProperties' of type [org.springframework.boot.autoconfigure.data.redis.RedisProperties] is not eligible for getting processed by all BeanPostProcessors (for example: not eligible for auto-proxying)
2026-08-17 10:13:56.221 [main] INFO  o.s.c.s.PostProcessorRegistrationDelegate$BeanPostProcessorChecker:376 - Bean 'org.springframework.boot.autoconfigure.data.redis.LettuceConnectionConfiguration' of type [org.springframework.boot.autoconfigure.data.redis.LettuceConnectionConfiguration] is not eligible for getting processed by all BeanPostProcessors (for example: not eligible for auto-proxying)
2026-08-17 10:13:56.241 [main] INFO  o.s.c.s.PostProcessorRegistrationDelegate$BeanPostProcessorChecker:376 - Bean 'org.springframework.boot.actuate.autoconfigure.metrics.redis.LettuceMetricsAutoConfiguration' of type [org.springframework.boot.actuate.autoconfigure.metrics.redis.LettuceMetricsAutoConfiguration] is not eligible for getting processed by all BeanPostProcessors (for example: not eligible for auto-proxying)
2026-08-17 10:13:56.241 [main] INFO  o.s.c.s.PostProcessorRegistrationDelegate$BeanPostProcessorChecker:376 - Bean 'org.springframework.boot.actuate.autoconfigure.metrics.export.simple.SimpleMetricsExportAutoConfiguration' of type [org.springframework.boot.actuate.autoconfigure.metrics.export.simple.SimpleMetricsExportAutoConfiguration] is not eligible for getting processed by all BeanPostProcessors (for example: not eligible for auto-proxying)
2026-08-17 10:13:56.245 [main] INFO  o.s.c.s.PostProcessorRegistrationDelegate$BeanPostProcessorChecker:376 - Bean 'management.metrics.export.simple-org.springframework.boot.actuate.autoconfigure.metrics.export.simple.SimpleProperties' of type [org.springframework.boot.actuate.autoconfigure.metrics.export.simple.SimpleProperties] is not eligible for getting processed by all BeanPostProcessors (for example: not eligible for auto-proxying)
2026-08-17 10:13:56.248 [main] INFO  o.s.c.s.PostProcessorRegistrationDelegate$BeanPostProcessorChecker:376 - Bean 'simpleConfig' of type [org.springframework.boot.actuate.autoconfigure.metrics.export.simple.SimplePropertiesConfigAdapter] is not eligible for getting processed by all BeanPostProcessors (for example: not eligible for auto-proxying)
2026-08-17 10:13:56.249 [main] INFO  o.s.c.s.PostProcessorRegistrationDelegate$BeanPostProcessorChecker:376 - Bean 'org.springframework.boot.actuate.autoconfigure.metrics.MetricsAutoConfiguration' of type [org.springframework.boot.actuate.autoconfigure.metrics.MetricsAutoConfiguration] is not eligible for getting processed by all BeanPostProcessors (for example: not eligible for auto-proxying)
2026-08-17 10:13:56.250 [main] INFO  o.s.c.s.PostProcessorRegistrationDelegate$BeanPostProcessorChecker:376 - Bean 'micrometerClock' of type [io.micrometer.core.instrument.Clock$1] is not eligible for getting processed by all BeanPostProcessors (for example: not eligible for auto-proxying)
2026-08-17 10:13:56.271 [main] INFO  o.s.c.s.PostProcessorRegistrationDelegate$BeanPostProcessorChecker:376 - Bean 'simpleMeterRegistry' of type [io.micrometer.core.instrument.simple.SimpleMeterRegistry] is not eligible for getting processed by all BeanPostProcessors (for example: not eligible for auto-proxying)
2026-08-17 10:13:56.274 [main] INFO  o.s.c.s.PostProcessorRegistrationDelegate$BeanPostProcessorChecker:376 - Bean 'micrometerOptions' of type [io.lettuce.core.metrics.MicrometerOptions] is not eligible for getting processed by all BeanPostProcessors (for example: not eligible for auto-proxying)
2026-08-17 10:13:56.274 [main] INFO  o.s.c.s.PostProcessorRegistrationDelegate$BeanPostProcessorChecker:376 - Bean 'lettuceMetrics' of type [org.springframework.boot.actuate.autoconfigure.metrics.redis.LettuceMetricsAutoConfiguration$$Lambda/0x000001ca8149ae98] is not eligible for getting processed by all BeanPostProcessors (for example: not eligible for auto-proxying)
2026-08-17 10:13:56.419 [main] INFO  o.s.c.s.PostProcessorRegistrationDelegate$BeanPostProcessorChecker:376 - Bean 'lettuceClientResources' of type [io.lettuce.core.resource.DefaultClientResources] is not eligible for getting processed by all BeanPostProcessors (for example: not eligible for auto-proxying)
2026-08-17 10:13:56.476 [main] INFO  o.s.c.s.PostProcessorRegistrationDelegate$BeanPostProcessorChecker:376 - Bean 'redisConnectionFactory' of type [org.springframework.data.redis.connection.lettuce.LettuceConnectionFactory] is not eligible for getting processed by all BeanPostProcessors (for example: not eligible for auto-proxying)
2026-08-17 10:13:56.479 [main] INFO  o.s.c.s.PostProcessorRegistrationDelegate$BeanPostProcessorChecker:376 - Bean 'shiroConfig' of type [org.jeecg.config.shiro.ShiroConfig$$EnhancerBySpringCGLIB$$4868f10] is not eligible for getting processed by all BeanPostProcessors (for example: not eligible for auto-proxying)
2026-08-17 10:13:56.699 [main] INFO  o.s.c.s.PostProcessorRegistrationDelegate$BeanPostProcessorChecker:376 - Bean 'spring.datasource.dynamic-com.baomidou.dynamic.datasource.spring.boot.autoconfigure.DynamicDataSourceProperties' of type [com.baomidou.dynamic.datasource.spring.boot.autoconfigure.DynamicDataSourceProperties] is not eligible for getting processed by all BeanPostProcessors (for example: not eligible for auto-proxying)
2026-08-17 10:13:56.704 [main] INFO  o.s.c.s.PostProcessorRegistrationDelegate$BeanPostProcessorChecker:376 - Bean 'com.baomidou.dynamic.datasource.spring.boot.autoconfigure.DynamicDataSourceAutoConfiguration' of type [com.baomidou.dynamic.datasource.spring.boot.autoconfigure.DynamicDataSourceAutoConfiguration$$EnhancerBySpringCGLIB$$ed8b7e8] is not eligible for getting processed by all BeanPostProcessors (for example: not eligible for auto-proxying)
2026-08-17 10:13:56.710 [main] INFO  o.s.c.s.PostProcessorRegistrationDelegate$BeanPostProcessorChecker:376 - Bean 'dsProcessor' of type [com.baomidou.dynamic.datasource.processor.DsHeaderProcessor] is not eligible for getting processed by all BeanPostProcessors (for example: not eligible for auto-proxying)
2026-08-17 10:13:56.746 [main] INFO  o.s.c.s.PostProcessorRegistrationDelegate$BeanPostProcessorChecker:376 - Bean 'shiroRealm' of type [org.jeecg.config.shiro.ShiroRealm] is not eligible for getting processed by all BeanPostProcessors (for example: not eligible for auto-proxying)
2026-08-17 10:13:56.837 [main] INFO  org.jeecg.config.shiro.ShiroConfig:215 - ===============(1)创建缓存管理器RedisCacheManager
2026-08-17 10:13:56.839 [main] INFO  org.jeecg.config.shiro.ShiroConfig:233 - ===============(2)创建RedisManager,连接Redis..
2026-08-17 10:13:56.844 [main] INFO  o.s.c.s.PostProcessorRegistrationDelegate$BeanPostProcessorChecker:376 - Bean 'redisManager' of type [org.crazycake.shiro.RedisManager] is not eligible for getting processed by all BeanPostProcessors (for example: not eligible for auto-proxying)
2026-08-17 10:13:56.851 [main] INFO  o.s.c.s.PostProcessorRegistrationDelegate$BeanPostProcessorChecker:376 - Bean 'securityManager' of type [org.apache.shiro.web.mgt.DefaultWebSecurityManager] is not eligible for getting processed by all BeanPostProcessors (for example: not eligible for auto-proxying)
2026-08-17 10:13:56.874 [main] INFO  o.s.c.s.PostProcessorRegistrationDelegate$BeanPostProcessorChecker:376 - Bean 'authorizationAttributeSourceAdvisor' of type [org.apache.shiro.spring.security.interceptor.AuthorizationAttributeSourceAdvisor] is not eligible for getting processed by all BeanPostProcessors (for example: not eligible for auto-proxying)
2026-08-17 10:13:56.899 [main] INFO  o.s.c.s.PostProcessorRegistrationDelegate$BeanPostProcessorChecker:376 - Bean 'org.apache.shiro.spring.boot.autoconfigure.ShiroBeanAutoConfiguration' of type [org.apache.shiro.spring.boot.autoconfigure.ShiroBeanAutoConfiguration$$EnhancerBySpringCGLIB$$b86324c7] is not eligible for getting processed by all BeanPostProcessors (for example: not eligible for auto-proxying)
2026-08-17 10:13:56.905 [main] INFO  o.s.c.s.PostProcessorRegistrationDelegate$BeanPostProcessorChecker:376 - Bean 'eventBus' of type [org.apache.shiro.event.support.DefaultEventBus] is not eligible for getting processed by all BeanPostProcessors (for example: not eligible for auto-proxying)
2026-08-17 10:13:57.319 [main] INFO  o.s.boot.web.embedded.tomcat.TomcatWebServer:108 - Tomcat initialized with port(s): 8080 (http)
2026-08-17 10:13:57.326 [main] INFO  org.apache.coyote.http11.Http11NioProtocol:173 - Initializing ProtocolHandler ["http-nio-8080"]
2026-08-17 10:13:57.326 [main] INFO  org.apache.catalina.core.StandardService:173 - Starting service [Tomcat]
2026-08-17 10:13:57.327 [main] INFO  org.apache.catalina.core.StandardEngine:173 - Starting Servlet engine: [Apache Tomcat/9.0.83]
2026-08-17 10:13:57.376 [main] INFO  o.a.c.c.ContainerBase.[Tomcat].[localhost].[/psms]:173 - Initializing Spring embedded WebApplicationContext
2026-08-17 10:13:57.376 [main] INFO  o.s.b.w.s.c.ServletWebServerApplicationContext:292 - Root WebApplicationContext: initialization completed in 3281 ms
2026-08-17 10:13:58.270 [main] INFO  com.alibaba.druid.pool.DruidDataSource:1009 - {dataSource-1,master} inited
2026-08-17 10:13:58.272 [main] INFO  c.b.dynamic.datasource.DynamicRoutingDataSource:132 - dynamic-datasource - load a datasource named [master] success
2026-08-17 10:13:58.273 [main] INFO  c.b.dynamic.datasource.DynamicRoutingDataSource:237 - dynamic-datasource initial loaded [1] datasource,primary datasource named [master]
2026-08-17 10:13:58.759 [main] ERROR com.baomidou.mybatisplus.core.MybatisConfiguration:100 - mapper[org.jeecg.modules.psms.analyse.mapper.AnalyseMapper.moreNum] is ignored, because it exists, maybe from xml file
2026-08-17 10:13:58.764 [main] WARN  c.b.mybatisplus.core.metadata.TableInfoHelper:335 - Can not find table primary key in Class: "java.util.Map".
2026-08-17 10:13:59.656 [main] INFO  org.jeecg.common.modules.redis.config.RedisConfig:76 -  --- redis config init --- 
2026-08-17 10:14:00.938 [main] INFO  org.quartz.impl.StdSchedulerFactory:1220 - Using default implementation for ThreadExecutor
2026-08-17 10:14:00.944 [main] INFO  org.quartz.simpl.SimpleThreadPool:268 - Job execution threads will use class loader of thread: main
2026-08-17 10:14:00.972 [main] INFO  org.quartz.core.SchedulerSignalerImpl:61 - Initialized Scheduler Signaller of type: class org.quartz.core.SchedulerSignalerImpl
2026-08-17 10:14:00.973 [main] INFO  org.quartz.core.QuartzScheduler:229 - Quartz Scheduler v.2.3.2 created.
2026-08-17 10:14:00.981 [main] INFO  o.s.scheduling.quartz.LocalDataSourceJobStore:672 - Using db table-based data access locking (synchronization).
2026-08-17 10:14:00.986 [main] INFO  o.s.scheduling.quartz.LocalDataSourceJobStore:145 - JobStoreCMT initialized.
2026-08-17 10:14:00.988 [main] INFO  org.quartz.core.QuartzScheduler:294 - Scheduler meta-data: Quartz Scheduler (v2.3.2) 'MyScheduler' with instanceId 'DESKTOP-7A7ENNC1786932840941'
  Scheduler class: 'org.quartz.core.QuartzScheduler' - running locally.
  NOT STARTED.
  Currently in standby mode.
  Number of jobs executed: 0
  Using thread pool 'org.quartz.simpl.SimpleThreadPool' - with 10 threads.
  Using job-store 'org.springframework.scheduling.quartz.LocalDataSourceJobStore' - which supports persistence. and is clustered.

2026-08-17 10:14:00.988 [main] INFO  org.quartz.impl.StdSchedulerFactory:1374 - Quartz scheduler 'MyScheduler' initialized from an externally provided properties instance.
2026-08-17 10:14:00.989 [main] INFO  org.quartz.impl.StdSchedulerFactory:1378 - Quartz scheduler version: 2.3.2
2026-08-17 10:14:00.990 [main] INFO  org.quartz.core.QuartzScheduler:2293 - JobFactory set to: org.springframework.scheduling.quartz.SpringBeanJobFactory@3b009e7b
2026-08-17 10:14:01.630 [main] INFO  o.j.m.jmreport.config.JimuReportConfiguration:55 -  --- Init JimuReport Config --- 
2026-08-17 10:14:02.196 [main] INFO  o.s.b.actuate.endpoint.web.EndpointLinksResolver:58 - Exposing 2 endpoint(s) beneath base path '/actuator'
2026-08-17 10:14:02.295 [main] INFO  org.jeecg.config.init.CodeGenerateDbConfig:46 -  代码生成器数据库连接，使用application.yml的DB配置 ###################
2026-08-17 10:14:02.321 [main] INFO  s.d.s.w.WebMvcPropertySourcedRequestMappingHandlerMapping:69 - Mapped URL path [/v2/api-docs] onto method [springfox.documentation.swagger2.web.Swagger2ControllerWebMvc#getDocumentation(String, HttpServletRequest)]
2026-08-17 10:14:02.389 [main] INFO  o.j.modules.jmreport.config.JmReportExecutorConfig:21 - ---创建线程池---
2026-08-17 10:14:02.617 [main] INFO  o.s.b.a.web.servlet.WelcomePageHandlerMapping:60 - Adding welcome page: class path resource [static/index.html]
2026-08-17 10:14:02.763 [main] WARN  o.s.b.w.s.c.AnnotationConfigServletWebServerApplicationContext:599 - Exception encountered during context initialization - cancelling refresh attempt: org.springframework.beans.factory.BeanCreationException: Error creating bean with name 'org.springframework.boot.actuate.autoconfigure.metrics.cache.CacheMetricsRegistrarConfiguration': Bean instantiation via constructor failed; nested exception is org.springframework.beans.BeanInstantiationException: Failed to instantiate [org.springframework.boot.actuate.autoconfigure.metrics.cache.CacheMetricsRegistrarConfiguration]: Constructor threw exception; nested exception is java.lang.NullPointerException: Cannot invoke "org.springframework.data.redis.cache.CacheStatistics.getMisses()" because the return value of "org.springframework.data.redis.cache.RedisCache.getStatistics()" is null
2026-08-17 10:14:02.768 [main] INFO  o.s.scheduling.quartz.SchedulerFactoryBean:847 - Shutting down Quartz Scheduler
2026-08-17 10:14:02.768 [main] INFO  org.quartz.core.QuartzScheduler:666 - Scheduler MyScheduler_$_DESKTOP-7A7ENNC1786932840941 shutting down.
2026-08-17 10:14:02.768 [main] INFO  org.quartz.core.QuartzScheduler:585 - Scheduler MyScheduler_$_DESKTOP-7A7ENNC1786932840941 paused.
2026-08-17 10:14:02.768 [main] INFO  org.quartz.core.QuartzScheduler:740 - Scheduler MyScheduler_$_DESKTOP-7A7ENNC1786932840941 shutdown complete.
2026-08-17 10:14:02.773 [main] INFO  c.b.dynamic.datasource.DynamicRoutingDataSource:217 - dynamic-datasource start closing ....
2026-08-17 10:14:02.774 [main] INFO  com.alibaba.druid.pool.DruidDataSource:2174 - {dataSource-1} closing ...
2026-08-17 10:14:02.779 [main] INFO  com.alibaba.druid.pool.DruidDataSource:2247 - {dataSource-1} closed
2026-08-17 10:14:02.780 [main] INFO  c.b.dynamic.datasource.DynamicRoutingDataSource:221 - dynamic-datasource all closed success,bye
2026-08-17 10:14:02.789 [main] INFO  org.apache.catalina.core.StandardService:173 - Stopping service [Tomcat]
2026-08-17 10:14:02.824 [main] INFO  o.s.b.a.l.ConditionEvaluationReportLoggingListener:136 - 

Error starting ApplicationContext. To display the conditions report re-run your application with 'debug' enabled.
2026-08-17 10:14:02.841 [main] ERROR org.springframework.boot.SpringApplication:818 - Application run failed
org.springframework.beans.factory.BeanCreationException: Error creating bean with name 'org.springframework.boot.actuate.autoconfigure.metrics.cache.CacheMetricsRegistrarConfiguration': Bean instantiation via constructor failed; nested exception is org.springframework.beans.BeanInstantiationException: Failed to instantiate [org.springframework.boot.actuate.autoconfigure.metrics.cache.CacheMetricsRegistrarConfiguration]: Constructor threw exception; nested exception is java.lang.NullPointerException: Cannot invoke "org.springframework.data.redis.cache.CacheStatistics.getMisses()" because the return value of "org.springframework.data.redis.cache.RedisCache.getStatistics()" is null
	at org.springframework.beans.factory.support.ConstructorResolver.instantiate(ConstructorResolver.java:310)
	at org.springframework.beans.factory.support.ConstructorResolver.autowireConstructor(ConstructorResolver.java:291)
	at org.springframework.beans.factory.support.AbstractAutowireCapableBeanFactory.autowireConstructor(AbstractAutowireCapableBeanFactory.java:1372)
	at org.springframework.beans.factory.support.AbstractAutowireCapableBeanFactory.createBeanInstance(AbstractAutowireCapableBeanFactory.java:1222)
	at org.springframework.beans.factory.support.AbstractAutowireCapableBeanFactory.doCreateBean(AbstractAutowireCapableBeanFactory.java:582)
	at org.springframework.beans.factory.support.AbstractAutowireCapableBeanFactory.createBean(AbstractAutowireCapableBeanFactory.java:542)
	at org.springframework.beans.factory.support.AbstractBeanFactory.lambda$doGetBean$0(AbstractBeanFactory.java:335)
	at org.springframework.beans.factory.support.DefaultSingletonBeanRegistry.getSingleton(DefaultSingletonBeanRegistry.java:234)
	at org.springframework.beans.factory.support.AbstractBeanFactory.doGetBean(AbstractBeanFactory.java:333)
	at org.springframework.beans.factory.support.AbstractBeanFactory.getBean(AbstractBeanFactory.java:208)
	at org.springframework.beans.factory.support.DefaultListableBeanFactory.preInstantiateSingletons(DefaultListableBeanFactory.java:955)
	at org.springframework.context.support.AbstractApplicationContext.finishBeanFactoryInitialization(AbstractApplicationContext.java:929)
	at org.springframework.context.support.AbstractApplicationContext.refresh(AbstractApplicationContext.java:591)
	at org.springframework.boot.web.servlet.context.ServletWebServerApplicationContext.refresh(ServletWebServerApplicationContext.java:147)
	at org.springframework.boot.SpringApplication.refresh(SpringApplication.java:732)
	at org.springframework.boot.SpringApplication.refreshContext(SpringApplication.java:409)
	at org.springframework.boot.SpringApplication.run(SpringApplication.java:308)
	at org.springframework.boot.SpringApplication.run(SpringApplication.java:1300)
	at org.springframework.boot.SpringApplication.run(SpringApplication.java:1289)
	at org.jeecg.JeecgSystemApplication.main(JeecgSystemApplication.java:37)
	at java.base/jdk.internal.reflect.DirectMethodHandleAccessor.invoke(DirectMethodHandleAccessor.java:103)
	at java.base/java.lang.reflect.Method.invoke(Method.java:580)
	at org.springframework.boot.loader.MainMethodRunner.run(MainMethodRunner.java:49)
	at org.springframework.boot.loader.Launcher.launch(Launcher.java:108)
	at org.springframework.boot.loader.Launcher.launch(Launcher.java:58)
	at org.springframework.boot.loader.JarLauncher.main(JarLauncher.java:65)
Caused by: org.springframework.beans.BeanInstantiationException: Failed to instantiate [org.springframework.boot.actuate.autoconfigure.metrics.cache.CacheMetricsRegistrarConfiguration]: Constructor threw exception; nested exception is java.lang.NullPointerException: Cannot invoke "org.springframework.data.redis.cache.CacheStatistics.getMisses()" because the return value of "org.springframework.data.redis.cache.RedisCache.getStatistics()" is null
	at org.springframework.beans.BeanUtils.instantiateClass(BeanUtils.java:226)
	at org.springframework.beans.factory.support.SimpleInstantiationStrategy.instantiate(SimpleInstantiationStrategy.java:117)
	at org.springframework.beans.factory.support.ConstructorResolver.instantiate(ConstructorResolver.java:306)
	... 25 common frames omitted
Caused by: java.lang.NullPointerException: Cannot invoke "org.springframework.data.redis.cache.CacheStatistics.getMisses()" because the return value of "org.springframework.data.redis.cache.RedisCache.getStatistics()" is null
	at org.springframework.boot.actuate.metrics.cache.RedisCacheMetrics.missCount(RedisCacheMetrics.java:56)
	at io.micrometer.core.instrument.binder.cache.CacheMeterBinder.bindTo(CacheMeterBinder.java:71)
	at org.springframework.boot.actuate.metrics.cache.CacheMetricsRegistrar.bindCacheToRegistry(CacheMetricsRegistrar.java:65)
	at org.springframework.boot.actuate.autoconfigure.metrics.cache.CacheMetricsRegistrarConfiguration.bindCacheToRegistry(CacheMetricsRegistrarConfiguration.java:76)
	at org.springframework.boot.actuate.autoconfigure.metrics.cache.CacheMetricsRegistrarConfiguration.lambda$bindCacheManagerToRegistry$0(CacheMetricsRegistrarConfiguration.java:71)
	at java.base/java.lang.Iterable.forEach(Iterable.java:75)
	at java.base/java.util.Collections$UnmodifiableCollection.forEach(Collections.java:1116)
	at org.springframework.boot.actuate.autoconfigure.metrics.cache.CacheMetricsRegistrarConfiguration.bindCacheManagerToRegistry(CacheMetricsRegistrarConfiguration.java:71)
	at java.base/java.util.LinkedHashMap.forEach(LinkedHashMap.java:986)
	at org.springframework.boot.actuate.autoconfigure.metrics.cache.CacheMetricsRegistrarConfiguration.bindCachesToRegistry(CacheMetricsRegistrarConfiguration.java:66)
	at org.springframework.boot.actuate.autoconfigure.metrics.cache.CacheMetricsRegistrarConfiguration.<init>(CacheMetricsRegistrarConfiguration.java:57)
	at java.base/jdk.internal.reflect.DirectConstructorHandleAccessor.newInstance(DirectConstructorHandleAccessor.java:62)
	at java.base/java.lang.reflect.Constructor.newInstanceWithCaller(Constructor.java:502)
	at java.base/java.lang.reflect.Constructor.newInstance(Constructor.java:486)
	at org.springframework.beans.BeanUtils.instantiateClass(BeanUtils.java:213)
	... 27 common frames omitted
2026-08-17 10:14:27.486 [background-preinit] INFO  org.hibernate.validator.internal.util.Version:21 - HV000001: Hibernate Validator 6.2.5.Final
2026-08-17 10:14:27.512 [main] INFO  org.jeecg.JeecgSystemApplication:55 - Starting JeecgSystemApplication v2.4.6 using Java 21.0.9 on DESKTOP-7A7ENNC with PID 24568 (D:\工作文档\软件工程教研室\2026\2026-2027（1）学期\软件工程技术综合实践\餐饮业油烟监控平台\后端代码\psms\jeecg-boot-module-system\target\jeecg-boot-module-system-2.4.6.jar started by HP in D:\工作文档\软件工程教研室\2026\2026-2027（1）学期\软件工程技术综合实践\餐饮业油烟监控平台\后端代码\psms\jeecg-boot-module-system\target)
2026-08-17 10:14:27.513 [main] INFO  org.jeecg.JeecgSystemApplication:638 - The following 1 profile is active: "dev"
2026-08-17 10:14:29.106 [main] INFO  o.s.d.r.config.RepositoryConfigurationDelegate:262 - Multiple Spring Data modules found, entering strict repository configuration mode
2026-08-17 10:14:29.109 [main] INFO  o.s.d.r.config.RepositoryConfigurationDelegate:132 - Bootstrapping Spring Data Redis repositories in DEFAULT mode.
2026-08-17 10:14:29.162 [main] INFO  o.s.d.r.config.RepositoryConfigurationDelegate:201 - Finished Spring Data repository scanning in 43 ms. Found 0 Redis repository interfaces.
2026-08-17 10:14:29.253 [main] INFO  o.j.minidao.auto.MinidaoAutoConfiguration:23 -  ******************* init miniDao config [ begin ] *********************** 
2026-08-17 10:14:29.253 [main] INFO  o.j.minidao.auto.MinidaoAutoConfiguration:25 -  ------ minidao.base-package ------- org.jeecg.modules.jmreport.*
2026-08-17 10:14:29.254 [main] INFO  o.j.minidao.auto.MinidaoAutoConfiguration:42 -  *******************  init miniDao config  [ end ] *********************** 
2026-08-17 10:14:29.298 [main] INFO  o.j.minidao.factory.MiniDaoClassPathMapperScanner:48 - register minidao name is { org.jeecg.modules.jmreport.desreport.dao.JimuReportDao }
2026-08-17 10:14:29.299 [main] INFO  o.j.minidao.factory.MiniDaoClassPathMapperScanner:48 - register minidao name is { org.jeecg.modules.jmreport.desreport.dao.JimuReportDataSourceDao }
2026-08-17 10:14:29.300 [main] INFO  o.j.minidao.factory.MiniDaoClassPathMapperScanner:48 - register minidao name is { org.jeecg.modules.jmreport.desreport.dao.JimuReportDbDao }
2026-08-17 10:14:29.300 [main] INFO  o.j.minidao.factory.MiniDaoClassPathMapperScanner:48 - register minidao name is { org.jeecg.modules.jmreport.desreport.dao.JimuReportDbFieldDao }
2026-08-17 10:14:29.300 [main] INFO  o.j.minidao.factory.MiniDaoClassPathMapperScanner:48 - register minidao name is { org.jeecg.modules.jmreport.desreport.dao.JimuReportDbParamDao }
2026-08-17 10:14:29.301 [main] INFO  o.j.minidao.factory.MiniDaoClassPathMapperScanner:48 - register minidao name is { org.jeecg.modules.jmreport.desreport.dao.JimuReportDictDao }
2026-08-17 10:14:29.301 [main] INFO  o.j.minidao.factory.MiniDaoClassPathMapperScanner:48 - register minidao name is { org.jeecg.modules.jmreport.desreport.dao.JimuReportDictItemDao }
2026-08-17 10:14:29.301 [main] INFO  o.j.minidao.factory.MiniDaoClassPathMapperScanner:48 - register minidao name is { org.jeecg.modules.jmreport.desreport.dao.JimuReportLinkDao }
2026-08-17 10:14:29.302 [main] INFO  o.j.minidao.factory.MiniDaoClassPathMapperScanner:48 - register minidao name is { org.jeecg.modules.jmreport.desreport.dao.JimuReportMapDao }
2026-08-17 10:14:29.302 [main] INFO  o.j.minidao.factory.MiniDaoClassPathMapperScanner:48 - register minidao name is { org.jeecg.modules.jmreport.desreport.dao.JimuReportShareDao }
2026-08-17 10:14:29.570 [main] INFO  o.s.c.s.PostProcessorRegistrationDelegate$BeanPostProcessorChecker:376 - Bean '(inner bean)#4a9f80d3' of type [org.jeecgframework.minidao.aop.MiniDaoHandler] is not eligible for getting processed by all BeanPostProcessors (for example: not eligible for auto-proxying)
2026-08-17 10:14:29.575 [main] INFO  o.s.c.s.PostProcessorRegistrationDelegate$BeanPostProcessorChecker:376 - Bean 'jimuReportDao' of type [org.jeecgframework.minidao.factory.MiniDaoBeanFactory] is not eligible for getting processed by all BeanPostProcessors (for example: not eligible for auto-proxying)
2026-08-17 10:14:29.576 [main] INFO  o.s.c.s.PostProcessorRegistrationDelegate$BeanPostProcessorChecker:376 - Bean '(inner bean)#4a9f80d3#1' of type [org.jeecgframework.minidao.aop.MiniDaoHandler] is not eligible for getting processed by all BeanPostProcessors (for example: not eligible for auto-proxying)
2026-08-17 10:14:29.577 [main] INFO  o.s.c.s.PostProcessorRegistrationDelegate$BeanPostProcessorChecker:376 - Bean 'jimuReportDataSourceDao' of type [org.jeecgframework.minidao.factory.MiniDaoBeanFactory] is not eligible for getting processed by all BeanPostProcessors (for example: not eligible for auto-proxying)
2026-08-17 10:14:29.578 [main] INFO  o.s.c.s.PostProcessorRegistrationDelegate$BeanPostProcessorChecker:376 - Bean '(inner bean)#4a9f80d3#2' of type [org.jeecgframework.minidao.aop.MiniDaoHandler] is not eligible for getting processed by all BeanPostProcessors (for example: not eligible for auto-proxying)
2026-08-17 10:14:29.579 [main] INFO  o.s.c.s.PostProcessorRegistrationDelegate$BeanPostProcessorChecker:376 - Bean 'jimuReportDbDao' of type [org.jeecgframework.minidao.factory.MiniDaoBeanFactory] is not eligible for getting processed by all BeanPostProcessors (for example: not eligible for auto-proxying)
2026-08-17 10:14:29.579 [main] INFO  o.s.c.s.PostProcessorRegistrationDelegate$BeanPostProcessorChecker:376 - Bean '(inner bean)#4a9f80d3#3' of type [org.jeecgframework.minidao.aop.MiniDaoHandler] is not eligible for getting processed by all BeanPostProcessors (for example: not eligible for auto-proxying)
2026-08-17 10:14:29.580 [main] INFO  o.s.c.s.PostProcessorRegistrationDelegate$BeanPostProcessorChecker:376 - Bean 'jimuReportDbFieldDao' of type [org.jeecgframework.minidao.factory.MiniDaoBeanFactory] is not eligible for getting processed by all BeanPostProcessors (for example: not eligible for auto-proxying)
2026-08-17 10:14:29.581 [main] INFO  o.s.c.s.PostProcessorRegistrationDelegate$BeanPostProcessorChecker:376 - Bean '(inner bean)#4a9f80d3#4' of type [org.jeecgframework.minidao.aop.MiniDaoHandler] is not eligible for getting processed by all BeanPostProcessors (for example: not eligible for auto-proxying)
2026-08-17 10:14:29.582 [main] INFO  o.s.c.s.PostProcessorRegistrationDelegate$BeanPostProcessorChecker:376 - Bean 'jimuReportDbParamDao' of type [org.jeecgframework.minidao.factory.MiniDaoBeanFactory] is not eligible for getting processed by all BeanPostProcessors (for example: not eligible for auto-proxying)
2026-08-17 10:14:29.583 [main] INFO  o.s.c.s.PostProcessorRegistrationDelegate$BeanPostProcessorChecker:376 - Bean '(inner bean)#4a9f80d3#5' of type [org.jeecgframework.minidao.aop.MiniDaoHandler] is not eligible for getting processed by all BeanPostProcessors (for example: not eligible for auto-proxying)
2026-08-17 10:14:29.584 [main] INFO  o.s.c.s.PostProcessorRegistrationDelegate$BeanPostProcessorChecker:376 - Bean 'jimuReportDictDao' of type [org.jeecgframework.minidao.factory.MiniDaoBeanFactory] is not eligible for getting processed by all BeanPostProcessors (for example: not eligible for auto-proxying)
2026-08-17 10:14:29.584 [main] INFO  o.s.c.s.PostProcessorRegistrationDelegate$BeanPostProcessorChecker:376 - Bean '(inner bean)#4a9f80d3#6' of type [org.jeecgframework.minidao.aop.MiniDaoHandler] is not eligible for getting processed by all BeanPostProcessors (for example: not eligible for auto-proxying)
2026-08-17 10:14:29.585 [main] INFO  o.s.c.s.PostProcessorRegistrationDelegate$BeanPostProcessorChecker:376 - Bean 'jimuReportDictItemDao' of type [org.jeecgframework.minidao.factory.MiniDaoBeanFactory] is not eligible for getting processed by all BeanPostProcessors (for example: not eligible for auto-proxying)
2026-08-17 10:14:29.586 [main] INFO  o.s.c.s.PostProcessorRegistrationDelegate$BeanPostProcessorChecker:376 - Bean '(inner bean)#4a9f80d3#7' of type [org.jeecgframework.minidao.aop.MiniDaoHandler] is not eligible for getting processed by all BeanPostProcessors (for example: not eligible for auto-proxying)
2026-08-17 10:14:29.586 [main] INFO  o.s.c.s.PostProcessorRegistrationDelegate$BeanPostProcessorChecker:376 - Bean 'jimuReportLinkDao' of type [org.jeecgframework.minidao.factory.MiniDaoBeanFactory] is not eligible for getting processed by all BeanPostProcessors (for example: not eligible for auto-proxying)
2026-08-17 10:14:29.587 [main] INFO  o.s.c.s.PostProcessorRegistrationDelegate$BeanPostProcessorChecker:376 - Bean '(inner bean)#4a9f80d3#8' of type [org.jeecgframework.minidao.aop.MiniDaoHandler] is not eligible for getting processed by all BeanPostProcessors (for example: not eligible for auto-proxying)
2026-08-17 10:14:29.588 [main] INFO  o.s.c.s.PostProcessorRegistrationDelegate$BeanPostProcessorChecker:376 - Bean 'jimuReportMapDao' of type [org.jeecgframework.minidao.factory.MiniDaoBeanFactory] is not eligible for getting processed by all BeanPostProcessors (for example: not eligible for auto-proxying)
2026-08-17 10:14:29.589 [main] INFO  o.s.c.s.PostProcessorRegistrationDelegate$BeanPostProcessorChecker:376 - Bean '(inner bean)#4a9f80d3#9' of type [org.jeecgframework.minidao.aop.MiniDaoHandler] is not eligible for getting processed by all BeanPostProcessors (for example: not eligible for auto-proxying)
2026-08-17 10:14:29.590 [main] INFO  o.s.c.s.PostProcessorRegistrationDelegate$BeanPostProcessorChecker:376 - Bean 'jimuReportShareDao' of type [org.jeecgframework.minidao.factory.MiniDaoBeanFactory] is not eligible for getting processed by all BeanPostProcessors (for example: not eligible for auto-proxying)
2026-08-17 10:14:29.611 [main] INFO  o.s.c.s.PostProcessorRegistrationDelegate$BeanPostProcessorChecker:376 - Bean 'spring.redis-org.springframework.boot.autoconfigure.data.redis.RedisProperties' of type [org.springframework.boot.autoconfigure.data.redis.RedisProperties] is not eligible for getting processed by all BeanPostProcessors (for example: not eligible for auto-proxying)
2026-08-17 10:14:29.614 [main] INFO  o.s.c.s.PostProcessorRegistrationDelegate$BeanPostProcessorChecker:376 - Bean 'org.springframework.boot.autoconfigure.data.redis.LettuceConnectionConfiguration' of type [org.springframework.boot.autoconfigure.data.redis.LettuceConnectionConfiguration] is not eligible for getting processed by all BeanPostProcessors (for example: not eligible for auto-proxying)
2026-08-17 10:14:29.636 [main] INFO  o.s.c.s.PostProcessorRegistrationDelegate$BeanPostProcessorChecker:376 - Bean 'org.springframework.boot.actuate.autoconfigure.metrics.redis.LettuceMetricsAutoConfiguration' of type [org.springframework.boot.actuate.autoconfigure.metrics.redis.LettuceMetricsAutoConfiguration] is not eligible for getting processed by all BeanPostProcessors (for example: not eligible for auto-proxying)
2026-08-17 10:14:29.637 [main] INFO  o.s.c.s.PostProcessorRegistrationDelegate$BeanPostProcessorChecker:376 - Bean 'org.springframework.boot.actuate.autoconfigure.metrics.export.simple.SimpleMetricsExportAutoConfiguration' of type [org.springframework.boot.actuate.autoconfigure.metrics.export.simple.SimpleMetricsExportAutoConfiguration] is not eligible for getting processed by all BeanPostProcessors (for example: not eligible for auto-proxying)
2026-08-17 10:14:29.639 [main] INFO  o.s.c.s.PostProcessorRegistrationDelegate$BeanPostProcessorChecker:376 - Bean 'management.metrics.export.simple-org.springframework.boot.actuate.autoconfigure.metrics.export.simple.SimpleProperties' of type [org.springframework.boot.actuate.autoconfigure.metrics.export.simple.SimpleProperties] is not eligible for getting processed by all BeanPostProcessors (for example: not eligible for auto-proxying)
2026-08-17 10:14:29.643 [main] INFO  o.s.c.s.PostProcessorRegistrationDelegate$BeanPostProcessorChecker:376 - Bean 'simpleConfig' of type [org.springframework.boot.actuate.autoconfigure.metrics.export.simple.SimplePropertiesConfigAdapter] is not eligible for getting processed by all BeanPostProcessors (for example: not eligible for auto-proxying)
2026-08-17 10:14:29.645 [main] INFO  o.s.c.s.PostProcessorRegistrationDelegate$BeanPostProcessorChecker:376 - Bean 'org.springframework.boot.actuate.autoconfigure.metrics.MetricsAutoConfiguration' of type [org.springframework.boot.actuate.autoconfigure.metrics.MetricsAutoConfiguration] is not eligible for getting processed by all BeanPostProcessors (for example: not eligible for auto-proxying)
2026-08-17 10:14:29.646 [main] INFO  o.s.c.s.PostProcessorRegistrationDelegate$BeanPostProcessorChecker:376 - Bean 'micrometerClock' of type [io.micrometer.core.instrument.Clock$1] is not eligible for getting processed by all BeanPostProcessors (for example: not eligible for auto-proxying)
2026-08-17 10:14:29.676 [main] INFO  o.s.c.s.PostProcessorRegistrationDelegate$BeanPostProcessorChecker:376 - Bean 'simpleMeterRegistry' of type [io.micrometer.core.instrument.simple.SimpleMeterRegistry] is not eligible for getting processed by all BeanPostProcessors (for example: not eligible for auto-proxying)
2026-08-17 10:14:29.681 [main] INFO  o.s.c.s.PostProcessorRegistrationDelegate$BeanPostProcessorChecker:376 - Bean 'micrometerOptions' of type [io.lettuce.core.metrics.MicrometerOptions] is not eligible for getting processed by all BeanPostProcessors (for example: not eligible for auto-proxying)
2026-08-17 10:14:29.682 [main] INFO  o.s.c.s.PostProcessorRegistrationDelegate$BeanPostProcessorChecker:376 - Bean 'lettuceMetrics' of type [org.springframework.boot.actuate.autoconfigure.metrics.redis.LettuceMetricsAutoConfiguration$$Lambda/0x0000022a8149b770] is not eligible for getting processed by all BeanPostProcessors (for example: not eligible for auto-proxying)
2026-08-17 10:14:29.801 [main] INFO  o.s.c.s.PostProcessorRegistrationDelegate$BeanPostProcessorChecker:376 - Bean 'lettuceClientResources' of type [io.lettuce.core.resource.DefaultClientResources] is not eligible for getting processed by all BeanPostProcessors (for example: not eligible for auto-proxying)
2026-08-17 10:14:29.855 [main] INFO  o.s.c.s.PostProcessorRegistrationDelegate$BeanPostProcessorChecker:376 - Bean 'redisConnectionFactory' of type [org.springframework.data.redis.connection.lettuce.LettuceConnectionFactory] is not eligible for getting processed by all BeanPostProcessors (for example: not eligible for auto-proxying)
2026-08-17 10:14:29.874 [main] INFO  o.s.c.s.PostProcessorRegistrationDelegate$BeanPostProcessorChecker:376 - Bean 'shiroConfig' of type [org.jeecg.config.shiro.ShiroConfig$$EnhancerBySpringCGLIB$$4868f10] is not eligible for getting processed by all BeanPostProcessors (for example: not eligible for auto-proxying)
2026-08-17 10:14:30.112 [main] INFO  o.s.c.s.PostProcessorRegistrationDelegate$BeanPostProcessorChecker:376 - Bean 'spring.datasource.dynamic-com.baomidou.dynamic.datasource.spring.boot.autoconfigure.DynamicDataSourceProperties' of type [com.baomidou.dynamic.datasource.spring.boot.autoconfigure.DynamicDataSourceProperties] is not eligible for getting processed by all BeanPostProcessors (for example: not eligible for auto-proxying)
2026-08-17 10:14:30.117 [main] INFO  o.s.c.s.PostProcessorRegistrationDelegate$BeanPostProcessorChecker:376 - Bean 'com.baomidou.dynamic.datasource.spring.boot.autoconfigure.DynamicDataSourceAutoConfiguration' of type [com.baomidou.dynamic.datasource.spring.boot.autoconfigure.DynamicDataSourceAutoConfiguration$$EnhancerBySpringCGLIB$$ed8b7e8] is not eligible for getting processed by all BeanPostProcessors (for example: not eligible for auto-proxying)
2026-08-17 10:14:30.125 [main] INFO  o.s.c.s.PostProcessorRegistrationDelegate$BeanPostProcessorChecker:376 - Bean 'dsProcessor' of type [com.baomidou.dynamic.datasource.processor.DsHeaderProcessor] is not eligible for getting processed by all BeanPostProcessors (for example: not eligible for auto-proxying)
2026-08-17 10:14:30.166 [main] INFO  o.s.c.s.PostProcessorRegistrationDelegate$BeanPostProcessorChecker:376 - Bean 'shiroRealm' of type [org.jeecg.config.shiro.ShiroRealm] is not eligible for getting processed by all BeanPostProcessors (for example: not eligible for auto-proxying)
2026-08-17 10:14:30.262 [main] INFO  org.jeecg.config.shiro.ShiroConfig:215 - ===============(1)创建缓存管理器RedisCacheManager
2026-08-17 10:14:30.265 [main] INFO  org.jeecg.config.shiro.ShiroConfig:233 - ===============(2)创建RedisManager,连接Redis..
2026-08-17 10:14:30.268 [main] INFO  o.s.c.s.PostProcessorRegistrationDelegate$BeanPostProcessorChecker:376 - Bean 'redisManager' of type [org.crazycake.shiro.RedisManager] is not eligible for getting processed by all BeanPostProcessors (for example: not eligible for auto-proxying)
2026-08-17 10:14:30.274 [main] INFO  o.s.c.s.PostProcessorRegistrationDelegate$BeanPostProcessorChecker:376 - Bean 'securityManager' of type [org.apache.shiro.web.mgt.DefaultWebSecurityManager] is not eligible for getting processed by all BeanPostProcessors (for example: not eligible for auto-proxying)
2026-08-17 10:14:30.292 [main] INFO  o.s.c.s.PostProcessorRegistrationDelegate$BeanPostProcessorChecker:376 - Bean 'authorizationAttributeSourceAdvisor' of type [org.apache.shiro.spring.security.interceptor.AuthorizationAttributeSourceAdvisor] is not eligible for getting processed by all BeanPostProcessors (for example: not eligible for auto-proxying)
2026-08-17 10:14:30.309 [main] INFO  o.s.c.s.PostProcessorRegistrationDelegate$BeanPostProcessorChecker:376 - Bean 'org.apache.shiro.spring.boot.autoconfigure.ShiroBeanAutoConfiguration' of type [org.apache.shiro.spring.boot.autoconfigure.ShiroBeanAutoConfiguration$$EnhancerBySpringCGLIB$$b86324c7] is not eligible for getting processed by all BeanPostProcessors (for example: not eligible for auto-proxying)
2026-08-17 10:14:30.313 [main] INFO  o.s.c.s.PostProcessorRegistrationDelegate$BeanPostProcessorChecker:376 - Bean 'eventBus' of type [org.apache.shiro.event.support.DefaultEventBus] is not eligible for getting processed by all BeanPostProcessors (for example: not eligible for auto-proxying)
2026-08-17 10:14:30.673 [main] INFO  o.s.boot.web.embedded.tomcat.TomcatWebServer:108 - Tomcat initialized with port(s): 8080 (http)
2026-08-17 10:14:30.680 [main] INFO  org.apache.coyote.http11.Http11NioProtocol:173 - Initializing ProtocolHandler ["http-nio-8080"]
2026-08-17 10:14:30.680 [main] INFO  org.apache.catalina.core.StandardService:173 - Starting service [Tomcat]
2026-08-17 10:14:30.681 [main] INFO  org.apache.catalina.core.StandardEngine:173 - Starting Servlet engine: [Apache Tomcat/9.0.83]
2026-08-17 10:14:30.726 [main] INFO  o.a.c.c.ContainerBase.[Tomcat].[localhost].[/psms]:173 - Initializing Spring embedded WebApplicationContext
2026-08-17 10:14:30.726 [main] INFO  o.s.b.w.s.c.ServletWebServerApplicationContext:292 - Root WebApplicationContext: initialization completed in 3171 ms
2026-08-17 10:14:31.649 [main] INFO  com.alibaba.druid.pool.DruidDataSource:1009 - {dataSource-1,master} inited
2026-08-17 10:14:31.650 [main] INFO  c.b.dynamic.datasource.DynamicRoutingDataSource:132 - dynamic-datasource - load a datasource named [master] success
2026-08-17 10:14:31.652 [main] INFO  c.b.dynamic.datasource.DynamicRoutingDataSource:237 - dynamic-datasource initial loaded [1] datasource,primary datasource named [master]
2026-08-17 10:14:32.161 [main] ERROR com.baomidou.mybatisplus.core.MybatisConfiguration:100 - mapper[org.jeecg.modules.psms.analyse.mapper.AnalyseMapper.moreNum] is ignored, because it exists, maybe from xml file
2026-08-17 10:14:32.165 [main] WARN  c.b.mybatisplus.core.metadata.TableInfoHelper:335 - Can not find table primary key in Class: "java.util.Map".
2026-08-17 10:14:33.036 [main] INFO  org.jeecg.common.modules.redis.config.RedisConfig:76 -  --- redis config init --- 
2026-08-17 10:14:34.394 [main] INFO  org.quartz.impl.StdSchedulerFactory:1220 - Using default implementation for ThreadExecutor
2026-08-17 10:14:34.395 [main] INFO  org.quartz.simpl.SimpleThreadPool:268 - Job execution threads will use class loader of thread: main
2026-08-17 10:14:34.402 [main] INFO  org.quartz.core.SchedulerSignalerImpl:61 - Initialized Scheduler Signaller of type: class org.quartz.core.SchedulerSignalerImpl
2026-08-17 10:14:34.402 [main] INFO  org.quartz.core.QuartzScheduler:229 - Quartz Scheduler v.2.3.2 created.
2026-08-17 10:14:34.403 [main] INFO  o.s.scheduling.quartz.LocalDataSourceJobStore:672 - Using db table-based data access locking (synchronization).
2026-08-17 10:14:34.404 [main] INFO  o.s.scheduling.quartz.LocalDataSourceJobStore:145 - JobStoreCMT initialized.
2026-08-17 10:14:34.405 [main] INFO  org.quartz.core.QuartzScheduler:294 - Scheduler meta-data: Quartz Scheduler (v2.3.2) 'MyScheduler' with instanceId 'DESKTOP-7A7ENNC1786932874395'
  Scheduler class: 'org.quartz.core.QuartzScheduler' - running locally.
  NOT STARTED.
  Currently in standby mode.
  Number of jobs executed: 0
  Using thread pool 'org.quartz.simpl.SimpleThreadPool' - with 10 threads.
  Using job-store 'org.springframework.scheduling.quartz.LocalDataSourceJobStore' - which supports persistence. and is clustered.

2026-08-17 10:14:34.405 [main] INFO  org.quartz.impl.StdSchedulerFactory:1374 - Quartz scheduler 'MyScheduler' initialized from an externally provided properties instance.
2026-08-17 10:14:34.405 [main] INFO  org.quartz.impl.StdSchedulerFactory:1378 - Quartz scheduler version: 2.3.2
2026-08-17 10:14:34.405 [main] INFO  org.quartz.core.QuartzScheduler:2293 - JobFactory set to: org.springframework.scheduling.quartz.SpringBeanJobFactory@65514add
2026-08-17 10:14:35.126 [main] INFO  o.j.m.jmreport.config.JimuReportConfiguration:55 -  --- Init JimuReport Config --- 
2026-08-17 10:14:35.787 [main] INFO  o.s.b.actuate.endpoint.web.EndpointLinksResolver:58 - Exposing 2 endpoint(s) beneath base path '/actuator'
2026-08-17 10:14:35.893 [main] INFO  org.jeecg.config.init.CodeGenerateDbConfig:46 -  代码生成器数据库连接，使用application.yml的DB配置 ###################
2026-08-17 10:14:35.933 [main] INFO  s.d.s.w.WebMvcPropertySourcedRequestMappingHandlerMapping:69 - Mapped URL path [/v2/api-docs] onto method [springfox.documentation.swagger2.web.Swagger2ControllerWebMvc#getDocumentation(String, HttpServletRequest)]
2026-08-17 10:14:36.034 [main] INFO  o.j.modules.jmreport.config.JmReportExecutorConfig:21 - ---创建线程池---
2026-08-17 10:14:36.250 [main] INFO  o.s.b.a.web.servlet.WelcomePageHandlerMapping:60 - Adding welcome page: class path resource [static/index.html]
2026-08-17 10:14:36.414 [main] WARN  o.s.b.w.s.c.AnnotationConfigServletWebServerApplicationContext:599 - Exception encountered during context initialization - cancelling refresh attempt: org.springframework.beans.factory.BeanCreationException: Error creating bean with name 'org.springframework.boot.actuate.autoconfigure.metrics.cache.CacheMetricsRegistrarConfiguration': Bean instantiation via constructor failed; nested exception is org.springframework.beans.BeanInstantiationException: Failed to instantiate [org.springframework.boot.actuate.autoconfigure.metrics.cache.CacheMetricsRegistrarConfiguration]: Constructor threw exception; nested exception is java.lang.NullPointerException: Cannot invoke "org.springframework.data.redis.cache.CacheStatistics.getMisses()" because the return value of "org.springframework.data.redis.cache.RedisCache.getStatistics()" is null
2026-08-17 10:14:36.418 [main] INFO  o.s.scheduling.quartz.SchedulerFactoryBean:847 - Shutting down Quartz Scheduler
2026-08-17 10:14:36.418 [main] INFO  org.quartz.core.QuartzScheduler:666 - Scheduler MyScheduler_$_DESKTOP-7A7ENNC1786932874395 shutting down.
2026-08-17 10:14:36.418 [main] INFO  org.quartz.core.QuartzScheduler:585 - Scheduler MyScheduler_$_DESKTOP-7A7ENNC1786932874395 paused.
2026-08-17 10:14:36.420 [main] INFO  org.quartz.core.QuartzScheduler:740 - Scheduler MyScheduler_$_DESKTOP-7A7ENNC1786932874395 shutdown complete.
2026-08-17 10:14:36.424 [main] INFO  c.b.dynamic.datasource.DynamicRoutingDataSource:217 - dynamic-datasource start closing ....
2026-08-17 10:14:36.425 [main] INFO  com.alibaba.druid.pool.DruidDataSource:2174 - {dataSource-1} closing ...
2026-08-17 10:14:36.431 [main] INFO  com.alibaba.druid.pool.DruidDataSource:2247 - {dataSource-1} closed
2026-08-17 10:14:36.431 [main] INFO  c.b.dynamic.datasource.DynamicRoutingDataSource:221 - dynamic-datasource all closed success,bye
2026-08-17 10:14:36.441 [main] INFO  org.apache.catalina.core.StandardService:173 - Stopping service [Tomcat]
2026-08-17 10:14:36.478 [main] INFO  o.s.b.a.l.ConditionEvaluationReportLoggingListener:136 - 

Error starting ApplicationContext. To display the conditions report re-run your application with 'debug' enabled.
2026-08-17 10:14:36.511 [main] ERROR org.springframework.boot.SpringApplication:818 - Application run failed
org.springframework.beans.factory.BeanCreationException: Error creating bean with name 'org.springframework.boot.actuate.autoconfigure.metrics.cache.CacheMetricsRegistrarConfiguration': Bean instantiation via constructor failed; nested exception is org.springframework.beans.BeanInstantiationException: Failed to instantiate [org.springframework.boot.actuate.autoconfigure.metrics.cache.CacheMetricsRegistrarConfiguration]: Constructor threw exception; nested exception is java.lang.NullPointerException: Cannot invoke "org.springframework.data.redis.cache.CacheStatistics.getMisses()" because the return value of "org.springframework.data.redis.cache.RedisCache.getStatistics()" is null
	at org.springframework.beans.factory.support.ConstructorResolver.instantiate(ConstructorResolver.java:310)
	at org.springframework.beans.factory.support.ConstructorResolver.autowireConstructor(ConstructorResolver.java:291)
	at org.springframework.beans.factory.support.AbstractAutowireCapableBeanFactory.autowireConstructor(AbstractAutowireCapableBeanFactory.java:1372)
	at org.springframework.beans.factory.support.AbstractAutowireCapableBeanFactory.createBeanInstance(AbstractAutowireCapableBeanFactory.java:1222)
	at org.springframework.beans.factory.support.AbstractAutowireCapableBeanFactory.doCreateBean(AbstractAutowireCapableBeanFactory.java:582)
	at org.springframework.beans.factory.support.AbstractAutowireCapableBeanFactory.createBean(AbstractAutowireCapableBeanFactory.java:542)
	at org.springframework.beans.factory.support.AbstractBeanFactory.lambda$doGetBean$0(AbstractBeanFactory.java:335)
	at org.springframework.beans.factory.support.DefaultSingletonBeanRegistry.getSingleton(DefaultSingletonBeanRegistry.java:234)
	at org.springframework.beans.factory.support.AbstractBeanFactory.doGetBean(AbstractBeanFactory.java:333)
	at org.springframework.beans.factory.support.AbstractBeanFactory.getBean(AbstractBeanFactory.java:208)
	at org.springframework.beans.factory.support.DefaultListableBeanFactory.preInstantiateSingletons(DefaultListableBeanFactory.java:955)
	at org.springframework.context.support.AbstractApplicationContext.finishBeanFactoryInitialization(AbstractApplicationContext.java:929)
	at org.springframework.context.support.AbstractApplicationContext.refresh(AbstractApplicationContext.java:591)
	at org.springframework.boot.web.servlet.context.ServletWebServerApplicationContext.refresh(ServletWebServerApplicationContext.java:147)
	at org.springframework.boot.SpringApplication.refresh(SpringApplication.java:732)
	at org.springframework.boot.SpringApplication.refreshContext(SpringApplication.java:409)
	at org.springframework.boot.SpringApplication.run(SpringApplication.java:308)
	at org.springframework.boot.SpringApplication.run(SpringApplication.java:1300)
	at org.springframework.boot.SpringApplication.run(SpringApplication.java:1289)
	at org.jeecg.JeecgSystemApplication.main(JeecgSystemApplication.java:37)
	at java.base/jdk.internal.reflect.DirectMethodHandleAccessor.invoke(DirectMethodHandleAccessor.java:103)
	at java.base/java.lang.reflect.Method.invoke(Method.java:580)
	at org.springframework.boot.loader.MainMethodRunner.run(MainMethodRunner.java:49)
	at org.springframework.boot.loader.Launcher.launch(Launcher.java:108)
	at org.springframework.boot.loader.Launcher.launch(Launcher.java:58)
	at org.springframework.boot.loader.JarLauncher.main(JarLauncher.java:65)
Caused by: org.springframework.beans.BeanInstantiationException: Failed to instantiate [org.springframework.boot.actuate.autoconfigure.metrics.cache.CacheMetricsRegistrarConfiguration]: Constructor threw exception; nested exception is java.lang.NullPointerException: Cannot invoke "org.springframework.data.redis.cache.CacheStatistics.getMisses()" because the return value of "org.springframework.data.redis.cache.RedisCache.getStatistics()" is null
	at org.springframework.beans.BeanUtils.instantiateClass(BeanUtils.java:226)
	at org.springframework.beans.factory.support.SimpleInstantiationStrategy.instantiate(SimpleInstantiationStrategy.java:117)
	at org.springframework.beans.factory.support.ConstructorResolver.instantiate(ConstructorResolver.java:306)
	... 25 common frames omitted
Caused by: java.lang.NullPointerException: Cannot invoke "org.springframework.data.redis.cache.CacheStatistics.getMisses()" because the return value of "org.springframework.data.redis.cache.RedisCache.getStatistics()" is null
	at org.springframework.boot.actuate.metrics.cache.RedisCacheMetrics.missCount(RedisCacheMetrics.java:56)
	at io.micrometer.core.instrument.binder.cache.CacheMeterBinder.bindTo(CacheMeterBinder.java:71)
	at org.springframework.boot.actuate.metrics.cache.CacheMetricsRegistrar.bindCacheToRegistry(CacheMetricsRegistrar.java:65)
	at org.springframework.boot.actuate.autoconfigure.metrics.cache.CacheMetricsRegistrarConfiguration.bindCacheToRegistry(CacheMetricsRegistrarConfiguration.java:76)
	at org.springframework.boot.actuate.autoconfigure.metrics.cache.CacheMetricsRegistrarConfiguration.lambda$bindCacheManagerToRegistry$0(CacheMetricsRegistrarConfiguration.java:71)
	at java.base/java.lang.Iterable.forEach(Iterable.java:75)
	at java.base/java.util.Collections$UnmodifiableCollection.forEach(Collections.java:1116)
	at org.springframework.boot.actuate.autoconfigure.metrics.cache.CacheMetricsRegistrarConfiguration.bindCacheManagerToRegistry(CacheMetricsRegistrarConfiguration.java:71)
	at java.base/java.util.LinkedHashMap.forEach(LinkedHashMap.java:986)
	at org.springframework.boot.actuate.autoconfigure.metrics.cache.CacheMetricsRegistrarConfiguration.bindCachesToRegistry(CacheMetricsRegistrarConfiguration.java:66)
	at org.springframework.boot.actuate.autoconfigure.metrics.cache.CacheMetricsRegistrarConfiguration.<init>(CacheMetricsRegistrarConfiguration.java:57)
	at java.base/jdk.internal.reflect.DirectConstructorHandleAccessor.newInstance(DirectConstructorHandleAccessor.java:62)
	at java.base/java.lang.reflect.Constructor.newInstanceWithCaller(Constructor.java:502)
	at java.base/java.lang.reflect.Constructor.newInstance(Constructor.java:486)
	at org.springframework.beans.BeanUtils.instantiateClass(BeanUtils.java:213)
	... 27 common frames omitted
2026-08-17 10:17:18.206 [background-preinit] INFO  org.hibernate.validator.internal.util.Version:21 - HV000001: Hibernate Validator 6.2.5.Final
2026-08-17 10:17:18.234 [main] INFO  org.jeecg.JeecgSystemApplication:55 - Starting JeecgSystemApplication v2.4.6 using Java 21.0.9 on DESKTOP-7A7ENNC with PID 75996 (D:\工作文档\软件工程教研室\2026\2026-2027（1）学期\软件工程技术综合实践\餐饮业油烟监控平台\后端代码\psms\jeecg-boot-module-system\target\jeecg-boot-module-system-2.4.6.jar started by HP in D:\工作文档\软件工程教研室\2026\2026-2027（1）学期\软件工程技术综合实践\餐饮业油烟监控平台\后端代码\psms\jeecg-boot-module-system\target)
2026-08-17 10:17:18.235 [main] INFO  org.jeecg.JeecgSystemApplication:638 - The following 1 profile is active: "dev"
2026-08-17 10:17:19.612 [main] INFO  o.s.d.r.config.RepositoryConfigurationDelegate:262 - Multiple Spring Data modules found, entering strict repository configuration mode
2026-08-17 10:17:19.615 [main] INFO  o.s.d.r.config.RepositoryConfigurationDelegate:132 - Bootstrapping Spring Data Redis repositories in DEFAULT mode.
2026-08-17 10:17:19.662 [main] INFO  o.s.d.r.config.RepositoryConfigurationDelegate:201 - Finished Spring Data repository scanning in 38 ms. Found 0 Redis repository interfaces.
2026-08-17 10:17:19.766 [main] INFO  o.j.minidao.auto.MinidaoAutoConfiguration:23 -  ******************* init miniDao config [ begin ] *********************** 
2026-08-17 10:17:19.766 [main] INFO  o.j.minidao.auto.MinidaoAutoConfiguration:25 -  ------ minidao.base-package ------- org.jeecg.modules.jmreport.*
2026-08-17 10:17:19.767 [main] INFO  o.j.minidao.auto.MinidaoAutoConfiguration:42 -  *******************  init miniDao config  [ end ] *********************** 
2026-08-17 10:17:19.810 [main] INFO  o.j.minidao.factory.MiniDaoClassPathMapperScanner:48 - register minidao name is { org.jeecg.modules.jmreport.desreport.dao.JimuReportDao }
2026-08-17 10:17:19.811 [main] INFO  o.j.minidao.factory.MiniDaoClassPathMapperScanner:48 - register minidao name is { org.jeecg.modules.jmreport.desreport.dao.JimuReportDataSourceDao }
2026-08-17 10:17:19.812 [main] INFO  o.j.minidao.factory.MiniDaoClassPathMapperScanner:48 - register minidao name is { org.jeecg.modules.jmreport.desreport.dao.JimuReportDbDao }
2026-08-17 10:17:19.812 [main] INFO  o.j.minidao.factory.MiniDaoClassPathMapperScanner:48 - register minidao name is { org.jeecg.modules.jmreport.desreport.dao.JimuReportDbFieldDao }
2026-08-17 10:17:19.812 [main] INFO  o.j.minidao.factory.MiniDaoClassPathMapperScanner:48 - register minidao name is { org.jeecg.modules.jmreport.desreport.dao.JimuReportDbParamDao }
2026-08-17 10:17:19.812 [main] INFO  o.j.minidao.factory.MiniDaoClassPathMapperScanner:48 - register minidao name is { org.jeecg.modules.jmreport.desreport.dao.JimuReportDictDao }
2026-08-17 10:17:19.813 [main] INFO  o.j.minidao.factory.MiniDaoClassPathMapperScanner:48 - register minidao name is { org.jeecg.modules.jmreport.desreport.dao.JimuReportDictItemDao }
2026-08-17 10:17:19.813 [main] INFO  o.j.minidao.factory.MiniDaoClassPathMapperScanner:48 - register minidao name is { org.jeecg.modules.jmreport.desreport.dao.JimuReportLinkDao }
2026-08-17 10:17:19.813 [main] INFO  o.j.minidao.factory.MiniDaoClassPathMapperScanner:48 - register minidao name is { org.jeecg.modules.jmreport.desreport.dao.JimuReportMapDao }
2026-08-17 10:17:19.813 [main] INFO  o.j.minidao.factory.MiniDaoClassPathMapperScanner:48 - register minidao name is { org.jeecg.modules.jmreport.desreport.dao.JimuReportShareDao }
2026-08-17 10:17:20.086 [main] INFO  o.s.c.s.PostProcessorRegistrationDelegate$BeanPostProcessorChecker:376 - Bean '(inner bean)#4a9f80d3' of type [org.jeecgframework.minidao.aop.MiniDaoHandler] is not eligible for getting processed by all BeanPostProcessors (for example: not eligible for auto-proxying)
2026-08-17 10:17:20.092 [main] INFO  o.s.c.s.PostProcessorRegistrationDelegate$BeanPostProcessorChecker:376 - Bean 'jimuReportDao' of type [org.jeecgframework.minidao.factory.MiniDaoBeanFactory] is not eligible for getting processed by all BeanPostProcessors (for example: not eligible for auto-proxying)
2026-08-17 10:17:20.093 [main] INFO  o.s.c.s.PostProcessorRegistrationDelegate$BeanPostProcessorChecker:376 - Bean '(inner bean)#4a9f80d3#1' of type [org.jeecgframework.minidao.aop.MiniDaoHandler] is not eligible for getting processed by all BeanPostProcessors (for example: not eligible for auto-proxying)
2026-08-17 10:17:20.094 [main] INFO  o.s.c.s.PostProcessorRegistrationDelegate$BeanPostProcessorChecker:376 - Bean 'jimuReportDataSourceDao' of type [org.jeecgframework.minidao.factory.MiniDaoBeanFactory] is not eligible for getting processed by all BeanPostProcessors (for example: not eligible for auto-proxying)
2026-08-17 10:17:20.095 [main] INFO  o.s.c.s.PostProcessorRegistrationDelegate$BeanPostProcessorChecker:376 - Bean '(inner bean)#4a9f80d3#2' of type [org.jeecgframework.minidao.aop.MiniDaoHandler] is not eligible for getting processed by all BeanPostProcessors (for example: not eligible for auto-proxying)
2026-08-17 10:17:20.095 [main] INFO  o.s.c.s.PostProcessorRegistrationDelegate$BeanPostProcessorChecker:376 - Bean 'jimuReportDbDao' of type [org.jeecgframework.minidao.factory.MiniDaoBeanFactory] is not eligible for getting processed by all BeanPostProcessors (for example: not eligible for auto-proxying)
2026-08-17 10:17:20.096 [main] INFO  o.s.c.s.PostProcessorRegistrationDelegate$BeanPostProcessorChecker:376 - Bean '(inner bean)#4a9f80d3#3' of type [org.jeecgframework.minidao.aop.MiniDaoHandler] is not eligible for getting processed by all BeanPostProcessors (for example: not eligible for auto-proxying)
2026-08-17 10:17:20.096 [main] INFO  o.s.c.s.PostProcessorRegistrationDelegate$BeanPostProcessorChecker:376 - Bean 'jimuReportDbFieldDao' of type [org.jeecgframework.minidao.factory.MiniDaoBeanFactory] is not eligible for getting processed by all BeanPostProcessors (for example: not eligible for auto-proxying)
2026-08-17 10:17:20.097 [main] INFO  o.s.c.s.PostProcessorRegistrationDelegate$BeanPostProcessorChecker:376 - Bean '(inner bean)#4a9f80d3#4' of type [org.jeecgframework.minidao.aop.MiniDaoHandler] is not eligible for getting processed by all BeanPostProcessors (for example: not eligible for auto-proxying)
2026-08-17 10:17:20.097 [main] INFO  o.s.c.s.PostProcessorRegistrationDelegate$BeanPostProcessorChecker:376 - Bean 'jimuReportDbParamDao' of type [org.jeecgframework.minidao.factory.MiniDaoBeanFactory] is not eligible for getting processed by all BeanPostProcessors (for example: not eligible for auto-proxying)
2026-08-17 10:17:20.098 [main] INFO  o.s.c.s.PostProcessorRegistrationDelegate$BeanPostProcessorChecker:376 - Bean '(inner bean)#4a9f80d3#5' of type [org.jeecgframework.minidao.aop.MiniDaoHandler] is not eligible for getting processed by all BeanPostProcessors (for example: not eligible for auto-proxying)
2026-08-17 10:17:20.099 [main] INFO  o.s.c.s.PostProcessorRegistrationDelegate$BeanPostProcessorChecker:376 - Bean 'jimuReportDictDao' of type [org.jeecgframework.minidao.factory.MiniDaoBeanFactory] is not eligible for getting processed by all BeanPostProcessors (for example: not eligible for auto-proxying)
2026-08-17 10:17:20.099 [main] INFO  o.s.c.s.PostProcessorRegistrationDelegate$BeanPostProcessorChecker:376 - Bean '(inner bean)#4a9f80d3#6' of type [org.jeecgframework.minidao.aop.MiniDaoHandler] is not eligible for getting processed by all BeanPostProcessors (for example: not eligible for auto-proxying)
2026-08-17 10:17:20.100 [main] INFO  o.s.c.s.PostProcessorRegistrationDelegate$BeanPostProcessorChecker:376 - Bean 'jimuReportDictItemDao' of type [org.jeecgframework.minidao.factory.MiniDaoBeanFactory] is not eligible for getting processed by all BeanPostProcessors (for example: not eligible for auto-proxying)
2026-08-17 10:17:20.100 [main] INFO  o.s.c.s.PostProcessorRegistrationDelegate$BeanPostProcessorChecker:376 - Bean '(inner bean)#4a9f80d3#7' of type [org.jeecgframework.minidao.aop.MiniDaoHandler] is not eligible for getting processed by all BeanPostProcessors (for example: not eligible for auto-proxying)
2026-08-17 10:17:20.101 [main] INFO  o.s.c.s.PostProcessorRegistrationDelegate$BeanPostProcessorChecker:376 - Bean 'jimuReportLinkDao' of type [org.jeecgframework.minidao.factory.MiniDaoBeanFactory] is not eligible for getting processed by all BeanPostProcessors (for example: not eligible for auto-proxying)
2026-08-17 10:17:20.101 [main] INFO  o.s.c.s.PostProcessorRegistrationDelegate$BeanPostProcessorChecker:376 - Bean '(inner bean)#4a9f80d3#8' of type [org.jeecgframework.minidao.aop.MiniDaoHandler] is not eligible for getting processed by all BeanPostProcessors (for example: not eligible for auto-proxying)
2026-08-17 10:17:20.102 [main] INFO  o.s.c.s.PostProcessorRegistrationDelegate$BeanPostProcessorChecker:376 - Bean 'jimuReportMapDao' of type [org.jeecgframework.minidao.factory.MiniDaoBeanFactory] is not eligible for getting processed by all BeanPostProcessors (for example: not eligible for auto-proxying)
2026-08-17 10:17:20.103 [main] INFO  o.s.c.s.PostProcessorRegistrationDelegate$BeanPostProcessorChecker:376 - Bean '(inner bean)#4a9f80d3#9' of type [org.jeecgframework.minidao.aop.MiniDaoHandler] is not eligible for getting processed by all BeanPostProcessors (for example: not eligible for auto-proxying)
2026-08-17 10:17:20.103 [main] INFO  o.s.c.s.PostProcessorRegistrationDelegate$BeanPostProcessorChecker:376 - Bean 'jimuReportShareDao' of type [org.jeecgframework.minidao.factory.MiniDaoBeanFactory] is not eligible for getting processed by all BeanPostProcessors (for example: not eligible for auto-proxying)
2026-08-17 10:17:20.126 [main] INFO  o.s.c.s.PostProcessorRegistrationDelegate$BeanPostProcessorChecker:376 - Bean 'spring.redis-org.springframework.boot.autoconfigure.data.redis.RedisProperties' of type [org.springframework.boot.autoconfigure.data.redis.RedisProperties] is not eligible for getting processed by all BeanPostProcessors (for example: not eligible for auto-proxying)
2026-08-17 10:17:20.131 [main] INFO  o.s.c.s.PostProcessorRegistrationDelegate$BeanPostProcessorChecker:376 - Bean 'org.springframework.boot.autoconfigure.data.redis.LettuceConnectionConfiguration' of type [org.springframework.boot.autoconfigure.data.redis.LettuceConnectionConfiguration] is not eligible for getting processed by all BeanPostProcessors (for example: not eligible for auto-proxying)
2026-08-17 10:17:20.155 [main] INFO  o.s.c.s.PostProcessorRegistrationDelegate$BeanPostProcessorChecker:376 - Bean 'org.springframework.boot.actuate.autoconfigure.metrics.redis.LettuceMetricsAutoConfiguration' of type [org.springframework.boot.actuate.autoconfigure.metrics.redis.LettuceMetricsAutoConfiguration] is not eligible for getting processed by all BeanPostProcessors (for example: not eligible for auto-proxying)
2026-08-17 10:17:20.156 [main] INFO  o.s.c.s.PostProcessorRegistrationDelegate$BeanPostProcessorChecker:376 - Bean 'org.springframework.boot.actuate.autoconfigure.metrics.export.simple.SimpleMetricsExportAutoConfiguration' of type [org.springframework.boot.actuate.autoconfigure.metrics.export.simple.SimpleMetricsExportAutoConfiguration] is not eligible for getting processed by all BeanPostProcessors (for example: not eligible for auto-proxying)
2026-08-17 10:17:20.159 [main] INFO  o.s.c.s.PostProcessorRegistrationDelegate$BeanPostProcessorChecker:376 - Bean 'management.metrics.export.simple-org.springframework.boot.actuate.autoconfigure.metrics.export.simple.SimpleProperties' of type [org.springframework.boot.actuate.autoconfigure.metrics.export.simple.SimpleProperties] is not eligible for getting processed by all BeanPostProcessors (for example: not eligible for auto-proxying)
2026-08-17 10:17:20.163 [main] INFO  o.s.c.s.PostProcessorRegistrationDelegate$BeanPostProcessorChecker:376 - Bean 'simpleConfig' of type [org.springframework.boot.actuate.autoconfigure.metrics.export.simple.SimplePropertiesConfigAdapter] is not eligible for getting processed by all BeanPostProcessors (for example: not eligible for auto-proxying)
2026-08-17 10:17:20.165 [main] INFO  o.s.c.s.PostProcessorRegistrationDelegate$BeanPostProcessorChecker:376 - Bean 'org.springframework.boot.actuate.autoconfigure.metrics.MetricsAutoConfiguration' of type [org.springframework.boot.actuate.autoconfigure.metrics.MetricsAutoConfiguration] is not eligible for getting processed by all BeanPostProcessors (for example: not eligible for auto-proxying)
2026-08-17 10:17:20.166 [main] INFO  o.s.c.s.PostProcessorRegistrationDelegate$BeanPostProcessorChecker:376 - Bean 'micrometerClock' of type [io.micrometer.core.instrument.Clock$1] is not eligible for getting processed by all BeanPostProcessors (for example: not eligible for auto-proxying)
2026-08-17 10:17:20.186 [main] INFO  o.s.c.s.PostProcessorRegistrationDelegate$BeanPostProcessorChecker:376 - Bean 'simpleMeterRegistry' of type [io.micrometer.core.instrument.simple.SimpleMeterRegistry] is not eligible for getting processed by all BeanPostProcessors (for example: not eligible for auto-proxying)
2026-08-17 10:17:20.189 [main] INFO  o.s.c.s.PostProcessorRegistrationDelegate$BeanPostProcessorChecker:376 - Bean 'micrometerOptions' of type [io.lettuce.core.metrics.MicrometerOptions] is not eligible for getting processed by all BeanPostProcessors (for example: not eligible for auto-proxying)
2026-08-17 10:17:20.190 [main] INFO  o.s.c.s.PostProcessorRegistrationDelegate$BeanPostProcessorChecker:376 - Bean 'lettuceMetrics' of type [org.springframework.boot.actuate.autoconfigure.metrics.redis.LettuceMetricsAutoConfiguration$$Lambda/0x000001dc0149ae98] is not eligible for getting processed by all BeanPostProcessors (for example: not eligible for auto-proxying)
2026-08-17 10:17:20.324 [main] INFO  o.s.c.s.PostProcessorRegistrationDelegate$BeanPostProcessorChecker:376 - Bean 'lettuceClientResources' of type [io.lettuce.core.resource.DefaultClientResources] is not eligible for getting processed by all BeanPostProcessors (for example: not eligible for auto-proxying)
2026-08-17 10:17:20.379 [main] INFO  o.s.c.s.PostProcessorRegistrationDelegate$BeanPostProcessorChecker:376 - Bean 'redisConnectionFactory' of type [org.springframework.data.redis.connection.lettuce.LettuceConnectionFactory] is not eligible for getting processed by all BeanPostProcessors (for example: not eligible for auto-proxying)
2026-08-17 10:17:20.381 [main] INFO  o.s.c.s.PostProcessorRegistrationDelegate$BeanPostProcessorChecker:376 - Bean 'shiroConfig' of type [org.jeecg.config.shiro.ShiroConfig$$EnhancerBySpringCGLIB$$4868f10] is not eligible for getting processed by all BeanPostProcessors (for example: not eligible for auto-proxying)
2026-08-17 10:17:20.596 [main] INFO  o.s.c.s.PostProcessorRegistrationDelegate$BeanPostProcessorChecker:376 - Bean 'spring.datasource.dynamic-com.baomidou.dynamic.datasource.spring.boot.autoconfigure.DynamicDataSourceProperties' of type [com.baomidou.dynamic.datasource.spring.boot.autoconfigure.DynamicDataSourceProperties] is not eligible for getting processed by all BeanPostProcessors (for example: not eligible for auto-proxying)
2026-08-17 10:17:20.600 [main] INFO  o.s.c.s.PostProcessorRegistrationDelegate$BeanPostProcessorChecker:376 - Bean 'com.baomidou.dynamic.datasource.spring.boot.autoconfigure.DynamicDataSourceAutoConfiguration' of type [com.baomidou.dynamic.datasource.spring.boot.autoconfigure.DynamicDataSourceAutoConfiguration$$EnhancerBySpringCGLIB$$ed8b7e8] is not eligible for getting processed by all BeanPostProcessors (for example: not eligible for auto-proxying)
2026-08-17 10:17:20.605 [main] INFO  o.s.c.s.PostProcessorRegistrationDelegate$BeanPostProcessorChecker:376 - Bean 'dsProcessor' of type [com.baomidou.dynamic.datasource.processor.DsHeaderProcessor] is not eligible for getting processed by all BeanPostProcessors (for example: not eligible for auto-proxying)
2026-08-17 10:17:20.640 [main] INFO  o.s.c.s.PostProcessorRegistrationDelegate$BeanPostProcessorChecker:376 - Bean 'shiroRealm' of type [org.jeecg.config.shiro.ShiroRealm] is not eligible for getting processed by all BeanPostProcessors (for example: not eligible for auto-proxying)
2026-08-17 10:17:20.741 [main] INFO  org.jeecg.config.shiro.ShiroConfig:215 - ===============(1)创建缓存管理器RedisCacheManager
2026-08-17 10:17:20.742 [main] INFO  org.jeecg.config.shiro.ShiroConfig:233 - ===============(2)创建RedisManager,连接Redis..
2026-08-17 10:17:20.745 [main] INFO  o.s.c.s.PostProcessorRegistrationDelegate$BeanPostProcessorChecker:376 - Bean 'redisManager' of type [org.crazycake.shiro.RedisManager] is not eligible for getting processed by all BeanPostProcessors (for example: not eligible for auto-proxying)
2026-08-17 10:17:20.753 [main] INFO  o.s.c.s.PostProcessorRegistrationDelegate$BeanPostProcessorChecker:376 - Bean 'securityManager' of type [org.apache.shiro.web.mgt.DefaultWebSecurityManager] is not eligible for getting processed by all BeanPostProcessors (for example: not eligible for auto-proxying)
2026-08-17 10:17:20.773 [main] INFO  o.s.c.s.PostProcessorRegistrationDelegate$BeanPostProcessorChecker:376 - Bean 'authorizationAttributeSourceAdvisor' of type [org.apache.shiro.spring.security.interceptor.AuthorizationAttributeSourceAdvisor] is not eligible for getting processed by all BeanPostProcessors (for example: not eligible for auto-proxying)
2026-08-17 10:17:20.795 [main] INFO  o.s.c.s.PostProcessorRegistrationDelegate$BeanPostProcessorChecker:376 - Bean 'org.apache.shiro.spring.boot.autoconfigure.ShiroBeanAutoConfiguration' of type [org.apache.shiro.spring.boot.autoconfigure.ShiroBeanAutoConfiguration$$EnhancerBySpringCGLIB$$b86324c7] is not eligible for getting processed by all BeanPostProcessors (for example: not eligible for auto-proxying)
2026-08-17 10:17:20.799 [main] INFO  o.s.c.s.PostProcessorRegistrationDelegate$BeanPostProcessorChecker:376 - Bean 'eventBus' of type [org.apache.shiro.event.support.DefaultEventBus] is not eligible for getting processed by all BeanPostProcessors (for example: not eligible for auto-proxying)
2026-08-17 10:17:21.176 [main] INFO  o.s.boot.web.embedded.tomcat.TomcatWebServer:108 - Tomcat initialized with port(s): 8080 (http)
2026-08-17 10:17:21.183 [main] INFO  org.apache.coyote.http11.Http11NioProtocol:173 - Initializing ProtocolHandler ["http-nio-8080"]
2026-08-17 10:17:21.184 [main] INFO  org.apache.catalina.core.StandardService:173 - Starting service [Tomcat]
2026-08-17 10:17:21.184 [main] INFO  org.apache.catalina.core.StandardEngine:173 - Starting Servlet engine: [Apache Tomcat/9.0.83]
2026-08-17 10:17:21.227 [main] INFO  o.a.c.c.ContainerBase.[Tomcat].[localhost].[/psms]:173 - Initializing Spring embedded WebApplicationContext
2026-08-17 10:17:21.228 [main] INFO  o.s.b.w.s.c.ServletWebServerApplicationContext:292 - Root WebApplicationContext: initialization completed in 2956 ms
2026-08-17 10:17:22.094 [main] INFO  com.alibaba.druid.pool.DruidDataSource:1009 - {dataSource-1,master} inited
2026-08-17 10:17:22.096 [main] INFO  c.b.dynamic.datasource.DynamicRoutingDataSource:132 - dynamic-datasource - load a datasource named [master] success
2026-08-17 10:17:22.097 [main] INFO  c.b.dynamic.datasource.DynamicRoutingDataSource:237 - dynamic-datasource initial loaded [1] datasource,primary datasource named [master]
2026-08-17 10:17:22.641 [main] ERROR com.baomidou.mybatisplus.core.MybatisConfiguration:100 - mapper[org.jeecg.modules.psms.analyse.mapper.AnalyseMapper.moreNum] is ignored, because it exists, maybe from xml file
2026-08-17 10:17:22.648 [main] WARN  c.b.mybatisplus.core.metadata.TableInfoHelper:335 - Can not find table primary key in Class: "java.util.Map".
2026-08-17 10:17:23.598 [main] INFO  org.jeecg.common.modules.redis.config.RedisConfig:76 -  --- redis config init --- 
2026-08-17 10:17:25.021 [main] INFO  org.quartz.impl.StdSchedulerFactory:1220 - Using default implementation for ThreadExecutor
2026-08-17 10:17:25.023 [main] INFO  org.quartz.simpl.SimpleThreadPool:268 - Job execution threads will use class loader of thread: main
2026-08-17 10:17:25.032 [main] INFO  org.quartz.core.SchedulerSignalerImpl:61 - Initialized Scheduler Signaller of type: class org.quartz.core.SchedulerSignalerImpl
2026-08-17 10:17:25.032 [main] INFO  org.quartz.core.QuartzScheduler:229 - Quartz Scheduler v.2.3.2 created.
2026-08-17 10:17:25.034 [main] INFO  o.s.scheduling.quartz.LocalDataSourceJobStore:672 - Using db table-based data access locking (synchronization).
2026-08-17 10:17:25.035 [main] INFO  o.s.scheduling.quartz.LocalDataSourceJobStore:145 - JobStoreCMT initialized.
2026-08-17 10:17:25.036 [main] INFO  org.quartz.core.QuartzScheduler:294 - Scheduler meta-data: Quartz Scheduler (v2.3.2) 'MyScheduler' with instanceId 'DESKTOP-7A7ENNC1786933045023'
  Scheduler class: 'org.quartz.core.QuartzScheduler' - running locally.
  NOT STARTED.
  Currently in standby mode.
  Number of jobs executed: 0
  Using thread pool 'org.quartz.simpl.SimpleThreadPool' - with 10 threads.
  Using job-store 'org.springframework.scheduling.quartz.LocalDataSourceJobStore' - which supports persistence. and is clustered.

2026-08-17 10:17:25.037 [main] INFO  org.quartz.impl.StdSchedulerFactory:1374 - Quartz scheduler 'MyScheduler' initialized from an externally provided properties instance.
2026-08-17 10:17:25.037 [main] INFO  org.quartz.impl.StdSchedulerFactory:1378 - Quartz scheduler version: 2.3.2
2026-08-17 10:17:25.037 [main] INFO  org.quartz.core.QuartzScheduler:2293 - JobFactory set to: org.springframework.scheduling.quartz.SpringBeanJobFactory@46fb0c33
2026-08-17 10:17:25.726 [main] INFO  o.j.m.jmreport.config.JimuReportConfiguration:55 -  --- Init JimuReport Config --- 
2026-08-17 10:17:26.281 [main] INFO  o.s.b.actuate.endpoint.web.EndpointLinksResolver:58 - Exposing 2 endpoint(s) beneath base path '/actuator'
2026-08-17 10:17:26.387 [main] INFO  org.jeecg.config.init.CodeGenerateDbConfig:46 -  代码生成器数据库连接，使用application.yml的DB配置 ###################
2026-08-17 10:17:26.423 [main] INFO  s.d.s.w.WebMvcPropertySourcedRequestMappingHandlerMapping:69 - Mapped URL path [/v2/api-docs] onto method [springfox.documentation.swagger2.web.Swagger2ControllerWebMvc#getDocumentation(String, HttpServletRequest)]
2026-08-17 10:17:26.508 [main] INFO  o.j.modules.jmreport.config.JmReportExecutorConfig:21 - ---创建线程池---
2026-08-17 10:17:26.674 [main] INFO  o.s.b.a.web.servlet.WelcomePageHandlerMapping:60 - Adding welcome page: class path resource [static/index.html]
2026-08-17 10:17:26.821 [main] WARN  o.s.b.w.s.c.AnnotationConfigServletWebServerApplicationContext:599 - Exception encountered during context initialization - cancelling refresh attempt: org.springframework.beans.factory.UnsatisfiedDependencyException: Error creating bean with name 'mongoMetricsConnectionPoolListener' defined in class path resource [org/springframework/boot/actuate/autoconfigure/metrics/mongo/MongoMetricsAutoConfiguration$MongoConnectionPoolMetricsConfiguration.class]: Unsatisfied dependency expressed through method 'mongoMetricsConnectionPoolListener' parameter 1; nested exception is org.springframework.beans.factory.BeanCreationException: Error creating bean with name 'mongoConnectionPoolTagsProvider' defined in class path resource [org/springframework/boot/actuate/autoconfigure/metrics/mongo/MongoMetricsAutoConfiguration$MongoConnectionPoolMetricsConfiguration.class]: Post-processing of merged bean definition failed; nested exception is java.lang.IllegalStateException: Failed to introspect Class [io.micrometer.core.instrument.binder.mongodb.DefaultMongoConnectionPoolTagsProvider] from ClassLoader [org.springframework.boot.loader.LaunchedURLClassLoader@f2a0b8e]
2026-08-17 10:17:26.825 [main] INFO  o.s.scheduling.quartz.SchedulerFactoryBean:847 - Shutting down Quartz Scheduler
2026-08-17 10:17:26.825 [main] INFO  org.quartz.core.QuartzScheduler:666 - Scheduler MyScheduler_$_DESKTOP-7A7ENNC1786933045023 shutting down.
2026-08-17 10:17:26.825 [main] INFO  org.quartz.core.QuartzScheduler:585 - Scheduler MyScheduler_$_DESKTOP-7A7ENNC1786933045023 paused.
2026-08-17 10:17:26.825 [main] INFO  org.quartz.core.QuartzScheduler:740 - Scheduler MyScheduler_$_DESKTOP-7A7ENNC1786933045023 shutdown complete.
2026-08-17 10:17:26.830 [main] INFO  c.b.dynamic.datasource.DynamicRoutingDataSource:217 - dynamic-datasource start closing ....
2026-08-17 10:17:26.831 [main] INFO  com.alibaba.druid.pool.DruidDataSource:2174 - {dataSource-1} closing ...
2026-08-17 10:17:26.836 [main] INFO  com.alibaba.druid.pool.DruidDataSource:2247 - {dataSource-1} closed
2026-08-17 10:17:26.836 [main] INFO  c.b.dynamic.datasource.DynamicRoutingDataSource:221 - dynamic-datasource all closed success,bye
2026-08-17 10:17:26.846 [main] INFO  org.apache.catalina.core.StandardService:173 - Stopping service [Tomcat]
2026-08-17 10:17:26.881 [main] INFO  o.s.b.a.l.ConditionEvaluationReportLoggingListener:136 - 

Error starting ApplicationContext. To display the conditions report re-run your application with 'debug' enabled.
2026-08-17 10:17:26.899 [main] ERROR org.springframework.boot.SpringApplication:818 - Application run failed
org.springframework.beans.factory.UnsatisfiedDependencyException: Error creating bean with name 'mongoMetricsConnectionPoolListener' defined in class path resource [org/springframework/boot/actuate/autoconfigure/metrics/mongo/MongoMetricsAutoConfiguration$MongoConnectionPoolMetricsConfiguration.class]: Unsatisfied dependency expressed through method 'mongoMetricsConnectionPoolListener' parameter 1; nested exception is org.springframework.beans.factory.BeanCreationException: Error creating bean with name 'mongoConnectionPoolTagsProvider' defined in class path resource [org/springframework/boot/actuate/autoconfigure/metrics/mongo/MongoMetricsAutoConfiguration$MongoConnectionPoolMetricsConfiguration.class]: Post-processing of merged bean definition failed; nested exception is java.lang.IllegalStateException: Failed to introspect Class [io.micrometer.core.instrument.binder.mongodb.DefaultMongoConnectionPoolTagsProvider] from ClassLoader [org.springframework.boot.loader.LaunchedURLClassLoader@f2a0b8e]
	at org.springframework.beans.factory.support.ConstructorResolver.createArgumentArray(ConstructorResolver.java:801)
	at org.springframework.beans.factory.support.ConstructorResolver.instantiateUsingFactoryMethod(ConstructorResolver.java:536)
	at org.springframework.beans.factory.support.AbstractAutowireCapableBeanFactory.instantiateUsingFactoryMethod(AbstractAutowireCapableBeanFactory.java:1352)
	at org.springframework.beans.factory.support.AbstractAutowireCapableBeanFactory.createBeanInstance(AbstractAutowireCapableBeanFactory.java:1195)
	at org.springframework.beans.factory.support.AbstractAutowireCapableBeanFactory.doCreateBean(AbstractAutowireCapableBeanFactory.java:582)
	at org.springframework.beans.factory.support.AbstractAutowireCapableBeanFactory.createBean(AbstractAutowireCapableBeanFactory.java:542)
	at org.springframework.beans.factory.support.AbstractBeanFactory.lambda$doGetBean$0(AbstractBeanFactory.java:335)
	at org.springframework.beans.factory.support.DefaultSingletonBeanRegistry.getSingleton(DefaultSingletonBeanRegistry.java:234)
	at org.springframework.beans.factory.support.AbstractBeanFactory.doGetBean(AbstractBeanFactory.java:333)
	at org.springframework.beans.factory.support.AbstractBeanFactory.getBean(AbstractBeanFactory.java:208)
	at org.springframework.beans.factory.support.DefaultListableBeanFactory.preInstantiateSingletons(DefaultListableBeanFactory.java:955)
	at org.springframework.context.support.AbstractApplicationContext.finishBeanFactoryInitialization(AbstractApplicationContext.java:929)
	at org.springframework.context.support.AbstractApplicationContext.refresh(AbstractApplicationContext.java:591)
	at org.springframework.boot.web.servlet.context.ServletWebServerApplicationContext.refresh(ServletWebServerApplicationContext.java:147)
	at org.springframework.boot.SpringApplication.refresh(SpringApplication.java:732)
	at org.springframework.boot.SpringApplication.refreshContext(SpringApplication.java:409)
	at org.springframework.boot.SpringApplication.run(SpringApplication.java:308)
	at org.springframework.boot.SpringApplication.run(SpringApplication.java:1300)
	at org.springframework.boot.SpringApplication.run(SpringApplication.java:1289)
	at org.jeecg.JeecgSystemApplication.main(JeecgSystemApplication.java:37)
	at java.base/jdk.internal.reflect.DirectMethodHandleAccessor.invoke(DirectMethodHandleAccessor.java:103)
	at java.base/java.lang.reflect.Method.invoke(Method.java:580)
	at org.springframework.boot.loader.MainMethodRunner.run(MainMethodRunner.java:49)
	at org.springframework.boot.loader.Launcher.launch(Launcher.java:108)
	at org.springframework.boot.loader.Launcher.launch(Launcher.java:58)
	at org.springframework.boot.loader.JarLauncher.main(JarLauncher.java:65)
Caused by: org.springframework.beans.factory.BeanCreationException: Error creating bean with name 'mongoConnectionPoolTagsProvider' defined in class path resource [org/springframework/boot/actuate/autoconfigure/metrics/mongo/MongoMetricsAutoConfiguration$MongoConnectionPoolMetricsConfiguration.class]: Post-processing of merged bean definition failed; nested exception is java.lang.IllegalStateException: Failed to introspect Class [io.micrometer.core.instrument.binder.mongodb.DefaultMongoConnectionPoolTagsProvider] from ClassLoader [org.springframework.boot.loader.LaunchedURLClassLoader@f2a0b8e]
	at org.springframework.beans.factory.support.AbstractAutowireCapableBeanFactory.doCreateBean(AbstractAutowireCapableBeanFactory.java:597)
	at org.springframework.beans.factory.support.AbstractAutowireCapableBeanFactory.createBean(AbstractAutowireCapableBeanFactory.java:542)
	at org.springframework.beans.factory.support.AbstractBeanFactory.lambda$doGetBean$0(AbstractBeanFactory.java:335)
	at org.springframework.beans.factory.support.DefaultSingletonBeanRegistry.getSingleton(DefaultSingletonBeanRegistry.java:234)
	at org.springframework.beans.factory.support.AbstractBeanFactory.doGetBean(AbstractBeanFactory.java:333)
	at org.springframework.beans.factory.support.AbstractBeanFactory.getBean(AbstractBeanFactory.java:208)
	at org.springframework.beans.factory.config.DependencyDescriptor.resolveCandidate(DependencyDescriptor.java:276)
	at org.springframework.beans.factory.support.DefaultListableBeanFactory.doResolveDependency(DefaultListableBeanFactory.java:1391)
	at org.springframework.beans.factory.support.DefaultListableBeanFactory.resolveDependency(DefaultListableBeanFactory.java:1311)
	at org.springframework.beans.factory.support.ConstructorResolver.resolveAutowiredArgument(ConstructorResolver.java:911)
	at org.springframework.beans.factory.support.ConstructorResolver.createArgumentArray(ConstructorResolver.java:788)
	... 25 common frames omitted
Caused by: java.lang.IllegalStateException: Failed to introspect Class [io.micrometer.core.instrument.binder.mongodb.DefaultMongoConnectionPoolTagsProvider] from ClassLoader [org.springframework.boot.loader.LaunchedURLClassLoader@f2a0b8e]
	at org.springframework.util.ReflectionUtils.getDeclaredMethods(ReflectionUtils.java:485)
	at org.springframework.util.ReflectionUtils.doWithLocalMethods(ReflectionUtils.java:321)
	at org.springframework.beans.factory.annotation.InitDestroyAnnotationBeanPostProcessor.buildLifecycleMetadata(InitDestroyAnnotationBeanPostProcessor.java:232)
	at org.springframework.beans.factory.annotation.InitDestroyAnnotationBeanPostProcessor.findLifecycleMetadata(InitDestroyAnnotationBeanPostProcessor.java:210)
	at org.springframework.beans.factory.annotation.InitDestroyAnnotationBeanPostProcessor.postProcessMergedBeanDefinition(InitDestroyAnnotationBeanPostProcessor.java:149)
	at org.springframework.context.annotation.CommonAnnotationBeanPostProcessor.postProcessMergedBeanDefinition(CommonAnnotationBeanPostProcessor.java:305)
	at org.springframework.beans.factory.support.AbstractAutowireCapableBeanFactory.applyMergedBeanDefinitionPostProcessors(AbstractAutowireCapableBeanFactory.java:1116)
	at org.springframework.beans.factory.support.AbstractAutowireCapableBeanFactory.doCreateBean(AbstractAutowireCapableBeanFactory.java:594)
	... 35 common frames omitted
Caused by: java.lang.NoClassDefFoundError: com/mongodb/event/ConnectionPoolCreatedEvent
	at java.base/java.lang.Class.getDeclaredMethods0(Native Method)
	at java.base/java.lang.Class.privateGetDeclaredMethods(Class.java:3580)
	at java.base/java.lang.Class.getDeclaredMethods(Class.java:2678)
	at org.springframework.util.ReflectionUtils.getDeclaredMethods(ReflectionUtils.java:467)
	... 42 common frames omitted
Caused by: java.lang.ClassNotFoundException: com.mongodb.event.ConnectionPoolCreatedEvent
	at java.base/java.net.URLClassLoader.findClass(URLClassLoader.java:445)
	at java.base/java.lang.ClassLoader.loadClass(ClassLoader.java:593)
	at org.springframework.boot.loader.LaunchedURLClassLoader.loadClass(LaunchedURLClassLoader.java:151)
	at java.base/java.lang.ClassLoader.loadClass(ClassLoader.java:526)
	... 46 common frames omitted
2026-08-17 10:19:11.268 [background-preinit] INFO  org.hibernate.validator.internal.util.Version:21 - HV000001: Hibernate Validator 6.2.5.Final
2026-08-17 10:19:11.292 [main] INFO  org.jeecg.JeecgSystemApplication:55 - Starting JeecgSystemApplication v2.4.6 using Java 21.0.9 on DESKTOP-7A7ENNC with PID 47924 (D:\工作文档\软件工程教研室\2026\2026-2027（1）学期\软件工程技术综合实践\餐饮业油烟监控平台\后端代码\psms\jeecg-boot-module-system\target\jeecg-boot-module-system-2.4.6.jar started by HP in D:\工作文档\软件工程教研室\2026\2026-2027（1）学期\软件工程技术综合实践\餐饮业油烟监控平台\后端代码\psms\jeecg-boot-module-system\target)
2026-08-17 10:19:11.293 [main] INFO  org.jeecg.JeecgSystemApplication:638 - The following 1 profile is active: "dev"
2026-08-17 10:19:12.733 [main] INFO  o.s.d.r.config.RepositoryConfigurationDelegate:262 - Multiple Spring Data modules found, entering strict repository configuration mode
2026-08-17 10:19:12.734 [main] INFO  o.s.d.r.config.RepositoryConfigurationDelegate:132 - Bootstrapping Spring Data Redis repositories in DEFAULT mode.
2026-08-17 10:19:12.787 [main] INFO  o.s.d.r.config.RepositoryConfigurationDelegate:201 - Finished Spring Data repository scanning in 42 ms. Found 0 Redis repository interfaces.
2026-08-17 10:19:12.879 [main] INFO  o.j.minidao.auto.MinidaoAutoConfiguration:23 -  ******************* init miniDao config [ begin ] *********************** 
2026-08-17 10:19:12.879 [main] INFO  o.j.minidao.auto.MinidaoAutoConfiguration:25 -  ------ minidao.base-package ------- org.jeecg.modules.jmreport.*
2026-08-17 10:19:12.879 [main] INFO  o.j.minidao.auto.MinidaoAutoConfiguration:42 -  *******************  init miniDao config  [ end ] *********************** 
2026-08-17 10:19:12.915 [main] INFO  o.j.minidao.factory.MiniDaoClassPathMapperScanner:48 - register minidao name is { org.jeecg.modules.jmreport.desreport.dao.JimuReportDao }
2026-08-17 10:19:12.917 [main] INFO  o.j.minidao.factory.MiniDaoClassPathMapperScanner:48 - register minidao name is { org.jeecg.modules.jmreport.desreport.dao.JimuReportDataSourceDao }
2026-08-17 10:19:12.917 [main] INFO  o.j.minidao.factory.MiniDaoClassPathMapperScanner:48 - register minidao name is { org.jeecg.modules.jmreport.desreport.dao.JimuReportDbDao }
2026-08-17 10:19:12.917 [main] INFO  o.j.minidao.factory.MiniDaoClassPathMapperScanner:48 - register minidao name is { org.jeecg.modules.jmreport.desreport.dao.JimuReportDbFieldDao }
2026-08-17 10:19:12.917 [main] INFO  o.j.minidao.factory.MiniDaoClassPathMapperScanner:48 - register minidao name is { org.jeecg.modules.jmreport.desreport.dao.JimuReportDbParamDao }
2026-08-17 10:19:12.918 [main] INFO  o.j.minidao.factory.MiniDaoClassPathMapperScanner:48 - register minidao name is { org.jeecg.modules.jmreport.desreport.dao.JimuReportDictDao }
2026-08-17 10:19:12.918 [main] INFO  o.j.minidao.factory.MiniDaoClassPathMapperScanner:48 - register minidao name is { org.jeecg.modules.jmreport.desreport.dao.JimuReportDictItemDao }
2026-08-17 10:19:12.918 [main] INFO  o.j.minidao.factory.MiniDaoClassPathMapperScanner:48 - register minidao name is { org.jeecg.modules.jmreport.desreport.dao.JimuReportLinkDao }
2026-08-17 10:19:12.919 [main] INFO  o.j.minidao.factory.MiniDaoClassPathMapperScanner:48 - register minidao name is { org.jeecg.modules.jmreport.desreport.dao.JimuReportMapDao }
2026-08-17 10:19:12.919 [main] INFO  o.j.minidao.factory.MiniDaoClassPathMapperScanner:48 - register minidao name is { org.jeecg.modules.jmreport.desreport.dao.JimuReportShareDao }
2026-08-17 10:19:13.197 [main] INFO  o.s.c.s.PostProcessorRegistrationDelegate$BeanPostProcessorChecker:376 - Bean '(inner bean)#452ba1db' of type [org.jeecgframework.minidao.aop.MiniDaoHandler] is not eligible for getting processed by all BeanPostProcessors (for example: not eligible for auto-proxying)
2026-08-17 10:19:13.203 [main] INFO  o.s.c.s.PostProcessorRegistrationDelegate$BeanPostProcessorChecker:376 - Bean 'jimuReportDao' of type [org.jeecgframework.minidao.factory.MiniDaoBeanFactory] is not eligible for getting processed by all BeanPostProcessors (for example: not eligible for auto-proxying)
2026-08-17 10:19:13.204 [main] INFO  o.s.c.s.PostProcessorRegistrationDelegate$BeanPostProcessorChecker:376 - Bean '(inner bean)#452ba1db#1' of type [org.jeecgframework.minidao.aop.MiniDaoHandler] is not eligible for getting processed by all BeanPostProcessors (for example: not eligible for auto-proxying)
2026-08-17 10:19:13.205 [main] INFO  o.s.c.s.PostProcessorRegistrationDelegate$BeanPostProcessorChecker:376 - Bean 'jimuReportDataSourceDao' of type [org.jeecgframework.minidao.factory.MiniDaoBeanFactory] is not eligible for getting processed by all BeanPostProcessors (for example: not eligible for auto-proxying)
2026-08-17 10:19:13.206 [main] INFO  o.s.c.s.PostProcessorRegistrationDelegate$BeanPostProcessorChecker:376 - Bean '(inner bean)#452ba1db#2' of type [org.jeecgframework.minidao.aop.MiniDaoHandler] is not eligible for getting processed by all BeanPostProcessors (for example: not eligible for auto-proxying)
2026-08-17 10:19:13.207 [main] INFO  o.s.c.s.PostProcessorRegistrationDelegate$BeanPostProcessorChecker:376 - Bean 'jimuReportDbDao' of type [org.jeecgframework.minidao.factory.MiniDaoBeanFactory] is not eligible for getting processed by all BeanPostProcessors (for example: not eligible for auto-proxying)
2026-08-17 10:19:13.207 [main] INFO  o.s.c.s.PostProcessorRegistrationDelegate$BeanPostProcessorChecker:376 - Bean '(inner bean)#452ba1db#3' of type [org.jeecgframework.minidao.aop.MiniDaoHandler] is not eligible for getting processed by all BeanPostProcessors (for example: not eligible for auto-proxying)
2026-08-17 10:19:13.208 [main] INFO  o.s.c.s.PostProcessorRegistrationDelegate$BeanPostProcessorChecker:376 - Bean 'jimuReportDbFieldDao' of type [org.jeecgframework.minidao.factory.MiniDaoBeanFactory] is not eligible for getting processed by all BeanPostProcessors (for example: not eligible for auto-proxying)
2026-08-17 10:19:13.209 [main] INFO  o.s.c.s.PostProcessorRegistrationDelegate$BeanPostProcessorChecker:376 - Bean '(inner bean)#452ba1db#4' of type [org.jeecgframework.minidao.aop.MiniDaoHandler] is not eligible for getting processed by all BeanPostProcessors (for example: not eligible for auto-proxying)
2026-08-17 10:19:13.211 [main] INFO  o.s.c.s.PostProcessorRegistrationDelegate$BeanPostProcessorChecker:376 - Bean 'jimuReportDbParamDao' of type [org.jeecgframework.minidao.factory.MiniDaoBeanFactory] is not eligible for getting processed by all BeanPostProcessors (for example: not eligible for auto-proxying)
2026-08-17 10:19:13.211 [main] INFO  o.s.c.s.PostProcessorRegistrationDelegate$BeanPostProcessorChecker:376 - Bean '(inner bean)#452ba1db#5' of type [org.jeecgframework.minidao.aop.MiniDaoHandler] is not eligible for getting processed by all BeanPostProcessors (for example: not eligible for auto-proxying)
2026-08-17 10:19:13.212 [main] INFO  o.s.c.s.PostProcessorRegistrationDelegate$BeanPostProcessorChecker:376 - Bean 'jimuReportDictDao' of type [org.jeecgframework.minidao.factory.MiniDaoBeanFactory] is not eligible for getting processed by all BeanPostProcessors (for example: not eligible for auto-proxying)
2026-08-17 10:19:13.213 [main] INFO  o.s.c.s.PostProcessorRegistrationDelegate$BeanPostProcessorChecker:376 - Bean '(inner bean)#452ba1db#6' of type [org.jeecgframework.minidao.aop.MiniDaoHandler] is not eligible for getting processed by all BeanPostProcessors (for example: not eligible for auto-proxying)
2026-08-17 10:19:13.213 [main] INFO  o.s.c.s.PostProcessorRegistrationDelegate$BeanPostProcessorChecker:376 - Bean 'jimuReportDictItemDao' of type [org.jeecgframework.minidao.factory.MiniDaoBeanFactory] is not eligible for getting processed by all BeanPostProcessors (for example: not eligible for auto-proxying)
2026-08-17 10:19:13.214 [main] INFO  o.s.c.s.PostProcessorRegistrationDelegate$BeanPostProcessorChecker:376 - Bean '(inner bean)#452ba1db#7' of type [org.jeecgframework.minidao.aop.MiniDaoHandler] is not eligible for getting processed by all BeanPostProcessors (for example: not eligible for auto-proxying)
2026-08-17 10:19:13.214 [main] INFO  o.s.c.s.PostProcessorRegistrationDelegate$BeanPostProcessorChecker:376 - Bean 'jimuReportLinkDao' of type [org.jeecgframework.minidao.factory.MiniDaoBeanFactory] is not eligible for getting processed by all BeanPostProcessors (for example: not eligible for auto-proxying)
2026-08-17 10:19:13.216 [main] INFO  o.s.c.s.PostProcessorRegistrationDelegate$BeanPostProcessorChecker:376 - Bean '(inner bean)#452ba1db#8' of type [org.jeecgframework.minidao.aop.MiniDaoHandler] is not eligible for getting processed by all BeanPostProcessors (for example: not eligible for auto-proxying)
2026-08-17 10:19:13.216 [main] INFO  o.s.c.s.PostProcessorRegistrationDelegate$BeanPostProcessorChecker:376 - Bean 'jimuReportMapDao' of type [org.jeecgframework.minidao.factory.MiniDaoBeanFactory] is not eligible for getting processed by all BeanPostProcessors (for example: not eligible for auto-proxying)
2026-08-17 10:19:13.216 [main] INFO  o.s.c.s.PostProcessorRegistrationDelegate$BeanPostProcessorChecker:376 - Bean '(inner bean)#452ba1db#9' of type [org.jeecgframework.minidao.aop.MiniDaoHandler] is not eligible for getting processed by all BeanPostProcessors (for example: not eligible for auto-proxying)
2026-08-17 10:19:13.217 [main] INFO  o.s.c.s.PostProcessorRegistrationDelegate$BeanPostProcessorChecker:376 - Bean 'jimuReportShareDao' of type [org.jeecgframework.minidao.factory.MiniDaoBeanFactory] is not eligible for getting processed by all BeanPostProcessors (for example: not eligible for auto-proxying)
2026-08-17 10:19:13.238 [main] INFO  o.s.c.s.PostProcessorRegistrationDelegate$BeanPostProcessorChecker:376 - Bean 'spring.redis-org.springframework.boot.autoconfigure.data.redis.RedisProperties' of type [org.springframework.boot.autoconfigure.data.redis.RedisProperties] is not eligible for getting processed by all BeanPostProcessors (for example: not eligible for auto-proxying)
2026-08-17 10:19:13.242 [main] INFO  o.s.c.s.PostProcessorRegistrationDelegate$BeanPostProcessorChecker:376 - Bean 'org.springframework.boot.autoconfigure.data.redis.LettuceConnectionConfiguration' of type [org.springframework.boot.autoconfigure.data.redis.LettuceConnectionConfiguration] is not eligible for getting processed by all BeanPostProcessors (for example: not eligible for auto-proxying)
2026-08-17 10:19:13.265 [main] INFO  o.s.c.s.PostProcessorRegistrationDelegate$BeanPostProcessorChecker:376 - Bean 'org.springframework.boot.actuate.autoconfigure.metrics.redis.LettuceMetricsAutoConfiguration' of type [org.springframework.boot.actuate.autoconfigure.metrics.redis.LettuceMetricsAutoConfiguration] is not eligible for getting processed by all BeanPostProcessors (for example: not eligible for auto-proxying)
2026-08-17 10:19:13.267 [main] INFO  o.s.c.s.PostProcessorRegistrationDelegate$BeanPostProcessorChecker:376 - Bean 'org.springframework.boot.actuate.autoconfigure.metrics.export.simple.SimpleMetricsExportAutoConfiguration' of type [org.springframework.boot.actuate.autoconfigure.metrics.export.simple.SimpleMetricsExportAutoConfiguration] is not eligible for getting processed by all BeanPostProcessors (for example: not eligible for auto-proxying)
2026-08-17 10:19:13.269 [main] INFO  o.s.c.s.PostProcessorRegistrationDelegate$BeanPostProcessorChecker:376 - Bean 'management.metrics.export.simple-org.springframework.boot.actuate.autoconfigure.metrics.export.simple.SimpleProperties' of type [org.springframework.boot.actuate.autoconfigure.metrics.export.simple.SimpleProperties] is not eligible for getting processed by all BeanPostProcessors (for example: not eligible for auto-proxying)
2026-08-17 10:19:13.274 [main] INFO  o.s.c.s.PostProcessorRegistrationDelegate$BeanPostProcessorChecker:376 - Bean 'simpleConfig' of type [org.springframework.boot.actuate.autoconfigure.metrics.export.simple.SimplePropertiesConfigAdapter] is not eligible for getting processed by all BeanPostProcessors (for example: not eligible for auto-proxying)
2026-08-17 10:19:13.277 [main] INFO  o.s.c.s.PostProcessorRegistrationDelegate$BeanPostProcessorChecker:376 - Bean 'org.springframework.boot.actuate.autoconfigure.metrics.MetricsAutoConfiguration' of type [org.springframework.boot.actuate.autoconfigure.metrics.MetricsAutoConfiguration] is not eligible for getting processed by all BeanPostProcessors (for example: not eligible for auto-proxying)
2026-08-17 10:19:13.277 [main] INFO  o.s.c.s.PostProcessorRegistrationDelegate$BeanPostProcessorChecker:376 - Bean 'micrometerClock' of type [io.micrometer.core.instrument.Clock$1] is not eligible for getting processed by all BeanPostProcessors (for example: not eligible for auto-proxying)
2026-08-17 10:19:13.304 [main] INFO  o.s.c.s.PostProcessorRegistrationDelegate$BeanPostProcessorChecker:376 - Bean 'simpleMeterRegistry' of type [io.micrometer.core.instrument.simple.SimpleMeterRegistry] is not eligible for getting processed by all BeanPostProcessors (for example: not eligible for auto-proxying)
2026-08-17 10:19:13.308 [main] INFO  o.s.c.s.PostProcessorRegistrationDelegate$BeanPostProcessorChecker:376 - Bean 'micrometerOptions' of type [io.lettuce.core.metrics.MicrometerOptions] is not eligible for getting processed by all BeanPostProcessors (for example: not eligible for auto-proxying)
2026-08-17 10:19:13.310 [main] INFO  o.s.c.s.PostProcessorRegistrationDelegate$BeanPostProcessorChecker:376 - Bean 'lettuceMetrics' of type [org.springframework.boot.actuate.autoconfigure.metrics.redis.LettuceMetricsAutoConfiguration$$Lambda/0x000001c5b049a498] is not eligible for getting processed by all BeanPostProcessors (for example: not eligible for auto-proxying)
2026-08-17 10:19:13.420 [main] INFO  o.s.c.s.PostProcessorRegistrationDelegate$BeanPostProcessorChecker:376 - Bean 'lettuceClientResources' of type [io.lettuce.core.resource.DefaultClientResources] is not eligible for getting processed by all BeanPostProcessors (for example: not eligible for auto-proxying)
2026-08-17 10:19:13.469 [main] INFO  o.s.c.s.PostProcessorRegistrationDelegate$BeanPostProcessorChecker:376 - Bean 'redisConnectionFactory' of type [org.springframework.data.redis.connection.lettuce.LettuceConnectionFactory] is not eligible for getting processed by all BeanPostProcessors (for example: not eligible for auto-proxying)
2026-08-17 10:19:13.472 [main] INFO  o.s.c.s.PostProcessorRegistrationDelegate$BeanPostProcessorChecker:376 - Bean 'shiroConfig' of type [org.jeecg.config.shiro.ShiroConfig$$EnhancerBySpringCGLIB$$c87b6b22] is not eligible for getting processed by all BeanPostProcessors (for example: not eligible for auto-proxying)
2026-08-17 10:19:13.695 [main] INFO  o.s.c.s.PostProcessorRegistrationDelegate$BeanPostProcessorChecker:376 - Bean 'spring.datasource.dynamic-com.baomidou.dynamic.datasource.spring.boot.autoconfigure.DynamicDataSourceProperties' of type [com.baomidou.dynamic.datasource.spring.boot.autoconfigure.DynamicDataSourceProperties] is not eligible for getting processed by all BeanPostProcessors (for example: not eligible for auto-proxying)
2026-08-17 10:19:13.700 [main] INFO  o.s.c.s.PostProcessorRegistrationDelegate$BeanPostProcessorChecker:376 - Bean 'com.baomidou.dynamic.datasource.spring.boot.autoconfigure.DynamicDataSourceAutoConfiguration' of type [com.baomidou.dynamic.datasource.spring.boot.autoconfigure.DynamicDataSourceAutoConfiguration$$EnhancerBySpringCGLIB$$d2cd93fa] is not eligible for getting processed by all BeanPostProcessors (for example: not eligible for auto-proxying)
2026-08-17 10:19:13.707 [main] INFO  o.s.c.s.PostProcessorRegistrationDelegate$BeanPostProcessorChecker:376 - Bean 'dsProcessor' of type [com.baomidou.dynamic.datasource.processor.DsHeaderProcessor] is not eligible for getting processed by all BeanPostProcessors (for example: not eligible for auto-proxying)
2026-08-17 10:19:13.757 [main] INFO  o.s.c.s.PostProcessorRegistrationDelegate$BeanPostProcessorChecker:376 - Bean 'shiroRealm' of type [org.jeecg.config.shiro.ShiroRealm] is not eligible for getting processed by all BeanPostProcessors (for example: not eligible for auto-proxying)
2026-08-17 10:19:13.874 [main] INFO  org.jeecg.config.shiro.ShiroConfig:215 - ===============(1)创建缓存管理器RedisCacheManager
2026-08-17 10:19:13.875 [main] INFO  org.jeecg.config.shiro.ShiroConfig:233 - ===============(2)创建RedisManager,连接Redis..
2026-08-17 10:19:13.880 [main] INFO  o.s.c.s.PostProcessorRegistrationDelegate$BeanPostProcessorChecker:376 - Bean 'redisManager' of type [org.crazycake.shiro.RedisManager] is not eligible for getting processed by all BeanPostProcessors (for example: not eligible for auto-proxying)
2026-08-17 10:19:13.888 [main] INFO  o.s.c.s.PostProcessorRegistrationDelegate$BeanPostProcessorChecker:376 - Bean 'securityManager' of type [org.apache.shiro.web.mgt.DefaultWebSecurityManager] is not eligible for getting processed by all BeanPostProcessors (for example: not eligible for auto-proxying)
2026-08-17 10:19:13.909 [main] INFO  o.s.c.s.PostProcessorRegistrationDelegate$BeanPostProcessorChecker:376 - Bean 'authorizationAttributeSourceAdvisor' of type [org.apache.shiro.spring.security.interceptor.AuthorizationAttributeSourceAdvisor] is not eligible for getting processed by all BeanPostProcessors (for example: not eligible for auto-proxying)
2026-08-17 10:19:13.930 [main] INFO  o.s.c.s.PostProcessorRegistrationDelegate$BeanPostProcessorChecker:376 - Bean 'org.apache.shiro.spring.boot.autoconfigure.ShiroBeanAutoConfiguration' of type [org.apache.shiro.spring.boot.autoconfigure.ShiroBeanAutoConfiguration$$EnhancerBySpringCGLIB$$7c5800d9] is not eligible for getting processed by all BeanPostProcessors (for example: not eligible for auto-proxying)
2026-08-17 10:19:13.934 [main] INFO  o.s.c.s.PostProcessorRegistrationDelegate$BeanPostProcessorChecker:376 - Bean 'eventBus' of type [org.apache.shiro.event.support.DefaultEventBus] is not eligible for getting processed by all BeanPostProcessors (for example: not eligible for auto-proxying)
2026-08-17 10:19:14.378 [main] INFO  o.s.boot.web.embedded.tomcat.TomcatWebServer:108 - Tomcat initialized with port(s): 8080 (http)
2026-08-17 10:19:14.386 [main] INFO  org.apache.coyote.http11.Http11NioProtocol:173 - Initializing ProtocolHandler ["http-nio-8080"]
2026-08-17 10:19:14.387 [main] INFO  org.apache.catalina.core.StandardService:173 - Starting service [Tomcat]
2026-08-17 10:19:14.387 [main] INFO  org.apache.catalina.core.StandardEngine:173 - Starting Servlet engine: [Apache Tomcat/9.0.83]
2026-08-17 10:19:14.434 [main] INFO  o.a.c.c.ContainerBase.[Tomcat].[localhost].[/psms]:173 - Initializing Spring embedded WebApplicationContext
2026-08-17 10:19:14.434 [main] INFO  o.s.b.w.s.c.ServletWebServerApplicationContext:292 - Root WebApplicationContext: initialization completed in 3100 ms
2026-08-17 10:19:15.330 [main] INFO  com.alibaba.druid.pool.DruidDataSource:1009 - {dataSource-1,master} inited
2026-08-17 10:19:15.332 [main] INFO  c.b.dynamic.datasource.DynamicRoutingDataSource:132 - dynamic-datasource - load a datasource named [master] success
2026-08-17 10:19:15.333 [main] INFO  c.b.dynamic.datasource.DynamicRoutingDataSource:237 - dynamic-datasource initial loaded [1] datasource,primary datasource named [master]
2026-08-17 10:19:15.887 [main] ERROR com.baomidou.mybatisplus.core.MybatisConfiguration:100 - mapper[org.jeecg.modules.psms.analyse.mapper.AnalyseMapper.moreNum] is ignored, because it exists, maybe from xml file
2026-08-17 10:19:15.891 [main] WARN  c.b.mybatisplus.core.metadata.TableInfoHelper:335 - Can not find table primary key in Class: "java.util.Map".
2026-08-17 10:19:16.709 [main] INFO  org.jeecg.common.modules.redis.config.RedisConfig:76 -  --- redis config init --- 
2026-08-17 10:19:17.995 [main] INFO  org.quartz.impl.StdSchedulerFactory:1220 - Using default implementation for ThreadExecutor
2026-08-17 10:19:17.997 [main] INFO  org.quartz.simpl.SimpleThreadPool:268 - Job execution threads will use class loader of thread: main
2026-08-17 10:19:18.006 [main] INFO  org.quartz.core.SchedulerSignalerImpl:61 - Initialized Scheduler Signaller of type: class org.quartz.core.SchedulerSignalerImpl
2026-08-17 10:19:18.006 [main] INFO  org.quartz.core.QuartzScheduler:229 - Quartz Scheduler v.2.3.2 created.
2026-08-17 10:19:18.008 [main] INFO  o.s.scheduling.quartz.LocalDataSourceJobStore:672 - Using db table-based data access locking (synchronization).
2026-08-17 10:19:18.009 [main] INFO  o.s.scheduling.quartz.LocalDataSourceJobStore:145 - JobStoreCMT initialized.
2026-08-17 10:19:18.010 [main] INFO  org.quartz.core.QuartzScheduler:294 - Scheduler meta-data: Quartz Scheduler (v2.3.2) 'MyScheduler' with instanceId 'DESKTOP-7A7ENNC1786933157996'
  Scheduler class: 'org.quartz.core.QuartzScheduler' - running locally.
  NOT STARTED.
  Currently in standby mode.
  Number of jobs executed: 0
  Using thread pool 'org.quartz.simpl.SimpleThreadPool' - with 10 threads.
  Using job-store 'org.springframework.scheduling.quartz.LocalDataSourceJobStore' - which supports persistence. and is clustered.

2026-08-17 10:19:18.010 [main] INFO  org.quartz.impl.StdSchedulerFactory:1374 - Quartz scheduler 'MyScheduler' initialized from an externally provided properties instance.
2026-08-17 10:19:18.011 [main] INFO  org.quartz.impl.StdSchedulerFactory:1378 - Quartz scheduler version: 2.3.2
2026-08-17 10:19:18.011 [main] INFO  org.quartz.core.QuartzScheduler:2293 - JobFactory set to: org.springframework.scheduling.quartz.SpringBeanJobFactory@773014d3
2026-08-17 10:19:18.761 [main] INFO  o.j.m.jmreport.config.JimuReportConfiguration:55 -  --- Init JimuReport Config --- 
2026-08-17 10:19:19.422 [main] INFO  o.s.b.actuate.endpoint.web.EndpointLinksResolver:58 - Exposing 2 endpoint(s) beneath base path '/actuator'
2026-08-17 10:19:19.525 [main] INFO  org.jeecg.config.init.CodeGenerateDbConfig:46 -  代码生成器数据库连接，使用application.yml的DB配置 ###################
2026-08-17 10:19:19.566 [main] INFO  s.d.s.w.WebMvcPropertySourcedRequestMappingHandlerMapping:69 - Mapped URL path [/v2/api-docs] onto method [springfox.documentation.swagger2.web.Swagger2ControllerWebMvc#getDocumentation(String, HttpServletRequest)]
2026-08-17 10:19:19.661 [main] INFO  o.j.modules.jmreport.config.JmReportExecutorConfig:21 - ---创建线程池---
2026-08-17 10:19:19.905 [main] INFO  o.s.b.a.web.servlet.WelcomePageHandlerMapping:60 - Adding welcome page: class path resource [static/index.html]
2026-08-17 10:19:20.208 [main] INFO  org.apache.coyote.http11.Http11NioProtocol:173 - Starting ProtocolHandler ["http-nio-8080"]
2026-08-17 10:19:20.237 [main] INFO  o.s.boot.web.embedded.tomcat.TomcatWebServer:220 - Tomcat started on port(s): 8080 (http) with context path '/psms'
2026-08-17 10:19:20.238 [main] INFO  s.d.s.web.plugins.DocumentationPluginsBootstrapper:93 - Documentation plugins bootstrapped
2026-08-17 10:19:20.239 [main] INFO  s.d.s.web.plugins.DocumentationPluginsBootstrapper:79 - Found 1 custom documentation plugin(s)
2026-08-17 10:19:20.241 [main] WARN  o.s.b.w.s.c.AnnotationConfigServletWebServerApplicationContext:599 - Exception encountered during context initialization - cancelling refresh attempt: org.springframework.context.ApplicationContextException: Failed to start bean 'documentationPluginsBootstrapper'; nested exception is java.lang.NullPointerException: Cannot invoke "org.springframework.web.servlet.mvc.condition.PatternsRequestCondition.getPatterns()" because "this.condition" is null
2026-08-17 10:19:20.246 [main] INFO  o.s.scheduling.quartz.SchedulerFactoryBean:847 - Shutting down Quartz Scheduler
2026-08-17 10:19:20.246 [main] INFO  org.quartz.core.QuartzScheduler:666 - Scheduler MyScheduler_$_DESKTOP-7A7ENNC1786933157996 shutting down.
2026-08-17 10:19:20.246 [main] INFO  org.quartz.core.QuartzScheduler:585 - Scheduler MyScheduler_$_DESKTOP-7A7ENNC1786933157996 paused.
2026-08-17 10:19:20.247 [main] INFO  org.quartz.core.QuartzScheduler:740 - Scheduler MyScheduler_$_DESKTOP-7A7ENNC1786933157996 shutdown complete.
2026-08-17 10:19:20.251 [main] INFO  c.b.dynamic.datasource.DynamicRoutingDataSource:217 - dynamic-datasource start closing ....
2026-08-17 10:19:20.252 [main] INFO  com.alibaba.druid.pool.DruidDataSource:2174 - {dataSource-1} closing ...
2026-08-17 10:19:20.256 [main] INFO  com.alibaba.druid.pool.DruidDataSource:2247 - {dataSource-1} closed
2026-08-17 10:19:20.257 [main] INFO  c.b.dynamic.datasource.DynamicRoutingDataSource:221 - dynamic-datasource all closed success,bye
2026-08-17 10:19:20.269 [main] INFO  org.apache.coyote.http11.Http11NioProtocol:173 - Pausing ProtocolHandler ["http-nio-8080"]
2026-08-17 10:19:20.270 [main] INFO  org.apache.catalina.core.StandardService:173 - Stopping service [Tomcat]
2026-08-17 10:19:20.299 [main] INFO  org.apache.coyote.http11.Http11NioProtocol:173 - Stopping ProtocolHandler ["http-nio-8080"]
2026-08-17 10:19:20.315 [main] INFO  org.apache.coyote.http11.Http11NioProtocol:173 - Destroying ProtocolHandler ["http-nio-8080"]
2026-08-17 10:19:20.323 [main] INFO  o.s.b.a.l.ConditionEvaluationReportLoggingListener:136 - 

Error starting ApplicationContext. To display the conditions report re-run your application with 'debug' enabled.
2026-08-17 10:19:20.341 [main] ERROR org.springframework.boot.SpringApplication:818 - Application run failed
org.springframework.context.ApplicationContextException: Failed to start bean 'documentationPluginsBootstrapper'; nested exception is java.lang.NullPointerException: Cannot invoke "org.springframework.web.servlet.mvc.condition.PatternsRequestCondition.getPatterns()" because "this.condition" is null
	at org.springframework.context.support.DefaultLifecycleProcessor.doStart(DefaultLifecycleProcessor.java:182)
	at org.springframework.context.support.DefaultLifecycleProcessor.access$200(DefaultLifecycleProcessor.java:54)
	at org.springframework.context.support.DefaultLifecycleProcessor$LifecycleGroup.start(DefaultLifecycleProcessor.java:357)
	at java.base/java.lang.Iterable.forEach(Iterable.java:75)
	at org.springframework.context.support.DefaultLifecycleProcessor.startBeans(DefaultLifecycleProcessor.java:156)
	at org.springframework.context.support.DefaultLifecycleProcessor.onRefresh(DefaultLifecycleProcessor.java:124)
	at org.springframework.context.support.AbstractApplicationContext.finishRefresh(AbstractApplicationContext.java:946)
	at org.springframework.context.support.AbstractApplicationContext.refresh(AbstractApplicationContext.java:594)
	at org.springframework.boot.web.servlet.context.ServletWebServerApplicationContext.refresh(ServletWebServerApplicationContext.java:147)
	at org.springframework.boot.SpringApplication.refresh(SpringApplication.java:732)
	at org.springframework.boot.SpringApplication.refreshContext(SpringApplication.java:409)
	at org.springframework.boot.SpringApplication.run(SpringApplication.java:308)
	at org.springframework.boot.SpringApplication.run(SpringApplication.java:1300)
	at org.springframework.boot.SpringApplication.run(SpringApplication.java:1289)
	at org.jeecg.JeecgSystemApplication.main(JeecgSystemApplication.java:37)
	at java.base/jdk.internal.reflect.DirectMethodHandleAccessor.invoke(DirectMethodHandleAccessor.java:103)
	at java.base/java.lang.reflect.Method.invoke(Method.java:580)
	at org.springframework.boot.loader.MainMethodRunner.run(MainMethodRunner.java:49)
	at org.springframework.boot.loader.Launcher.launch(Launcher.java:108)
	at org.springframework.boot.loader.Launcher.launch(Launcher.java:58)
	at org.springframework.boot.loader.JarLauncher.main(JarLauncher.java:65)
Caused by: java.lang.NullPointerException: Cannot invoke "org.springframework.web.servlet.mvc.condition.PatternsRequestCondition.getPatterns()" because "this.condition" is null
	at springfox.documentation.spring.web.WebMvcPatternsRequestConditionWrapper.getPatterns(WebMvcPatternsRequestConditionWrapper.java:56)
	at springfox.documentation.RequestHandler.sortedPaths(RequestHandler.java:112)
	at springfox.documentation.spi.service.contexts.Orderings.lambda$byPatternsCondition$3(Orderings.java:89)
	at java.base/java.util.Comparator.lambda$comparing$77a9974f$1(Comparator.java:473)
	at java.base/java.util.TimSort.countRunAndMakeAscending(TimSort.java:355)
	at java.base/java.util.TimSort.sort(TimSort.java:234)
	at java.base/java.util.Arrays.sort(Arrays.java:1308)
	at java.base/java.util.ArrayList.sort(ArrayList.java:1804)
	at java.base/java.util.stream.SortedOps$RefSortingSink.end(SortedOps.java:392)
	at java.base/java.util.stream.Sink$ChainedReference.end(Sink.java:261)
	at java.base/java.util.stream.Sink$ChainedReference.end(Sink.java:261)
	at java.base/java.util.stream.Sink$ChainedReference.end(Sink.java:261)
	at java.base/java.util.stream.Sink$ChainedReference.end(Sink.java:261)
	at java.base/java.util.stream.AbstractPipeline.copyInto(AbstractPipeline.java:510)
	at java.base/java.util.stream.AbstractPipeline.wrapAndCopyInto(AbstractPipeline.java:499)
	at java.base/java.util.stream.ReduceOps$ReduceOp.evaluateSequential(ReduceOps.java:921)
	at java.base/java.util.stream.AbstractPipeline.evaluate(AbstractPipeline.java:234)
	at java.base/java.util.stream.ReferencePipeline.collect(ReferencePipeline.java:682)
	at springfox.documentation.spring.web.plugins.WebMvcRequestHandlerProvider.requestHandlers(WebMvcRequestHandlerProvider.java:76)
	at java.base/java.util.stream.ReferencePipeline$3$1.accept(ReferencePipeline.java:197)
	at java.base/java.util.ArrayList$ArrayListSpliterator.forEachRemaining(ArrayList.java:1708)
	at java.base/java.util.stream.AbstractPipeline.copyInto(AbstractPipeline.java:509)
	at java.base/java.util.stream.AbstractPipeline.wrapAndCopyInto(AbstractPipeline.java:499)
	at java.base/java.util.stream.ReduceOps$ReduceOp.evaluateSequential(ReduceOps.java:921)
	at java.base/java.util.stream.AbstractPipeline.evaluate(AbstractPipeline.java:234)
	at java.base/java.util.stream.ReferencePipeline.collect(ReferencePipeline.java:682)
	at springfox.documentation.spring.web.plugins.AbstractDocumentationPluginsBootstrapper.defaultContextBuilder(AbstractDocumentationPluginsBootstrapper.java:108)
	at springfox.documentation.spring.web.plugins.AbstractDocumentationPluginsBootstrapper.buildContext(AbstractDocumentationPluginsBootstrapper.java:92)
	at springfox.documentation.spring.web.plugins.AbstractDocumentationPluginsBootstrapper.bootstrapDocumentationPlugins(AbstractDocumentationPluginsBootstrapper.java:83)
	at springfox.documentation.spring.web.plugins.DocumentationPluginsBootstrapper.start(DocumentationPluginsBootstrapper.java:94)
	at org.springframework.context.support.DefaultLifecycleProcessor.doStart(DefaultLifecycleProcessor.java:179)
	... 20 common frames omitted
2026-08-17 10:20:34.910 [background-preinit] INFO  org.hibernate.validator.internal.util.Version:21 - HV000001: Hibernate Validator 6.2.5.Final
2026-08-17 10:20:34.934 [main] INFO  org.jeecg.JeecgSystemApplication:55 - Starting JeecgSystemApplication v2.4.6 using Java 21.0.9 on DESKTOP-7A7ENNC with PID 9020 (D:\工作文档\软件工程教研室\2026\2026-2027（1）学期\软件工程技术综合实践\餐饮业油烟监控平台\后端代码\psms\jeecg-boot-module-system\target\jeecg-boot-module-system-2.4.6.jar started by HP in D:\工作文档\软件工程教研室\2026\2026-2027（1）学期\软件工程技术综合实践\餐饮业油烟监控平台\后端代码\psms\jeecg-boot-module-system\target)
2026-08-17 10:20:34.934 [main] INFO  org.jeecg.JeecgSystemApplication:638 - The following 1 profile is active: "dev"
2026-08-17 10:20:36.347 [main] INFO  o.s.d.r.config.RepositoryConfigurationDelegate:262 - Multiple Spring Data modules found, entering strict repository configuration mode
2026-08-17 10:20:36.349 [main] INFO  o.s.d.r.config.RepositoryConfigurationDelegate:132 - Bootstrapping Spring Data Redis repositories in DEFAULT mode.
2026-08-17 10:20:36.407 [main] INFO  o.s.d.r.config.RepositoryConfigurationDelegate:201 - Finished Spring Data repository scanning in 44 ms. Found 0 Redis repository interfaces.
2026-08-17 10:20:36.497 [main] INFO  o.j.minidao.auto.MinidaoAutoConfiguration:23 -  ******************* init miniDao config [ begin ] *********************** 
2026-08-17 10:20:36.498 [main] INFO  o.j.minidao.auto.MinidaoAutoConfiguration:25 -  ------ minidao.base-package ------- org.jeecg.modules.jmreport.*
2026-08-17 10:20:36.499 [main] INFO  o.j.minidao.auto.MinidaoAutoConfiguration:42 -  *******************  init miniDao config  [ end ] *********************** 
2026-08-17 10:20:36.547 [main] INFO  o.j.minidao.factory.MiniDaoClassPathMapperScanner:48 - register minidao name is { org.jeecg.modules.jmreport.desreport.dao.JimuReportDao }
2026-08-17 10:20:36.548 [main] INFO  o.j.minidao.factory.MiniDaoClassPathMapperScanner:48 - register minidao name is { org.jeecg.modules.jmreport.desreport.dao.JimuReportDataSourceDao }
2026-08-17 10:20:36.548 [main] INFO  o.j.minidao.factory.MiniDaoClassPathMapperScanner:48 - register minidao name is { org.jeecg.modules.jmreport.desreport.dao.JimuReportDbDao }
2026-08-17 10:20:36.548 [main] INFO  o.j.minidao.factory.MiniDaoClassPathMapperScanner:48 - register minidao name is { org.jeecg.modules.jmreport.desreport.dao.JimuReportDbFieldDao }
2026-08-17 10:20:36.549 [main] INFO  o.j.minidao.factory.MiniDaoClassPathMapperScanner:48 - register minidao name is { org.jeecg.modules.jmreport.desreport.dao.JimuReportDbParamDao }
2026-08-17 10:20:36.549 [main] INFO  o.j.minidao.factory.MiniDaoClassPathMapperScanner:48 - register minidao name is { org.jeecg.modules.jmreport.desreport.dao.JimuReportDictDao }
2026-08-17 10:20:36.549 [main] INFO  o.j.minidao.factory.MiniDaoClassPathMapperScanner:48 - register minidao name is { org.jeecg.modules.jmreport.desreport.dao.JimuReportDictItemDao }
2026-08-17 10:20:36.550 [main] INFO  o.j.minidao.factory.MiniDaoClassPathMapperScanner:48 - register minidao name is { org.jeecg.modules.jmreport.desreport.dao.JimuReportLinkDao }
2026-08-17 10:20:36.550 [main] INFO  o.j.minidao.factory.MiniDaoClassPathMapperScanner:48 - register minidao name is { org.jeecg.modules.jmreport.desreport.dao.JimuReportMapDao }
2026-08-17 10:20:36.550 [main] INFO  o.j.minidao.factory.MiniDaoClassPathMapperScanner:48 - register minidao name is { org.jeecg.modules.jmreport.desreport.dao.JimuReportShareDao }
2026-08-17 10:20:36.817 [main] INFO  o.s.c.s.PostProcessorRegistrationDelegate$BeanPostProcessorChecker:376 - Bean '(inner bean)#2ce86164' of type [org.jeecgframework.minidao.aop.MiniDaoHandler] is not eligible for getting processed by all BeanPostProcessors (for example: not eligible for auto-proxying)
2026-08-17 10:20:36.823 [main] INFO  o.s.c.s.PostProcessorRegistrationDelegate$BeanPostProcessorChecker:376 - Bean 'jimuReportDao' of type [org.jeecgframework.minidao.factory.MiniDaoBeanFactory] is not eligible for getting processed by all BeanPostProcessors (for example: not eligible for auto-proxying)
2026-08-17 10:20:36.825 [main] INFO  o.s.c.s.PostProcessorRegistrationDelegate$BeanPostProcessorChecker:376 - Bean '(inner bean)#2ce86164#1' of type [org.jeecgframework.minidao.aop.MiniDaoHandler] is not eligible for getting processed by all BeanPostProcessors (for example: not eligible for auto-proxying)
2026-08-17 10:20:36.826 [main] INFO  o.s.c.s.PostProcessorRegistrationDelegate$BeanPostProcessorChecker:376 - Bean 'jimuReportDataSourceDao' of type [org.jeecgframework.minidao.factory.MiniDaoBeanFactory] is not eligible for getting processed by all BeanPostProcessors (for example: not eligible for auto-proxying)
2026-08-17 10:20:36.826 [main] INFO  o.s.c.s.PostProcessorRegistrationDelegate$BeanPostProcessorChecker:376 - Bean '(inner bean)#2ce86164#2' of type [org.jeecgframework.minidao.aop.MiniDaoHandler] is not eligible for getting processed by all BeanPostProcessors (for example: not eligible for auto-proxying)
2026-08-17 10:20:36.827 [main] INFO  o.s.c.s.PostProcessorRegistrationDelegate$BeanPostProcessorChecker:376 - Bean 'jimuReportDbDao' of type [org.jeecgframework.minidao.factory.MiniDaoBeanFactory] is not eligible for getting processed by all BeanPostProcessors (for example: not eligible for auto-proxying)
2026-08-17 10:20:36.827 [main] INFO  o.s.c.s.PostProcessorRegistrationDelegate$BeanPostProcessorChecker:376 - Bean '(inner bean)#2ce86164#3' of type [org.jeecgframework.minidao.aop.MiniDaoHandler] is not eligible for getting processed by all BeanPostProcessors (for example: not eligible for auto-proxying)
2026-08-17 10:20:36.829 [main] INFO  o.s.c.s.PostProcessorRegistrationDelegate$BeanPostProcessorChecker:376 - Bean 'jimuReportDbFieldDao' of type [org.jeecgframework.minidao.factory.MiniDaoBeanFactory] is not eligible for getting processed by all BeanPostProcessors (for example: not eligible for auto-proxying)
2026-08-17 10:20:36.829 [main] INFO  o.s.c.s.PostProcessorRegistrationDelegate$BeanPostProcessorChecker:376 - Bean '(inner bean)#2ce86164#4' of type [org.jeecgframework.minidao.aop.MiniDaoHandler] is not eligible for getting processed by all BeanPostProcessors (for example: not eligible for auto-proxying)
2026-08-17 10:20:36.830 [main] INFO  o.s.c.s.PostProcessorRegistrationDelegate$BeanPostProcessorChecker:376 - Bean 'jimuReportDbParamDao' of type [org.jeecgframework.minidao.factory.MiniDaoBeanFactory] is not eligible for getting processed by all BeanPostProcessors (for example: not eligible for auto-proxying)
2026-08-17 10:20:36.832 [main] INFO  o.s.c.s.PostProcessorRegistrationDelegate$BeanPostProcessorChecker:376 - Bean '(inner bean)#2ce86164#5' of type [org.jeecgframework.minidao.aop.MiniDaoHandler] is not eligible for getting processed by all BeanPostProcessors (for example: not eligible for auto-proxying)
2026-08-17 10:20:36.832 [main] INFO  o.s.c.s.PostProcessorRegistrationDelegate$BeanPostProcessorChecker:376 - Bean 'jimuReportDictDao' of type [org.jeecgframework.minidao.factory.MiniDaoBeanFactory] is not eligible for getting processed by all BeanPostProcessors (for example: not eligible for auto-proxying)
2026-08-17 10:20:36.833 [main] INFO  o.s.c.s.PostProcessorRegistrationDelegate$BeanPostProcessorChecker:376 - Bean '(inner bean)#2ce86164#6' of type [org.jeecgframework.minidao.aop.MiniDaoHandler] is not eligible for getting processed by all BeanPostProcessors (for example: not eligible for auto-proxying)
2026-08-17 10:20:36.833 [main] INFO  o.s.c.s.PostProcessorRegistrationDelegate$BeanPostProcessorChecker:376 - Bean 'jimuReportDictItemDao' of type [org.jeecgframework.minidao.factory.MiniDaoBeanFactory] is not eligible for getting processed by all BeanPostProcessors (for example: not eligible for auto-proxying)
2026-08-17 10:20:36.834 [main] INFO  o.s.c.s.PostProcessorRegistrationDelegate$BeanPostProcessorChecker:376 - Bean '(inner bean)#2ce86164#7' of type [org.jeecgframework.minidao.aop.MiniDaoHandler] is not eligible for getting processed by all BeanPostProcessors (for example: not eligible for auto-proxying)
2026-08-17 10:20:36.835 [main] INFO  o.s.c.s.PostProcessorRegistrationDelegate$BeanPostProcessorChecker:376 - Bean 'jimuReportLinkDao' of type [org.jeecgframework.minidao.factory.MiniDaoBeanFactory] is not eligible for getting processed by all BeanPostProcessors (for example: not eligible for auto-proxying)
2026-08-17 10:20:36.836 [main] INFO  o.s.c.s.PostProcessorRegistrationDelegate$BeanPostProcessorChecker:376 - Bean '(inner bean)#2ce86164#8' of type [org.jeecgframework.minidao.aop.MiniDaoHandler] is not eligible for getting processed by all BeanPostProcessors (for example: not eligible for auto-proxying)
2026-08-17 10:20:36.836 [main] INFO  o.s.c.s.PostProcessorRegistrationDelegate$BeanPostProcessorChecker:376 - Bean 'jimuReportMapDao' of type [org.jeecgframework.minidao.factory.MiniDaoBeanFactory] is not eligible for getting processed by all BeanPostProcessors (for example: not eligible for auto-proxying)
2026-08-17 10:20:36.838 [main] INFO  o.s.c.s.PostProcessorRegistrationDelegate$BeanPostProcessorChecker:376 - Bean '(inner bean)#2ce86164#9' of type [org.jeecgframework.minidao.aop.MiniDaoHandler] is not eligible for getting processed by all BeanPostProcessors (for example: not eligible for auto-proxying)
2026-08-17 10:20:36.838 [main] INFO  o.s.c.s.PostProcessorRegistrationDelegate$BeanPostProcessorChecker:376 - Bean 'jimuReportShareDao' of type [org.jeecgframework.minidao.factory.MiniDaoBeanFactory] is not eligible for getting processed by all BeanPostProcessors (for example: not eligible for auto-proxying)
2026-08-17 10:20:36.861 [main] INFO  o.s.c.s.PostProcessorRegistrationDelegate$BeanPostProcessorChecker:376 - Bean 'spring.redis-org.springframework.boot.autoconfigure.data.redis.RedisProperties' of type [org.springframework.boot.autoconfigure.data.redis.RedisProperties] is not eligible for getting processed by all BeanPostProcessors (for example: not eligible for auto-proxying)
2026-08-17 10:20:36.866 [main] INFO  o.s.c.s.PostProcessorRegistrationDelegate$BeanPostProcessorChecker:376 - Bean 'org.springframework.boot.autoconfigure.data.redis.LettuceConnectionConfiguration' of type [org.springframework.boot.autoconfigure.data.redis.LettuceConnectionConfiguration] is not eligible for getting processed by all BeanPostProcessors (for example: not eligible for auto-proxying)
2026-08-17 10:20:36.889 [main] INFO  o.s.c.s.PostProcessorRegistrationDelegate$BeanPostProcessorChecker:376 - Bean 'org.springframework.boot.actuate.autoconfigure.metrics.redis.LettuceMetricsAutoConfiguration' of type [org.springframework.boot.actuate.autoconfigure.metrics.redis.LettuceMetricsAutoConfiguration] is not eligible for getting processed by all BeanPostProcessors (for example: not eligible for auto-proxying)
2026-08-17 10:20:36.891 [main] INFO  o.s.c.s.PostProcessorRegistrationDelegate$BeanPostProcessorChecker:376 - Bean 'org.springframework.boot.actuate.autoconfigure.metrics.export.simple.SimpleMetricsExportAutoConfiguration' of type [org.springframework.boot.actuate.autoconfigure.metrics.export.simple.SimpleMetricsExportAutoConfiguration] is not eligible for getting processed by all BeanPostProcessors (for example: not eligible for auto-proxying)
2026-08-17 10:20:36.894 [main] INFO  o.s.c.s.PostProcessorRegistrationDelegate$BeanPostProcessorChecker:376 - Bean 'management.metrics.export.simple-org.springframework.boot.actuate.autoconfigure.metrics.export.simple.SimpleProperties' of type [org.springframework.boot.actuate.autoconfigure.metrics.export.simple.SimpleProperties] is not eligible for getting processed by all BeanPostProcessors (for example: not eligible for auto-proxying)
2026-08-17 10:20:36.898 [main] INFO  o.s.c.s.PostProcessorRegistrationDelegate$BeanPostProcessorChecker:376 - Bean 'simpleConfig' of type [org.springframework.boot.actuate.autoconfigure.metrics.export.simple.SimplePropertiesConfigAdapter] is not eligible for getting processed by all BeanPostProcessors (for example: not eligible for auto-proxying)
2026-08-17 10:20:36.899 [main] INFO  o.s.c.s.PostProcessorRegistrationDelegate$BeanPostProcessorChecker:376 - Bean 'org.springframework.boot.actuate.autoconfigure.metrics.MetricsAutoConfiguration' of type [org.springframework.boot.actuate.autoconfigure.metrics.MetricsAutoConfiguration] is not eligible for getting processed by all BeanPostProcessors (for example: not eligible for auto-proxying)
2026-08-17 10:20:36.901 [main] INFO  o.s.c.s.PostProcessorRegistrationDelegate$BeanPostProcessorChecker:376 - Bean 'micrometerClock' of type [io.micrometer.core.instrument.Clock$1] is not eligible for getting processed by all BeanPostProcessors (for example: not eligible for auto-proxying)
2026-08-17 10:20:36.927 [main] INFO  o.s.c.s.PostProcessorRegistrationDelegate$BeanPostProcessorChecker:376 - Bean 'simpleMeterRegistry' of type [io.micrometer.core.instrument.simple.SimpleMeterRegistry] is not eligible for getting processed by all BeanPostProcessors (for example: not eligible for auto-proxying)
2026-08-17 10:20:36.930 [main] INFO  o.s.c.s.PostProcessorRegistrationDelegate$BeanPostProcessorChecker:376 - Bean 'micrometerOptions' of type [io.lettuce.core.metrics.MicrometerOptions] is not eligible for getting processed by all BeanPostProcessors (for example: not eligible for auto-proxying)
2026-08-17 10:20:36.931 [main] INFO  o.s.c.s.PostProcessorRegistrationDelegate$BeanPostProcessorChecker:376 - Bean 'lettuceMetrics' of type [org.springframework.boot.actuate.autoconfigure.metrics.redis.LettuceMetricsAutoConfiguration$$Lambda/0x00000263e649c9a0] is not eligible for getting processed by all BeanPostProcessors (for example: not eligible for auto-proxying)
2026-08-17 10:20:37.035 [main] INFO  o.s.c.s.PostProcessorRegistrationDelegate$BeanPostProcessorChecker:376 - Bean 'lettuceClientResources' of type [io.lettuce.core.resource.DefaultClientResources] is not eligible for getting processed by all BeanPostProcessors (for example: not eligible for auto-proxying)
2026-08-17 10:20:37.086 [main] INFO  o.s.c.s.PostProcessorRegistrationDelegate$BeanPostProcessorChecker:376 - Bean 'redisConnectionFactory' of type [org.springframework.data.redis.connection.lettuce.LettuceConnectionFactory] is not eligible for getting processed by all BeanPostProcessors (for example: not eligible for auto-proxying)
2026-08-17 10:20:37.089 [main] INFO  o.s.c.s.PostProcessorRegistrationDelegate$BeanPostProcessorChecker:376 - Bean 'shiroConfig' of type [org.jeecg.config.shiro.ShiroConfig$$EnhancerBySpringCGLIB$$158641c6] is not eligible for getting processed by all BeanPostProcessors (for example: not eligible for auto-proxying)
2026-08-17 10:20:37.308 [main] INFO  o.s.c.s.PostProcessorRegistrationDelegate$BeanPostProcessorChecker:376 - Bean 'spring.datasource.dynamic-com.baomidou.dynamic.datasource.spring.boot.autoconfigure.DynamicDataSourceProperties' of type [com.baomidou.dynamic.datasource.spring.boot.autoconfigure.DynamicDataSourceProperties] is not eligible for getting processed by all BeanPostProcessors (for example: not eligible for auto-proxying)
2026-08-17 10:20:37.312 [main] INFO  o.s.c.s.PostProcessorRegistrationDelegate$BeanPostProcessorChecker:376 - Bean 'com.baomidou.dynamic.datasource.spring.boot.autoconfigure.DynamicDataSourceAutoConfiguration' of type [com.baomidou.dynamic.datasource.spring.boot.autoconfigure.DynamicDataSourceAutoConfiguration$$EnhancerBySpringCGLIB$$1fd86a9e] is not eligible for getting processed by all BeanPostProcessors (for example: not eligible for auto-proxying)
2026-08-17 10:20:37.318 [main] INFO  o.s.c.s.PostProcessorRegistrationDelegate$BeanPostProcessorChecker:376 - Bean 'dsProcessor' of type [com.baomidou.dynamic.datasource.processor.DsHeaderProcessor] is not eligible for getting processed by all BeanPostProcessors (for example: not eligible for auto-proxying)
2026-08-17 10:20:37.360 [main] INFO  o.s.c.s.PostProcessorRegistrationDelegate$BeanPostProcessorChecker:376 - Bean 'shiroRealm' of type [org.jeecg.config.shiro.ShiroRealm] is not eligible for getting processed by all BeanPostProcessors (for example: not eligible for auto-proxying)
2026-08-17 10:20:37.449 [main] INFO  org.jeecg.config.shiro.ShiroConfig:215 - ===============(1)创建缓存管理器RedisCacheManager
2026-08-17 10:20:37.451 [main] INFO  org.jeecg.config.shiro.ShiroConfig:233 - ===============(2)创建RedisManager,连接Redis..
2026-08-17 10:20:37.454 [main] INFO  o.s.c.s.PostProcessorRegistrationDelegate$BeanPostProcessorChecker:376 - Bean 'redisManager' of type [org.crazycake.shiro.RedisManager] is not eligible for getting processed by all BeanPostProcessors (for example: not eligible for auto-proxying)
2026-08-17 10:20:37.460 [main] INFO  o.s.c.s.PostProcessorRegistrationDelegate$BeanPostProcessorChecker:376 - Bean 'securityManager' of type [org.apache.shiro.web.mgt.DefaultWebSecurityManager] is not eligible for getting processed by all BeanPostProcessors (for example: not eligible for auto-proxying)
2026-08-17 10:20:37.483 [main] INFO  o.s.c.s.PostProcessorRegistrationDelegate$BeanPostProcessorChecker:376 - Bean 'authorizationAttributeSourceAdvisor' of type [org.apache.shiro.spring.security.interceptor.AuthorizationAttributeSourceAdvisor] is not eligible for getting processed by all BeanPostProcessors (for example: not eligible for auto-proxying)
2026-08-17 10:20:37.508 [main] INFO  o.s.c.s.PostProcessorRegistrationDelegate$BeanPostProcessorChecker:376 - Bean 'org.apache.shiro.spring.boot.autoconfigure.ShiroBeanAutoConfiguration' of type [org.apache.shiro.spring.boot.autoconfigure.ShiroBeanAutoConfiguration$$EnhancerBySpringCGLIB$$c962d77d] is not eligible for getting processed by all BeanPostProcessors (for example: not eligible for auto-proxying)
2026-08-17 10:20:37.512 [main] INFO  o.s.c.s.PostProcessorRegistrationDelegate$BeanPostProcessorChecker:376 - Bean 'eventBus' of type [org.apache.shiro.event.support.DefaultEventBus] is not eligible for getting processed by all BeanPostProcessors (for example: not eligible for auto-proxying)
2026-08-17 10:20:37.909 [main] INFO  o.s.boot.web.embedded.tomcat.TomcatWebServer:108 - Tomcat initialized with port(s): 8080 (http)
2026-08-17 10:20:37.926 [main] INFO  org.apache.coyote.http11.Http11NioProtocol:173 - Initializing ProtocolHandler ["http-nio-8080"]
2026-08-17 10:20:37.928 [main] INFO  org.apache.catalina.core.StandardService:173 - Starting service [Tomcat]
2026-08-17 10:20:37.928 [main] INFO  org.apache.catalina.core.StandardEngine:173 - Starting Servlet engine: [Apache Tomcat/9.0.83]
2026-08-17 10:20:37.972 [main] INFO  o.a.c.c.ContainerBase.[Tomcat].[localhost].[/psms]:173 - Initializing Spring embedded WebApplicationContext
2026-08-17 10:20:37.972 [main] INFO  o.s.b.w.s.c.ServletWebServerApplicationContext:292 - Root WebApplicationContext: initialization completed in 3000 ms
2026-08-17 10:20:38.807 [main] INFO  com.alibaba.druid.pool.DruidDataSource:1009 - {dataSource-1,master} inited
2026-08-17 10:20:38.809 [main] INFO  c.b.dynamic.datasource.DynamicRoutingDataSource:132 - dynamic-datasource - load a datasource named [master] success
2026-08-17 10:20:38.809 [main] INFO  c.b.dynamic.datasource.DynamicRoutingDataSource:237 - dynamic-datasource initial loaded [1] datasource,primary datasource named [master]
2026-08-17 10:20:39.305 [main] ERROR com.baomidou.mybatisplus.core.MybatisConfiguration:100 - mapper[org.jeecg.modules.psms.analyse.mapper.AnalyseMapper.moreNum] is ignored, because it exists, maybe from xml file
2026-08-17 10:20:39.313 [main] WARN  c.b.mybatisplus.core.metadata.TableInfoHelper:335 - Can not find table primary key in Class: "java.util.Map".
2026-08-17 10:20:40.239 [main] INFO  org.jeecg.common.modules.redis.config.RedisConfig:76 -  --- redis config init --- 
2026-08-17 10:20:41.545 [main] INFO  org.quartz.impl.StdSchedulerFactory:1220 - Using default implementation for ThreadExecutor
2026-08-17 10:20:41.546 [main] INFO  org.quartz.simpl.SimpleThreadPool:268 - Job execution threads will use class loader of thread: main
2026-08-17 10:20:41.553 [main] INFO  org.quartz.core.SchedulerSignalerImpl:61 - Initialized Scheduler Signaller of type: class org.quartz.core.SchedulerSignalerImpl
2026-08-17 10:20:41.553 [main] INFO  org.quartz.core.QuartzScheduler:229 - Quartz Scheduler v.2.3.2 created.
2026-08-17 10:20:41.554 [main] INFO  o.s.scheduling.quartz.LocalDataSourceJobStore:672 - Using db table-based data access locking (synchronization).
2026-08-17 10:20:41.556 [main] INFO  o.s.scheduling.quartz.LocalDataSourceJobStore:145 - JobStoreCMT initialized.
2026-08-17 10:20:41.556 [main] INFO  org.quartz.core.QuartzScheduler:294 - Scheduler meta-data: Quartz Scheduler (v2.3.2) 'MyScheduler' with instanceId 'DESKTOP-7A7ENNC1786933241546'
  Scheduler class: 'org.quartz.core.QuartzScheduler' - running locally.
  NOT STARTED.
  Currently in standby mode.
  Number of jobs executed: 0
  Using thread pool 'org.quartz.simpl.SimpleThreadPool' - with 10 threads.
  Using job-store 'org.springframework.scheduling.quartz.LocalDataSourceJobStore' - which supports persistence. and is clustered.

2026-08-17 10:20:41.556 [main] INFO  org.quartz.impl.StdSchedulerFactory:1374 - Quartz scheduler 'MyScheduler' initialized from an externally provided properties instance.
2026-08-17 10:20:41.556 [main] INFO  org.quartz.impl.StdSchedulerFactory:1378 - Quartz scheduler version: 2.3.2
2026-08-17 10:20:41.557 [main] INFO  org.quartz.core.QuartzScheduler:2293 - JobFactory set to: org.springframework.scheduling.quartz.SpringBeanJobFactory@6f347d7
2026-08-17 10:20:42.265 [main] INFO  o.j.m.jmreport.config.JimuReportConfiguration:55 -  --- Init JimuReport Config --- 
2026-08-17 10:20:42.958 [main] INFO  o.s.b.actuate.endpoint.web.EndpointLinksResolver:58 - Exposing 1 endpoint(s) beneath base path '/actuator'
2026-08-17 10:20:43.061 [main] INFO  org.jeecg.config.init.CodeGenerateDbConfig:46 -  代码生成器数据库连接，使用application.yml的DB配置 ###################
2026-08-17 10:20:43.098 [main] INFO  s.d.s.w.WebMvcPropertySourcedRequestMappingHandlerMapping:69 - Mapped URL path [/v2/api-docs] onto method [springfox.documentation.swagger2.web.Swagger2ControllerWebMvc#getDocumentation(String, HttpServletRequest)]
2026-08-17 10:20:43.196 [main] INFO  o.j.modules.jmreport.config.JmReportExecutorConfig:21 - ---创建线程池---
2026-08-17 10:20:43.422 [main] INFO  o.s.b.a.web.servlet.WelcomePageHandlerMapping:60 - Adding welcome page: class path resource [static/index.html]
2026-08-17 10:20:43.745 [main] INFO  org.apache.coyote.http11.Http11NioProtocol:173 - Starting ProtocolHandler ["http-nio-8080"]
2026-08-17 10:20:43.758 [main] INFO  o.s.boot.web.embedded.tomcat.TomcatWebServer:220 - Tomcat started on port(s): 8080 (http) with context path '/psms'
2026-08-17 10:20:43.759 [main] INFO  s.d.s.web.plugins.DocumentationPluginsBootstrapper:93 - Documentation plugins bootstrapped
2026-08-17 10:20:43.760 [main] INFO  s.d.s.web.plugins.DocumentationPluginsBootstrapper:79 - Found 1 custom documentation plugin(s)
2026-08-17 10:20:43.762 [main] WARN  o.s.b.w.s.c.AnnotationConfigServletWebServerApplicationContext:599 - Exception encountered during context initialization - cancelling refresh attempt: org.springframework.context.ApplicationContextException: Failed to start bean 'documentationPluginsBootstrapper'; nested exception is java.lang.NullPointerException: Cannot invoke "org.springframework.web.servlet.mvc.condition.PatternsRequestCondition.getPatterns()" because "this.condition" is null
2026-08-17 10:20:43.767 [main] INFO  o.s.scheduling.quartz.SchedulerFactoryBean:847 - Shutting down Quartz Scheduler
2026-08-17 10:20:43.768 [main] INFO  org.quartz.core.QuartzScheduler:666 - Scheduler MyScheduler_$_DESKTOP-7A7ENNC1786933241546 shutting down.
2026-08-17 10:20:43.768 [main] INFO  org.quartz.core.QuartzScheduler:585 - Scheduler MyScheduler_$_DESKTOP-7A7ENNC1786933241546 paused.
2026-08-17 10:20:43.768 [main] INFO  org.quartz.core.QuartzScheduler:740 - Scheduler MyScheduler_$_DESKTOP-7A7ENNC1786933241546 shutdown complete.
2026-08-17 10:20:43.773 [main] INFO  c.b.dynamic.datasource.DynamicRoutingDataSource:217 - dynamic-datasource start closing ....
2026-08-17 10:20:43.775 [main] INFO  com.alibaba.druid.pool.DruidDataSource:2174 - {dataSource-1} closing ...
2026-08-17 10:20:43.781 [main] INFO  com.alibaba.druid.pool.DruidDataSource:2247 - {dataSource-1} closed
2026-08-17 10:20:43.781 [main] INFO  c.b.dynamic.datasource.DynamicRoutingDataSource:221 - dynamic-datasource all closed success,bye
2026-08-17 10:20:43.798 [main] INFO  org.apache.coyote.http11.Http11NioProtocol:173 - Pausing ProtocolHandler ["http-nio-8080"]
2026-08-17 10:20:43.799 [main] INFO  org.apache.catalina.core.StandardService:173 - Stopping service [Tomcat]
2026-08-17 10:20:43.828 [main] INFO  org.apache.coyote.http11.Http11NioProtocol:173 - Stopping ProtocolHandler ["http-nio-8080"]
2026-08-17 10:20:43.829 [main] INFO  org.apache.coyote.http11.Http11NioProtocol:173 - Destroying ProtocolHandler ["http-nio-8080"]
2026-08-17 10:20:43.835 [main] INFO  o.s.b.a.l.ConditionEvaluationReportLoggingListener:136 - 

Error starting ApplicationContext. To display the conditions report re-run your application with 'debug' enabled.
2026-08-17 10:20:43.853 [main] ERROR org.springframework.boot.SpringApplication:818 - Application run failed
org.springframework.context.ApplicationContextException: Failed to start bean 'documentationPluginsBootstrapper'; nested exception is java.lang.NullPointerException: Cannot invoke "org.springframework.web.servlet.mvc.condition.PatternsRequestCondition.getPatterns()" because "this.condition" is null
	at org.springframework.context.support.DefaultLifecycleProcessor.doStart(DefaultLifecycleProcessor.java:182)
	at org.springframework.context.support.DefaultLifecycleProcessor.access$200(DefaultLifecycleProcessor.java:54)
	at org.springframework.context.support.DefaultLifecycleProcessor$LifecycleGroup.start(DefaultLifecycleProcessor.java:357)
	at java.base/java.lang.Iterable.forEach(Iterable.java:75)
	at org.springframework.context.support.DefaultLifecycleProcessor.startBeans(DefaultLifecycleProcessor.java:156)
	at org.springframework.context.support.DefaultLifecycleProcessor.onRefresh(DefaultLifecycleProcessor.java:124)
	at org.springframework.context.support.AbstractApplicationContext.finishRefresh(AbstractApplicationContext.java:946)
	at org.springframework.context.support.AbstractApplicationContext.refresh(AbstractApplicationContext.java:594)
	at org.springframework.boot.web.servlet.context.ServletWebServerApplicationContext.refresh(ServletWebServerApplicationContext.java:147)
	at org.springframework.boot.SpringApplication.refresh(SpringApplication.java:732)
	at org.springframework.boot.SpringApplication.refreshContext(SpringApplication.java:409)
	at org.springframework.boot.SpringApplication.run(SpringApplication.java:308)
	at org.springframework.boot.SpringApplication.run(SpringApplication.java:1300)
	at org.springframework.boot.SpringApplication.run(SpringApplication.java:1289)
	at org.jeecg.JeecgSystemApplication.main(JeecgSystemApplication.java:37)
	at java.base/jdk.internal.reflect.DirectMethodHandleAccessor.invoke(DirectMethodHandleAccessor.java:103)
	at java.base/java.lang.reflect.Method.invoke(Method.java:580)
	at org.springframework.boot.loader.MainMethodRunner.run(MainMethodRunner.java:49)
	at org.springframework.boot.loader.Launcher.launch(Launcher.java:108)
	at org.springframework.boot.loader.Launcher.launch(Launcher.java:58)
	at org.springframework.boot.loader.JarLauncher.main(JarLauncher.java:65)
Caused by: java.lang.NullPointerException: Cannot invoke "org.springframework.web.servlet.mvc.condition.PatternsRequestCondition.getPatterns()" because "this.condition" is null
	at springfox.documentation.spring.web.WebMvcPatternsRequestConditionWrapper.getPatterns(WebMvcPatternsRequestConditionWrapper.java:56)
	at springfox.documentation.RequestHandler.sortedPaths(RequestHandler.java:112)
	at springfox.documentation.spi.service.contexts.Orderings.lambda$byPatternsCondition$3(Orderings.java:89)
	at java.base/java.util.Comparator.lambda$comparing$77a9974f$1(Comparator.java:473)
	at java.base/java.util.TimSort.countRunAndMakeAscending(TimSort.java:355)
	at java.base/java.util.TimSort.sort(TimSort.java:234)
	at java.base/java.util.Arrays.sort(Arrays.java:1308)
	at java.base/java.util.ArrayList.sort(ArrayList.java:1804)
	at java.base/java.util.stream.SortedOps$RefSortingSink.end(SortedOps.java:392)
	at java.base/java.util.stream.Sink$ChainedReference.end(Sink.java:261)
	at java.base/java.util.stream.Sink$ChainedReference.end(Sink.java:261)
	at java.base/java.util.stream.Sink$ChainedReference.end(Sink.java:261)
	at java.base/java.util.stream.Sink$ChainedReference.end(Sink.java:261)
	at java.base/java.util.stream.AbstractPipeline.copyInto(AbstractPipeline.java:510)
	at java.base/java.util.stream.AbstractPipeline.wrapAndCopyInto(AbstractPipeline.java:499)
	at java.base/java.util.stream.ReduceOps$ReduceOp.evaluateSequential(ReduceOps.java:921)
	at java.base/java.util.stream.AbstractPipeline.evaluate(AbstractPipeline.java:234)
	at java.base/java.util.stream.ReferencePipeline.collect(ReferencePipeline.java:682)
	at springfox.documentation.spring.web.plugins.WebMvcRequestHandlerProvider.requestHandlers(WebMvcRequestHandlerProvider.java:76)
	at java.base/java.util.stream.ReferencePipeline$3$1.accept(ReferencePipeline.java:197)
	at java.base/java.util.ArrayList$ArrayListSpliterator.forEachRemaining(ArrayList.java:1708)
	at java.base/java.util.stream.AbstractPipeline.copyInto(AbstractPipeline.java:509)
	at java.base/java.util.stream.AbstractPipeline.wrapAndCopyInto(AbstractPipeline.java:499)
	at java.base/java.util.stream.ReduceOps$ReduceOp.evaluateSequential(ReduceOps.java:921)
	at java.base/java.util.stream.AbstractPipeline.evaluate(AbstractPipeline.java:234)
	at java.base/java.util.stream.ReferencePipeline.collect(ReferencePipeline.java:682)
	at springfox.documentation.spring.web.plugins.AbstractDocumentationPluginsBootstrapper.defaultContextBuilder(AbstractDocumentationPluginsBootstrapper.java:108)
	at springfox.documentation.spring.web.plugins.AbstractDocumentationPluginsBootstrapper.buildContext(AbstractDocumentationPluginsBootstrapper.java:92)
	at springfox.documentation.spring.web.plugins.AbstractDocumentationPluginsBootstrapper.bootstrapDocumentationPlugins(AbstractDocumentationPluginsBootstrapper.java:83)
	at springfox.documentation.spring.web.plugins.DocumentationPluginsBootstrapper.start(DocumentationPluginsBootstrapper.java:94)
	at org.springframework.context.support.DefaultLifecycleProcessor.doStart(DefaultLifecycleProcessor.java:179)
	... 20 common frames omitted
2026-08-17 10:22:35.249 [background-preinit] INFO  org.hibernate.validator.internal.util.Version:21 - HV000001: Hibernate Validator 6.2.5.Final
2026-08-17 10:22:35.272 [main] INFO  org.jeecg.JeecgSystemApplication:55 - Starting JeecgSystemApplication v2.4.6 using Java 21.0.9 on DESKTOP-7A7ENNC with PID 30756 (D:\工作文档\软件工程教研室\2026\2026-2027（1）学期\软件工程技术综合实践\餐饮业油烟监控平台\后端代码\psms\jeecg-boot-module-system\target\jeecg-boot-module-system-2.4.6.jar started by HP in D:\工作文档\软件工程教研室\2026\2026-2027（1）学期\软件工程技术综合实践\餐饮业油烟监控平台\后端代码\psms\jeecg-boot-module-system\target)
2026-08-17 10:22:35.273 [main] INFO  org.jeecg.JeecgSystemApplication:638 - The following 1 profile is active: "dev"
2026-08-17 10:22:36.695 [main] INFO  o.s.d.r.config.RepositoryConfigurationDelegate:262 - Multiple Spring Data modules found, entering strict repository configuration mode
2026-08-17 10:22:36.697 [main] INFO  o.s.d.r.config.RepositoryConfigurationDelegate:132 - Bootstrapping Spring Data Redis repositories in DEFAULT mode.
2026-08-17 10:22:36.747 [main] INFO  o.s.d.r.config.RepositoryConfigurationDelegate:201 - Finished Spring Data repository scanning in 42 ms. Found 0 Redis repository interfaces.
2026-08-17 10:22:36.846 [main] INFO  o.j.minidao.auto.MinidaoAutoConfiguration:23 -  ******************* init miniDao config [ begin ] *********************** 
2026-08-17 10:22:36.847 [main] INFO  o.j.minidao.auto.MinidaoAutoConfiguration:25 -  ------ minidao.base-package ------- org.jeecg.modules.jmreport.*
2026-08-17 10:22:36.848 [main] INFO  o.j.minidao.auto.MinidaoAutoConfiguration:42 -  *******************  init miniDao config  [ end ] *********************** 
2026-08-17 10:22:36.892 [main] INFO  o.j.minidao.factory.MiniDaoClassPathMapperScanner:48 - register minidao name is { org.jeecg.modules.jmreport.desreport.dao.JimuReportDao }
2026-08-17 10:22:36.893 [main] INFO  o.j.minidao.factory.MiniDaoClassPathMapperScanner:48 - register minidao name is { org.jeecg.modules.jmreport.desreport.dao.JimuReportDataSourceDao }
2026-08-17 10:22:36.894 [main] INFO  o.j.minidao.factory.MiniDaoClassPathMapperScanner:48 - register minidao name is { org.jeecg.modules.jmreport.desreport.dao.JimuReportDbDao }
2026-08-17 10:22:36.894 [main] INFO  o.j.minidao.factory.MiniDaoClassPathMapperScanner:48 - register minidao name is { org.jeecg.modules.jmreport.desreport.dao.JimuReportDbFieldDao }
2026-08-17 10:22:36.895 [main] INFO  o.j.minidao.factory.MiniDaoClassPathMapperScanner:48 - register minidao name is { org.jeecg.modules.jmreport.desreport.dao.JimuReportDbParamDao }
2026-08-17 10:22:36.895 [main] INFO  o.j.minidao.factory.MiniDaoClassPathMapperScanner:48 - register minidao name is { org.jeecg.modules.jmreport.desreport.dao.JimuReportDictDao }
2026-08-17 10:22:36.895 [main] INFO  o.j.minidao.factory.MiniDaoClassPathMapperScanner:48 - register minidao name is { org.jeecg.modules.jmreport.desreport.dao.JimuReportDictItemDao }
2026-08-17 10:22:36.896 [main] INFO  o.j.minidao.factory.MiniDaoClassPathMapperScanner:48 - register minidao name is { org.jeecg.modules.jmreport.desreport.dao.JimuReportLinkDao }
2026-08-17 10:22:36.896 [main] INFO  o.j.minidao.factory.MiniDaoClassPathMapperScanner:48 - register minidao name is { org.jeecg.modules.jmreport.desreport.dao.JimuReportMapDao }
2026-08-17 10:22:36.896 [main] INFO  o.j.minidao.factory.MiniDaoClassPathMapperScanner:48 - register minidao name is { org.jeecg.modules.jmreport.desreport.dao.JimuReportShareDao }
2026-08-17 10:22:37.176 [main] INFO  o.s.c.s.PostProcessorRegistrationDelegate$BeanPostProcessorChecker:376 - Bean '(inner bean)#71e5f61d' of type [org.jeecgframework.minidao.aop.MiniDaoHandler] is not eligible for getting processed by all BeanPostProcessors (for example: not eligible for auto-proxying)
2026-08-17 10:22:37.181 [main] INFO  o.s.c.s.PostProcessorRegistrationDelegate$BeanPostProcessorChecker:376 - Bean 'jimuReportDao' of type [org.jeecgframework.minidao.factory.MiniDaoBeanFactory] is not eligible for getting processed by all BeanPostProcessors (for example: not eligible for auto-proxying)
2026-08-17 10:22:37.182 [main] INFO  o.s.c.s.PostProcessorRegistrationDelegate$BeanPostProcessorChecker:376 - Bean '(inner bean)#71e5f61d#1' of type [org.jeecgframework.minidao.aop.MiniDaoHandler] is not eligible for getting processed by all BeanPostProcessors (for example: not eligible for auto-proxying)
2026-08-17 10:22:37.182 [main] INFO  o.s.c.s.PostProcessorRegistrationDelegate$BeanPostProcessorChecker:376 - Bean 'jimuReportDataSourceDao' of type [org.jeecgframework.minidao.factory.MiniDaoBeanFactory] is not eligible for getting processed by all BeanPostProcessors (for example: not eligible for auto-proxying)
2026-08-17 10:22:37.184 [main] INFO  o.s.c.s.PostProcessorRegistrationDelegate$BeanPostProcessorChecker:376 - Bean '(inner bean)#71e5f61d#2' of type [org.jeecgframework.minidao.aop.MiniDaoHandler] is not eligible for getting processed by all BeanPostProcessors (for example: not eligible for auto-proxying)
2026-08-17 10:22:37.185 [main] INFO  o.s.c.s.PostProcessorRegistrationDelegate$BeanPostProcessorChecker:376 - Bean 'jimuReportDbDao' of type [org.jeecgframework.minidao.factory.MiniDaoBeanFactory] is not eligible for getting processed by all BeanPostProcessors (for example: not eligible for auto-proxying)
2026-08-17 10:22:37.187 [main] INFO  o.s.c.s.PostProcessorRegistrationDelegate$BeanPostProcessorChecker:376 - Bean '(inner bean)#71e5f61d#3' of type [org.jeecgframework.minidao.aop.MiniDaoHandler] is not eligible for getting processed by all BeanPostProcessors (for example: not eligible for auto-proxying)
2026-08-17 10:22:37.188 [main] INFO  o.s.c.s.PostProcessorRegistrationDelegate$BeanPostProcessorChecker:376 - Bean 'jimuReportDbFieldDao' of type [org.jeecgframework.minidao.factory.MiniDaoBeanFactory] is not eligible for getting processed by all BeanPostProcessors (for example: not eligible for auto-proxying)
2026-08-17 10:22:37.188 [main] INFO  o.s.c.s.PostProcessorRegistrationDelegate$BeanPostProcessorChecker:376 - Bean '(inner bean)#71e5f61d#4' of type [org.jeecgframework.minidao.aop.MiniDaoHandler] is not eligible for getting processed by all BeanPostProcessors (for example: not eligible for auto-proxying)
2026-08-17 10:22:37.189 [main] INFO  o.s.c.s.PostProcessorRegistrationDelegate$BeanPostProcessorChecker:376 - Bean 'jimuReportDbParamDao' of type [org.jeecgframework.minidao.factory.MiniDaoBeanFactory] is not eligible for getting processed by all BeanPostProcessors (for example: not eligible for auto-proxying)
2026-08-17 10:22:37.190 [main] INFO  o.s.c.s.PostProcessorRegistrationDelegate$BeanPostProcessorChecker:376 - Bean '(inner bean)#71e5f61d#5' of type [org.jeecgframework.minidao.aop.MiniDaoHandler] is not eligible for getting processed by all BeanPostProcessors (for example: not eligible for auto-proxying)
2026-08-17 10:22:37.191 [main] INFO  o.s.c.s.PostProcessorRegistrationDelegate$BeanPostProcessorChecker:376 - Bean 'jimuReportDictDao' of type [org.jeecgframework.minidao.factory.MiniDaoBeanFactory] is not eligible for getting processed by all BeanPostProcessors (for example: not eligible for auto-proxying)
2026-08-17 10:22:37.191 [main] INFO  o.s.c.s.PostProcessorRegistrationDelegate$BeanPostProcessorChecker:376 - Bean '(inner bean)#71e5f61d#6' of type [org.jeecgframework.minidao.aop.MiniDaoHandler] is not eligible for getting processed by all BeanPostProcessors (for example: not eligible for auto-proxying)
2026-08-17 10:22:37.192 [main] INFO  o.s.c.s.PostProcessorRegistrationDelegate$BeanPostProcessorChecker:376 - Bean 'jimuReportDictItemDao' of type [org.jeecgframework.minidao.factory.MiniDaoBeanFactory] is not eligible for getting processed by all BeanPostProcessors (for example: not eligible for auto-proxying)
2026-08-17 10:22:37.192 [main] INFO  o.s.c.s.PostProcessorRegistrationDelegate$BeanPostProcessorChecker:376 - Bean '(inner bean)#71e5f61d#7' of type [org.jeecgframework.minidao.aop.MiniDaoHandler] is not eligible for getting processed by all BeanPostProcessors (for example: not eligible for auto-proxying)
2026-08-17 10:22:37.194 [main] INFO  o.s.c.s.PostProcessorRegistrationDelegate$BeanPostProcessorChecker:376 - Bean 'jimuReportLinkDao' of type [org.jeecgframework.minidao.factory.MiniDaoBeanFactory] is not eligible for getting processed by all BeanPostProcessors (for example: not eligible for auto-proxying)
2026-08-17 10:22:37.194 [main] INFO  o.s.c.s.PostProcessorRegistrationDelegate$BeanPostProcessorChecker:376 - Bean '(inner bean)#71e5f61d#8' of type [org.jeecgframework.minidao.aop.MiniDaoHandler] is not eligible for getting processed by all BeanPostProcessors (for example: not eligible for auto-proxying)
2026-08-17 10:22:37.195 [main] INFO  o.s.c.s.PostProcessorRegistrationDelegate$BeanPostProcessorChecker:376 - Bean 'jimuReportMapDao' of type [org.jeecgframework.minidao.factory.MiniDaoBeanFactory] is not eligible for getting processed by all BeanPostProcessors (for example: not eligible for auto-proxying)
2026-08-17 10:22:37.195 [main] INFO  o.s.c.s.PostProcessorRegistrationDelegate$BeanPostProcessorChecker:376 - Bean '(inner bean)#71e5f61d#9' of type [org.jeecgframework.minidao.aop.MiniDaoHandler] is not eligible for getting processed by all BeanPostProcessors (for example: not eligible for auto-proxying)
2026-08-17 10:22:37.196 [main] INFO  o.s.c.s.PostProcessorRegistrationDelegate$BeanPostProcessorChecker:376 - Bean 'jimuReportShareDao' of type [org.jeecgframework.minidao.factory.MiniDaoBeanFactory] is not eligible for getting processed by all BeanPostProcessors (for example: not eligible for auto-proxying)
2026-08-17 10:22:37.218 [main] INFO  o.s.c.s.PostProcessorRegistrationDelegate$BeanPostProcessorChecker:376 - Bean 'spring.redis-org.springframework.boot.autoconfigure.data.redis.RedisProperties' of type [org.springframework.boot.autoconfigure.data.redis.RedisProperties] is not eligible for getting processed by all BeanPostProcessors (for example: not eligible for auto-proxying)
2026-08-17 10:22:37.223 [main] INFO  o.s.c.s.PostProcessorRegistrationDelegate$BeanPostProcessorChecker:376 - Bean 'org.springframework.boot.autoconfigure.data.redis.LettuceConnectionConfiguration' of type [org.springframework.boot.autoconfigure.data.redis.LettuceConnectionConfiguration] is not eligible for getting processed by all BeanPostProcessors (for example: not eligible for auto-proxying)
2026-08-17 10:22:37.241 [main] INFO  o.s.c.s.PostProcessorRegistrationDelegate$BeanPostProcessorChecker:376 - Bean 'org.springframework.boot.actuate.autoconfigure.metrics.redis.LettuceMetricsAutoConfiguration' of type [org.springframework.boot.actuate.autoconfigure.metrics.redis.LettuceMetricsAutoConfiguration] is not eligible for getting processed by all BeanPostProcessors (for example: not eligible for auto-proxying)
2026-08-17 10:22:37.242 [main] INFO  o.s.c.s.PostProcessorRegistrationDelegate$BeanPostProcessorChecker:376 - Bean 'org.springframework.boot.actuate.autoconfigure.metrics.export.simple.SimpleMetricsExportAutoConfiguration' of type [org.springframework.boot.actuate.autoconfigure.metrics.export.simple.SimpleMetricsExportAutoConfiguration] is not eligible for getting processed by all BeanPostProcessors (for example: not eligible for auto-proxying)
2026-08-17 10:22:37.244 [main] INFO  o.s.c.s.PostProcessorRegistrationDelegate$BeanPostProcessorChecker:376 - Bean 'management.metrics.export.simple-org.springframework.boot.actuate.autoconfigure.metrics.export.simple.SimpleProperties' of type [org.springframework.boot.actuate.autoconfigure.metrics.export.simple.SimpleProperties] is not eligible for getting processed by all BeanPostProcessors (for example: not eligible for auto-proxying)
2026-08-17 10:22:37.248 [main] INFO  o.s.c.s.PostProcessorRegistrationDelegate$BeanPostProcessorChecker:376 - Bean 'simpleConfig' of type [org.springframework.boot.actuate.autoconfigure.metrics.export.simple.SimplePropertiesConfigAdapter] is not eligible for getting processed by all BeanPostProcessors (for example: not eligible for auto-proxying)
2026-08-17 10:22:37.249 [main] INFO  o.s.c.s.PostProcessorRegistrationDelegate$BeanPostProcessorChecker:376 - Bean 'org.springframework.boot.actuate.autoconfigure.metrics.MetricsAutoConfiguration' of type [org.springframework.boot.actuate.autoconfigure.metrics.MetricsAutoConfiguration] is not eligible for getting processed by all BeanPostProcessors (for example: not eligible for auto-proxying)
2026-08-17 10:22:37.249 [main] INFO  o.s.c.s.PostProcessorRegistrationDelegate$BeanPostProcessorChecker:376 - Bean 'micrometerClock' of type [io.micrometer.core.instrument.Clock$1] is not eligible for getting processed by all BeanPostProcessors (for example: not eligible for auto-proxying)
2026-08-17 10:22:37.272 [main] INFO  o.s.c.s.PostProcessorRegistrationDelegate$BeanPostProcessorChecker:376 - Bean 'simpleMeterRegistry' of type [io.micrometer.core.instrument.simple.SimpleMeterRegistry] is not eligible for getting processed by all BeanPostProcessors (for example: not eligible for auto-proxying)
2026-08-17 10:22:37.274 [main] INFO  o.s.c.s.PostProcessorRegistrationDelegate$BeanPostProcessorChecker:376 - Bean 'micrometerOptions' of type [io.lettuce.core.metrics.MicrometerOptions] is not eligible for getting processed by all BeanPostProcessors (for example: not eligible for auto-proxying)
2026-08-17 10:22:37.275 [main] INFO  o.s.c.s.PostProcessorRegistrationDelegate$BeanPostProcessorChecker:376 - Bean 'lettuceMetrics' of type [org.springframework.boot.actuate.autoconfigure.metrics.redis.LettuceMetricsAutoConfiguration$$Lambda/0x0000023a3649a000] is not eligible for getting processed by all BeanPostProcessors (for example: not eligible for auto-proxying)
2026-08-17 10:22:37.382 [main] INFO  o.s.c.s.PostProcessorRegistrationDelegate$BeanPostProcessorChecker:376 - Bean 'lettuceClientResources' of type [io.lettuce.core.resource.DefaultClientResources] is not eligible for getting processed by all BeanPostProcessors (for example: not eligible for auto-proxying)
2026-08-17 10:22:37.434 [main] INFO  o.s.c.s.PostProcessorRegistrationDelegate$BeanPostProcessorChecker:376 - Bean 'redisConnectionFactory' of type [org.springframework.data.redis.connection.lettuce.LettuceConnectionFactory] is not eligible for getting processed by all BeanPostProcessors (for example: not eligible for auto-proxying)
2026-08-17 10:22:37.436 [main] INFO  o.s.c.s.PostProcessorRegistrationDelegate$BeanPostProcessorChecker:376 - Bean 'shiroConfig' of type [org.jeecg.config.shiro.ShiroConfig$$EnhancerBySpringCGLIB$$63693ddf] is not eligible for getting processed by all BeanPostProcessors (for example: not eligible for auto-proxying)
2026-08-17 10:22:37.694 [main] INFO  o.s.c.s.PostProcessorRegistrationDelegate$BeanPostProcessorChecker:376 - Bean 'spring.datasource.dynamic-com.baomidou.dynamic.datasource.spring.boot.autoconfigure.DynamicDataSourceProperties' of type [com.baomidou.dynamic.datasource.spring.boot.autoconfigure.DynamicDataSourceProperties] is not eligible for getting processed by all BeanPostProcessors (for example: not eligible for auto-proxying)
2026-08-17 10:22:37.698 [main] INFO  o.s.c.s.PostProcessorRegistrationDelegate$BeanPostProcessorChecker:376 - Bean 'com.baomidou.dynamic.datasource.spring.boot.autoconfigure.DynamicDataSourceAutoConfiguration' of type [com.baomidou.dynamic.datasource.spring.boot.autoconfigure.DynamicDataSourceAutoConfiguration$$EnhancerBySpringCGLIB$$6dbb66b7] is not eligible for getting processed by all BeanPostProcessors (for example: not eligible for auto-proxying)
2026-08-17 10:22:37.704 [main] INFO  o.s.c.s.PostProcessorRegistrationDelegate$BeanPostProcessorChecker:376 - Bean 'dsProcessor' of type [com.baomidou.dynamic.datasource.processor.DsHeaderProcessor] is not eligible for getting processed by all BeanPostProcessors (for example: not eligible for auto-proxying)
2026-08-17 10:22:37.741 [main] INFO  o.s.c.s.PostProcessorRegistrationDelegate$BeanPostProcessorChecker:376 - Bean 'shiroRealm' of type [org.jeecg.config.shiro.ShiroRealm] is not eligible for getting processed by all BeanPostProcessors (for example: not eligible for auto-proxying)
2026-08-17 10:22:37.838 [main] INFO  org.jeecg.config.shiro.ShiroConfig:215 - ===============(1)创建缓存管理器RedisCacheManager
2026-08-17 10:22:37.840 [main] INFO  org.jeecg.config.shiro.ShiroConfig:233 - ===============(2)创建RedisManager,连接Redis..
2026-08-17 10:22:37.845 [main] INFO  o.s.c.s.PostProcessorRegistrationDelegate$BeanPostProcessorChecker:376 - Bean 'redisManager' of type [org.crazycake.shiro.RedisManager] is not eligible for getting processed by all BeanPostProcessors (for example: not eligible for auto-proxying)
2026-08-17 10:22:37.851 [main] INFO  o.s.c.s.PostProcessorRegistrationDelegate$BeanPostProcessorChecker:376 - Bean 'securityManager' of type [org.apache.shiro.web.mgt.DefaultWebSecurityManager] is not eligible for getting processed by all BeanPostProcessors (for example: not eligible for auto-proxying)
2026-08-17 10:22:37.877 [main] INFO  o.s.c.s.PostProcessorRegistrationDelegate$BeanPostProcessorChecker:376 - Bean 'authorizationAttributeSourceAdvisor' of type [org.apache.shiro.spring.security.interceptor.AuthorizationAttributeSourceAdvisor] is not eligible for getting processed by all BeanPostProcessors (for example: not eligible for auto-proxying)
2026-08-17 10:22:37.917 [main] INFO  o.s.c.s.PostProcessorRegistrationDelegate$BeanPostProcessorChecker:376 - Bean 'org.apache.shiro.spring.boot.autoconfigure.ShiroBeanAutoConfiguration' of type [org.apache.shiro.spring.boot.autoconfigure.ShiroBeanAutoConfiguration$$EnhancerBySpringCGLIB$$1745d396] is not eligible for getting processed by all BeanPostProcessors (for example: not eligible for auto-proxying)
2026-08-17 10:22:37.921 [main] INFO  o.s.c.s.PostProcessorRegistrationDelegate$BeanPostProcessorChecker:376 - Bean 'eventBus' of type [org.apache.shiro.event.support.DefaultEventBus] is not eligible for getting processed by all BeanPostProcessors (for example: not eligible for auto-proxying)
2026-08-17 10:22:38.289 [main] INFO  o.s.boot.web.embedded.tomcat.TomcatWebServer:108 - Tomcat initialized with port(s): 8080 (http)
2026-08-17 10:22:38.296 [main] INFO  org.apache.coyote.http11.Http11NioProtocol:173 - Initializing ProtocolHandler ["http-nio-8080"]
2026-08-17 10:22:38.298 [main] INFO  org.apache.catalina.core.StandardService:173 - Starting service [Tomcat]
2026-08-17 10:22:38.299 [main] INFO  org.apache.catalina.core.StandardEngine:173 - Starting Servlet engine: [Apache Tomcat/9.0.83]
2026-08-17 10:22:38.510 [main] INFO  o.a.c.c.ContainerBase.[Tomcat].[localhost].[/psms]:173 - Initializing Spring embedded WebApplicationContext
2026-08-17 10:22:38.511 [main] INFO  o.s.b.w.s.c.ServletWebServerApplicationContext:292 - Root WebApplicationContext: initialization completed in 3196 ms
2026-08-17 10:22:39.249 [main] INFO  com.alibaba.druid.pool.DruidDataSource:1009 - {dataSource-1,master} inited
2026-08-17 10:22:39.250 [main] INFO  c.b.dynamic.datasource.DynamicRoutingDataSource:132 - dynamic-datasource - load a datasource named [master] success
2026-08-17 10:22:39.251 [main] INFO  c.b.dynamic.datasource.DynamicRoutingDataSource:237 - dynamic-datasource initial loaded [1] datasource,primary datasource named [master]
2026-08-17 10:22:39.733 [main] ERROR com.baomidou.mybatisplus.core.MybatisConfiguration:100 - mapper[org.jeecg.modules.psms.analyse.mapper.AnalyseMapper.moreNum] is ignored, because it exists, maybe from xml file
2026-08-17 10:22:39.738 [main] WARN  c.b.mybatisplus.core.metadata.TableInfoHelper:335 - Can not find table primary key in Class: "java.util.Map".
2026-08-17 10:22:40.565 [main] INFO  org.jeecg.common.modules.redis.config.RedisConfig:76 -  --- redis config init --- 
2026-08-17 10:22:41.852 [main] INFO  org.quartz.impl.StdSchedulerFactory:1220 - Using default implementation for ThreadExecutor
2026-08-17 10:22:41.854 [main] INFO  org.quartz.simpl.SimpleThreadPool:268 - Job execution threads will use class loader of thread: main
2026-08-17 10:22:41.862 [main] INFO  org.quartz.core.SchedulerSignalerImpl:61 - Initialized Scheduler Signaller of type: class org.quartz.core.SchedulerSignalerImpl
2026-08-17 10:22:41.862 [main] INFO  org.quartz.core.QuartzScheduler:229 - Quartz Scheduler v.2.3.2 created.
2026-08-17 10:22:41.864 [main] INFO  o.s.scheduling.quartz.LocalDataSourceJobStore:672 - Using db table-based data access locking (synchronization).
2026-08-17 10:22:41.866 [main] INFO  o.s.scheduling.quartz.LocalDataSourceJobStore:145 - JobStoreCMT initialized.
2026-08-17 10:22:41.867 [main] INFO  org.quartz.core.QuartzScheduler:294 - Scheduler meta-data: Quartz Scheduler (v2.3.2) 'MyScheduler' with instanceId 'DESKTOP-7A7ENNC1786933361854'
  Scheduler class: 'org.quartz.core.QuartzScheduler' - running locally.
  NOT STARTED.
  Currently in standby mode.
  Number of jobs executed: 0
  Using thread pool 'org.quartz.simpl.SimpleThreadPool' - with 10 threads.
  Using job-store 'org.springframework.scheduling.quartz.LocalDataSourceJobStore' - which supports persistence. and is clustered.

2026-08-17 10:22:41.867 [main] INFO  org.quartz.impl.StdSchedulerFactory:1374 - Quartz scheduler 'MyScheduler' initialized from an externally provided properties instance.
2026-08-17 10:22:41.867 [main] INFO  org.quartz.impl.StdSchedulerFactory:1378 - Quartz scheduler version: 2.3.2
2026-08-17 10:22:41.867 [main] INFO  org.quartz.core.QuartzScheduler:2293 - JobFactory set to: org.springframework.scheduling.quartz.SpringBeanJobFactory@39dec536
2026-08-17 10:22:42.536 [main] INFO  o.j.m.jmreport.config.JimuReportConfiguration:55 -  --- Init JimuReport Config --- 
2026-08-17 10:22:43.136 [main] INFO  o.s.b.actuate.endpoint.web.EndpointLinksResolver:58 - Exposing 1 endpoint(s) beneath base path '/actuator'
2026-08-17 10:22:43.204 [main] INFO  org.jeecg.config.init.CodeGenerateDbConfig:46 -  代码生成器数据库连接，使用application.yml的DB配置 ###################
2026-08-17 10:22:43.226 [main] INFO  s.d.s.w.WebMvcPropertySourcedRequestMappingHandlerMapping:69 - Mapped URL path [/v2/api-docs] onto method [springfox.documentation.swagger2.web.Swagger2ControllerWebMvc#getDocumentation(String, HttpServletRequest)]
2026-08-17 10:22:43.284 [main] INFO  o.j.modules.jmreport.config.JmReportExecutorConfig:21 - ---创建线程池---
2026-08-17 10:22:43.468 [main] INFO  o.s.b.a.web.servlet.WelcomePageHandlerMapping:60 - Adding welcome page: class path resource [static/index.html]
2026-08-17 10:22:43.728 [main] INFO  org.apache.coyote.http11.Http11NioProtocol:173 - Starting ProtocolHandler ["http-nio-8080"]
2026-08-17 10:22:43.758 [main] INFO  o.s.boot.web.embedded.tomcat.TomcatWebServer:220 - Tomcat started on port(s): 8080 (http) with context path '/psms'
2026-08-17 10:22:43.759 [main] INFO  s.d.s.web.plugins.DocumentationPluginsBootstrapper:93 - Documentation plugins bootstrapped
2026-08-17 10:22:43.761 [main] INFO  s.d.s.web.plugins.DocumentationPluginsBootstrapper:79 - Found 1 custom documentation plugin(s)
2026-08-17 10:22:43.860 [main] INFO  s.d.spring.web.scanners.ApiListingReferenceScanner:44 - Scanning for api listing references
2026-08-17 10:22:43.976 [main] INFO  s.d.s.w.r.operation.CachingOperationNameGenerator:41 - Generating unique operation named: addUsingPOST_1
2026-08-17 10:22:43.978 [main] INFO  s.d.s.w.r.operation.CachingOperationNameGenerator:41 - Generating unique operation named: deleteUsingDELETE_1
2026-08-17 10:22:43.979 [main] INFO  s.d.s.w.r.operation.CachingOperationNameGenerator:41 - Generating unique operation named: deleteBatchUsingDELETE_1
2026-08-17 10:22:43.980 [main] INFO  s.d.s.w.r.operation.CachingOperationNameGenerator:41 - Generating unique operation named: editUsingPUT_1
2026-08-17 10:22:43.981 [main] INFO  s.d.s.w.r.operation.CachingOperationNameGenerator:41 - Generating unique operation named: queryByIdUsingGET_1
2026-08-17 10:22:43.985 [main] INFO  s.d.s.w.r.operation.CachingOperationNameGenerator:41 - Generating unique operation named: queryPageListUsingGET_1
2026-08-17 10:22:43.989 [main] INFO  s.d.s.w.r.operation.CachingOperationNameGenerator:41 - Generating unique operation named: addUsingPOST_2
2026-08-17 10:22:43.989 [main] INFO  s.d.s.w.r.operation.CachingOperationNameGenerator:41 - Generating unique operation named: deleteUsingDELETE_2
2026-08-17 10:22:43.992 [main] INFO  s.d.s.w.r.operation.CachingOperationNameGenerator:41 - Generating unique operation named: deleteBatchUsingDELETE_2
2026-08-17 10:22:43.993 [main] INFO  s.d.s.w.r.operation.CachingOperationNameGenerator:41 - Generating unique operation named: editUsingPUT_2
2026-08-17 10:22:43.994 [main] INFO  s.d.s.w.r.operation.CachingOperationNameGenerator:41 - Generating unique operation named: queryByIdUsingGET_2
2026-08-17 10:22:43.997 [main] INFO  s.d.s.w.r.operation.CachingOperationNameGenerator:41 - Generating unique operation named: queryPageListUsingGET_2
2026-08-17 10:22:44.001 [main] INFO  s.d.s.w.r.operation.CachingOperationNameGenerator:41 - Generating unique operation named: addUsingPOST_3
2026-08-17 10:22:44.002 [main] INFO  s.d.s.w.r.operation.CachingOperationNameGenerator:41 - Generating unique operation named: deleteUsingDELETE_3
2026-08-17 10:22:44.003 [main] INFO  s.d.s.w.r.operation.CachingOperationNameGenerator:41 - Generating unique operation named: deleteBatchUsingDELETE_3
2026-08-17 10:22:44.005 [main] INFO  s.d.s.w.r.operation.CachingOperationNameGenerator:41 - Generating unique operation named: editUsingPUT_3
2026-08-17 10:22:44.006 [main] INFO  s.d.s.w.r.operation.CachingOperationNameGenerator:41 - Generating unique operation named: queryByIdUsingGET_3
2026-08-17 10:22:44.009 [main] INFO  s.d.s.w.r.operation.CachingOperationNameGenerator:41 - Generating unique operation named: queryPageListUsingGET_3
2026-08-17 10:22:44.013 [main] INFO  s.d.s.w.r.operation.CachingOperationNameGenerator:41 - Generating unique operation named: queryPageListUsingGET_4
2026-08-17 10:22:44.018 [main] INFO  s.d.s.w.r.operation.CachingOperationNameGenerator:41 - Generating unique operation named: addUsingPOST_4
2026-08-17 10:22:44.019 [main] INFO  s.d.s.w.r.operation.CachingOperationNameGenerator:41 - Generating unique operation named: deleteUsingDELETE_4
2026-08-17 10:22:44.021 [main] INFO  s.d.s.w.r.operation.CachingOperationNameGenerator:41 - Generating unique operation named: deleteBatchUsingDELETE_4
2026-08-17 10:22:44.022 [main] INFO  s.d.s.w.r.operation.CachingOperationNameGenerator:41 - Generating unique operation named: editUsingPUT_4
2026-08-17 10:22:44.023 [main] INFO  s.d.s.w.r.operation.CachingOperationNameGenerator:41 - Generating unique operation named: queryByIdUsingGET_4
2026-08-17 10:22:44.024 [main] INFO  s.d.s.w.r.operation.CachingOperationNameGenerator:41 - Generating unique operation named: queryPageListUsingGET_5
2026-08-17 10:22:44.034 [main] INFO  s.d.s.w.r.operation.CachingOperationNameGenerator:41 - Generating unique operation named: addUsingPOST_5
2026-08-17 10:22:44.035 [main] INFO  s.d.s.w.r.operation.CachingOperationNameGenerator:41 - Generating unique operation named: deleteUsingDELETE_5
2026-08-17 10:22:44.036 [main] INFO  s.d.s.w.r.operation.CachingOperationNameGenerator:41 - Generating unique operation named: deleteBatchUsingDELETE_5
2026-08-17 10:22:44.037 [main] INFO  s.d.s.w.r.operation.CachingOperationNameGenerator:41 - Generating unique operation named: editUsingPUT_5
2026-08-17 10:22:44.037 [main] INFO  s.d.s.w.r.operation.CachingOperationNameGenerator:41 - Generating unique operation named: queryByIdUsingGET_5
2026-08-17 10:22:44.038 [main] INFO  s.d.s.w.r.operation.CachingOperationNameGenerator:41 - Generating unique operation named: queryPageListUsingGET_6
2026-08-17 10:22:44.042 [main] INFO  s.d.s.w.r.operation.CachingOperationNameGenerator:41 - Generating unique operation named: addUsingPOST_6
2026-08-17 10:22:44.044 [main] INFO  s.d.s.w.r.operation.CachingOperationNameGenerator:41 - Generating unique operation named: deleteUsingDELETE_6
2026-08-17 10:22:44.044 [main] INFO  s.d.s.w.r.operation.CachingOperationNameGenerator:41 - Generating unique operation named: deleteBatchUsingDELETE_6
2026-08-17 10:22:44.045 [main] INFO  s.d.s.w.r.operation.CachingOperationNameGenerator:41 - Generating unique operation named: editUsingPUT_6
2026-08-17 10:22:44.046 [main] INFO  s.d.s.w.r.operation.CachingOperationNameGenerator:41 - Generating unique operation named: queryByIdUsingGET_6
2026-08-17 10:22:44.049 [main] INFO  s.d.s.w.r.operation.CachingOperationNameGenerator:41 - Generating unique operation named: queryPageListUsingGET_7
2026-08-17 10:22:44.074 [main] INFO  s.d.s.w.r.operation.CachingOperationNameGenerator:41 - Generating unique operation named: addUsingPOST_7
2026-08-17 10:22:44.075 [main] INFO  s.d.s.w.r.operation.CachingOperationNameGenerator:41 - Generating unique operation named: deleteUsingDELETE_7
2026-08-17 10:22:44.076 [main] INFO  s.d.s.w.r.operation.CachingOperationNameGenerator:41 - Generating unique operation named: deleteBatchUsingDELETE_7
2026-08-17 10:22:44.076 [main] INFO  s.d.s.w.r.operation.CachingOperationNameGenerator:41 - Generating unique operation named: editUsingPUT_7
2026-08-17 10:22:44.077 [main] INFO  s.d.s.w.r.operation.CachingOperationNameGenerator:41 - Generating unique operation named: queryByIdUsingGET_7
2026-08-17 10:22:44.077 [main] INFO  s.d.s.w.r.operation.CachingOperationNameGenerator:41 - Generating unique operation named: queryPageListUsingGET_8
2026-08-17 10:22:44.079 [main] INFO  s.d.s.w.r.operation.CachingOperationNameGenerator:41 - Generating unique operation named: companyCountUsingGET_1
2026-08-17 10:22:44.083 [main] INFO  s.d.s.w.r.operation.CachingOperationNameGenerator:41 - Generating unique operation named: addUsingPOST_8
2026-08-17 10:22:44.084 [main] INFO  s.d.s.w.r.operation.CachingOperationNameGenerator:41 - Generating unique operation named: deleteUsingDELETE_8
2026-08-17 10:22:44.084 [main] INFO  s.d.s.w.r.operation.CachingOperationNameGenerator:41 - Generating unique operation named: deleteBatchUsingDELETE_8
2026-08-17 10:22:44.085 [main] INFO  s.d.s.w.r.operation.CachingOperationNameGenerator:41 - Generating unique operation named: editUsingPUT_8
2026-08-17 10:22:44.085 [main] INFO  s.d.s.w.r.operation.CachingOperationNameGenerator:41 - Generating unique operation named: queryByIdUsingGET_8
2026-08-17 10:22:44.088 [main] INFO  s.d.s.w.r.operation.CachingOperationNameGenerator:41 - Generating unique operation named: queryPageListUsingGET_9
2026-08-17 10:22:44.096 [main] INFO  s.d.s.w.r.operation.CachingOperationNameGenerator:41 - Generating unique operation named: queryPageListUsingGET_10
2026-08-17 10:22:44.104 [main] INFO  s.d.s.w.r.operation.CachingOperationNameGenerator:41 - Generating unique operation named: getLabelUsingGET_1
2026-08-17 10:22:44.459 [main] INFO  o.s.scheduling.quartz.SchedulerFactoryBean:729 - Starting Quartz Scheduler now
2026-08-17 10:22:44.592 [main] INFO  o.s.scheduling.quartz.LocalDataSourceJobStore:3644 - ClusterManager: detected 1 failed or restarted instances.
2026-08-17 10:22:44.592 [main] INFO  o.s.scheduling.quartz.LocalDataSourceJobStore:3503 - ClusterManager: Scanning for instance "WIN-MM3206HEG371635483223099"'s failed in-progress jobs.
2026-08-17 10:22:44.597 [main] INFO  org.quartz.core.QuartzScheduler:547 - Scheduler MyScheduler_$_DESKTOP-7A7ENNC1786933361854 started.
2026-08-17 10:22:44.612 [main] INFO  org.jeecg.JeecgSystemApplication:61 - Started JeecgSystemApplication in 9.908 seconds (JVM running for 10.472)
2026-08-17 10:22:44.618 [main] INFO  org.jeecg.JeecgSystemApplication:42 - 
----------------------------------------------------------
	Application Jeecg-Boot is running! Access URLs:
	Local: 		http://localhost:8080/psms/
	External: 	http://10.7.82.34:8080/psms/
	Swagger文档: 	http://10.7.82.34:8080/psms/doc.html
----------------------------------------------------------
2026-08-17 10:23:15.844 [http-nio-8080-exec-1] INFO  o.a.c.c.ContainerBase.[Tomcat].[localhost].[/psms]:173 - Initializing Spring DispatcherServlet 'dispatcherServlet'
2026-08-17 10:23:15.845 [http-nio-8080-exec-1] INFO  org.springframework.web.servlet.DispatcherServlet:525 - Initializing Servlet 'dispatcherServlet'
2026-08-17 10:23:15.846 [http-nio-8080-exec-1] INFO  org.springframework.web.servlet.DispatcherServlet:547 - Completed initialization in 1 ms
2026-08-17 10:23:16.094 [http-nio-8080-exec-2] ERROR o.a.c.c.C.[.[.[/psms].[dispatcherServlet]:175 - Servlet.service() for servlet [dispatcherServlet] in context with path [/psms] threw exception [org.apache.shiro.authc.AuthenticationException: Token失效，请重新登录] with root cause
org.apache.shiro.authc.AuthenticationException: token非法无效!
	at org.jeecg.config.shiro.ShiroRealm.checkUserTokenIsEffect(ShiroRealm.java:113)
	at org.jeecg.config.shiro.ShiroRealm.doGetAuthenticationInfo(ShiroRealm.java:100)
	at org.apache.shiro.realm.AuthenticatingRealm.getAuthenticationInfo(AuthenticatingRealm.java:571)
	at org.apache.shiro.authc.pam.ModularRealmAuthenticator.doSingleRealmAuthentication(ModularRealmAuthenticator.java:180)
	at org.apache.shiro.authc.pam.ModularRealmAuthenticator.doAuthenticate(ModularRealmAuthenticator.java:273)
	at org.apache.shiro.authc.AbstractAuthenticator.authenticate(AbstractAuthenticator.java:198)
	at org.apache.shiro.mgt.AuthenticatingSecurityManager.authenticate(AuthenticatingSecurityManager.java:106)
	at org.apache.shiro.mgt.DefaultSecurityManager.login(DefaultSecurityManager.java:275)
	at org.apache.shiro.subject.support.DelegatingSubject.login(DelegatingSubject.java:260)
	at org.jeecg.config.shiro.filters.JwtFilter.executeLogin(JwtFilter.java:70)
	at org.jeecg.config.shiro.filters.JwtFilter.isAccessAllowed(JwtFilter.java:48)
	at org.apache.shiro.web.filter.AccessControlFilter.onPreHandle(AccessControlFilter.java:162)
	at org.apache.shiro.web.filter.PathMatchingFilter.isFilterChainContinued(PathMatchingFilter.java:223)
	at org.apache.shiro.web.filter.PathMatchingFilter.preHandle(PathMatchingFilter.java:198)
	at org.jeecg.config.shiro.filters.JwtFilter.preHandle(JwtFilter.java:100)
	at org.apache.shiro.web.servlet.AdviceFilter.doFilterInternal(AdviceFilter.java:131)
	at org.apache.shiro.web.servlet.OncePerRequestFilter.doFilter(OncePerRequestFilter.java:154)
	at org.apache.shiro.web.servlet.ProxiedFilterChain.doFilter(ProxiedFilterChain.java:66)
	at org.apache.shiro.web.servlet.AdviceFilter.executeChain(AdviceFilter.java:108)
	at org.apache.shiro.web.servlet.AdviceFilter.doFilterInternal(AdviceFilter.java:137)
	at org.apache.shiro.web.servlet.OncePerRequestFilter.doFilter(OncePerRequestFilter.java:154)
	at org.apache.shiro.web.servlet.ProxiedFilterChain.doFilter(ProxiedFilterChain.java:66)
	at org.apache.shiro.web.servlet.AbstractShiroFilter.executeChain(AbstractShiroFilter.java:458)
	at org.apache.shiro.web.servlet.AbstractShiroFilter$1.call(AbstractShiroFilter.java:373)
	at org.apache.shiro.subject.support.SubjectCallable.doCall(SubjectCallable.java:90)
	at org.apache.shiro.subject.support.SubjectCallable.call(SubjectCallable.java:83)
	at org.apache.shiro.subject.support.DelegatingSubject.execute(DelegatingSubject.java:387)
	at org.apache.shiro.web.servlet.AbstractShiroFilter.doFilterInternal(AbstractShiroFilter.java:370)
	at org.apache.shiro.web.servlet.OncePerRequestFilter.doFilter(OncePerRequestFilter.java:154)
	at org.apache.catalina.core.ApplicationFilterChain.internalDoFilter(ApplicationFilterChain.java:178)
	at org.apache.catalina.core.ApplicationFilterChain.doFilter(ApplicationFilterChain.java:153)
	at org.springframework.web.filter.RequestContextFilter.doFilterInternal(RequestContextFilter.java:100)
	at org.springframework.web.filter.OncePerRequestFilter.doFilter(OncePerRequestFilter.java:117)
	at org.apache.catalina.core.ApplicationFilterChain.internalDoFilter(ApplicationFilterChain.java:178)
	at org.apache.catalina.core.ApplicationFilterChain.doFilter(ApplicationFilterChain.java:153)
	at org.springframework.web.filter.FormContentFilter.doFilterInternal(FormContentFilter.java:93)
	at org.springframework.web.filter.OncePerRequestFilter.doFilter(OncePerRequestFilter.java:117)
	at org.apache.catalina.core.ApplicationFilterChain.internalDoFilter(ApplicationFilterChain.java:178)
	at org.apache.catalina.core.ApplicationFilterChain.doFilter(ApplicationFilterChain.java:153)
	at org.springframework.boot.actuate.metrics.web.servlet.WebMvcMetricsFilter.doFilterInternal(WebMvcMetricsFilter.java:96)
	at org.springframework.web.filter.OncePerRequestFilter.doFilter(OncePerRequestFilter.java:117)
	at org.apache.catalina.core.ApplicationFilterChain.internalDoFilter(ApplicationFilterChain.java:178)
	at org.apache.catalina.core.ApplicationFilterChain.doFilter(ApplicationFilterChain.java:153)
	at org.springframework.web.filter.CharacterEncodingFilter.doFilterInternal(CharacterEncodingFilter.java:201)
	at org.springframework.web.filter.OncePerRequestFilter.doFilter(OncePerRequestFilter.java:117)
	at org.apache.catalina.core.ApplicationFilterChain.internalDoFilter(ApplicationFilterChain.java:178)
	at org.apache.catalina.core.ApplicationFilterChain.doFilter(ApplicationFilterChain.java:153)
	at org.apache.catalina.core.StandardWrapperValve.invoke(StandardWrapperValve.java:168)
	at org.apache.catalina.core.StandardContextValve.invoke(StandardContextValve.java:90)
	at org.apache.catalina.authenticator.AuthenticatorBase.invoke(AuthenticatorBase.java:481)
	at org.apache.catalina.core.StandardHostValve.invoke(StandardHostValve.java:130)
	at org.apache.catalina.valves.ErrorReportValve.invoke(ErrorReportValve.java:93)
	at org.apache.catalina.core.StandardEngineValve.invoke(StandardEngineValve.java:74)
	at org.apache.catalina.connector.CoyoteAdapter.service(CoyoteAdapter.java:342)
	at org.apache.coyote.http11.Http11Processor.service(Http11Processor.java:390)
	at org.apache.coyote.AbstractProcessorLight.process(AbstractProcessorLight.java:63)
	at org.apache.coyote.AbstractProtocol$ConnectionHandler.process(AbstractProtocol.java:928)
	at org.apache.tomcat.util.net.NioEndpoint$SocketProcessor.doRun(NioEndpoint.java:1794)
	at org.apache.tomcat.util.net.SocketProcessorBase.run(SocketProcessorBase.java:52)
	at org.apache.tomcat.util.threads.ThreadPoolExecutor.runWorker(ThreadPoolExecutor.java:1191)
	at org.apache.tomcat.util.threads.ThreadPoolExecutor$Worker.run(ThreadPoolExecutor.java:659)
	at org.apache.tomcat.util.threads.TaskThread$WrappingRunnable.run(TaskThread.java:61)
	at java.base/java.lang.Thread.run(Thread.java:1583)
2026-08-17 10:23:16.097 [http-nio-8080-exec-2] ERROR o.a.c.c.C.[.[.[/psms].[dispatcherServlet]:175 - Servlet.service() for servlet [dispatcherServlet] threw exception
org.apache.shiro.authc.AuthenticationException: token非法无效!
	at org.jeecg.config.shiro.ShiroRealm.checkUserTokenIsEffect(ShiroRealm.java:113)
	at org.jeecg.config.shiro.ShiroRealm.doGetAuthenticationInfo(ShiroRealm.java:100)
	at org.apache.shiro.realm.AuthenticatingRealm.getAuthenticationInfo(AuthenticatingRealm.java:571)
	at org.apache.shiro.authc.pam.ModularRealmAuthenticator.doSingleRealmAuthentication(ModularRealmAuthenticator.java:180)
	at org.apache.shiro.authc.pam.ModularRealmAuthenticator.doAuthenticate(ModularRealmAuthenticator.java:273)
	at org.apache.shiro.authc.AbstractAuthenticator.authenticate(AbstractAuthenticator.java:198)
	at org.apache.shiro.mgt.AuthenticatingSecurityManager.authenticate(AuthenticatingSecurityManager.java:106)
	at org.apache.shiro.mgt.DefaultSecurityManager.login(DefaultSecurityManager.java:275)
	at org.apache.shiro.subject.support.DelegatingSubject.login(DelegatingSubject.java:260)
	at org.jeecg.config.shiro.filters.JwtFilter.executeLogin(JwtFilter.java:70)
	at org.jeecg.config.shiro.filters.JwtFilter.isAccessAllowed(JwtFilter.java:48)
	at org.apache.shiro.web.filter.AccessControlFilter.onPreHandle(AccessControlFilter.java:162)
	at org.apache.shiro.web.filter.PathMatchingFilter.isFilterChainContinued(PathMatchingFilter.java:223)
	at org.apache.shiro.web.filter.PathMatchingFilter.preHandle(PathMatchingFilter.java:198)
	at org.jeecg.config.shiro.filters.JwtFilter.preHandle(JwtFilter.java:100)
	at org.apache.shiro.web.servlet.AdviceFilter.doFilterInternal(AdviceFilter.java:131)
	at org.apache.shiro.web.servlet.OncePerRequestFilter.doFilter(OncePerRequestFilter.java:154)
	at org.apache.shiro.web.servlet.ProxiedFilterChain.doFilter(ProxiedFilterChain.java:66)
	at org.apache.shiro.web.servlet.AdviceFilter.executeChain(AdviceFilter.java:108)
	at org.apache.shiro.web.servlet.AdviceFilter.doFilterInternal(AdviceFilter.java:137)
	at org.apache.shiro.web.servlet.OncePerRequestFilter.doFilter(OncePerRequestFilter.java:154)
	at org.apache.shiro.web.servlet.ProxiedFilterChain.doFilter(ProxiedFilterChain.java:66)
	at org.apache.shiro.web.servlet.AbstractShiroFilter.executeChain(AbstractShiroFilter.java:458)
	at org.apache.shiro.web.servlet.AbstractShiroFilter$1.call(AbstractShiroFilter.java:373)
	at org.apache.shiro.subject.support.SubjectCallable.doCall(SubjectCallable.java:90)
	at org.apache.shiro.subject.support.SubjectCallable.call(SubjectCallable.java:83)
	at org.apache.shiro.subject.support.DelegatingSubject.execute(DelegatingSubject.java:387)
	at org.apache.shiro.web.servlet.AbstractShiroFilter.doFilterInternal(AbstractShiroFilter.java:370)
	at org.apache.shiro.web.servlet.OncePerRequestFilter.doFilter(OncePerRequestFilter.java:154)
	at org.apache.catalina.core.ApplicationFilterChain.internalDoFilter(ApplicationFilterChain.java:178)
	at org.apache.catalina.core.ApplicationFilterChain.doFilter(ApplicationFilterChain.java:153)
	at org.springframework.web.filter.RequestContextFilter.doFilterInternal(RequestContextFilter.java:100)
	at org.springframework.web.filter.OncePerRequestFilter.doFilter(OncePerRequestFilter.java:117)
	at org.apache.catalina.core.ApplicationFilterChain.internalDoFilter(ApplicationFilterChain.java:178)
	at org.apache.catalina.core.ApplicationFilterChain.doFilter(ApplicationFilterChain.java:153)
	at org.springframework.web.filter.OncePerRequestFilter.doFilter(OncePerRequestFilter.java:102)
	at org.apache.catalina.core.ApplicationFilterChain.internalDoFilter(ApplicationFilterChain.java:178)
	at org.apache.catalina.core.ApplicationFilterChain.doFilter(ApplicationFilterChain.java:153)
	at org.springframework.web.filter.OncePerRequestFilter.doFilter(OncePerRequestFilter.java:102)
	at org.apache.catalina.core.ApplicationFilterChain.internalDoFilter(ApplicationFilterChain.java:178)
	at org.apache.catalina.core.ApplicationFilterChain.doFilter(ApplicationFilterChain.java:153)
	at org.apache.catalina.core.ApplicationDispatcher.invoke(ApplicationDispatcher.java:661)
	at org.apache.catalina.core.ApplicationDispatcher.processRequest(ApplicationDispatcher.java:427)
	at org.apache.catalina.core.ApplicationDispatcher.doForward(ApplicationDispatcher.java:357)
	at org.apache.catalina.core.ApplicationDispatcher.forward(ApplicationDispatcher.java:294)
	at org.apache.catalina.core.StandardHostValve.custom(StandardHostValve.java:377)
	at org.apache.catalina.core.StandardHostValve.status(StandardHostValve.java:237)
	at org.apache.catalina.core.StandardHostValve.throwable(StandardHostValve.java:323)
	at org.apache.catalina.core.StandardHostValve.invoke(StandardHostValve.java:164)
	at org.apache.catalina.valves.ErrorReportValve.invoke(ErrorReportValve.java:93)
	at org.apache.catalina.core.StandardEngineValve.invoke(StandardEngineValve.java:74)
	at org.apache.catalina.connector.CoyoteAdapter.service(CoyoteAdapter.java:342)
	at org.apache.coyote.http11.Http11Processor.service(Http11Processor.java:390)
	at org.apache.coyote.AbstractProcessorLight.process(AbstractProcessorLight.java:63)
	at org.apache.coyote.AbstractProtocol$ConnectionHandler.process(AbstractProtocol.java:928)
	at org.apache.tomcat.util.net.NioEndpoint$SocketProcessor.doRun(NioEndpoint.java:1794)
	at org.apache.tomcat.util.net.SocketProcessorBase.run(SocketProcessorBase.java:52)
	at org.apache.tomcat.util.threads.ThreadPoolExecutor.runWorker(ThreadPoolExecutor.java:1191)
	at org.apache.tomcat.util.threads.ThreadPoolExecutor$Worker.run(ThreadPoolExecutor.java:659)
	at org.apache.tomcat.util.threads.TaskThread$WrappingRunnable.run(TaskThread.java:61)
	at java.base/java.lang.Thread.run(Thread.java:1583)
2026-08-17 10:23:16.098 [http-nio-8080-exec-2] ERROR o.a.c.core.ContainerBase.[Tomcat].[localhost]:175 - Exception Processing ErrorPage[errorCode=0, location=/error]
javax.servlet.ServletException: org.apache.shiro.authc.AuthenticationException: Token失效，请重新登录
	at org.apache.shiro.web.servlet.AdviceFilter.cleanup(AdviceFilter.java:196)
	at org.apache.shiro.web.filter.authc.AuthenticatingFilter.cleanup(AuthenticatingFilter.java:155)
	at org.apache.shiro.web.servlet.AdviceFilter.doFilterInternal(AdviceFilter.java:148)
	at org.apache.shiro.web.servlet.OncePerRequestFilter.doFilter(OncePerRequestFilter.java:154)
	at org.apache.shiro.web.servlet.ProxiedFilterChain.doFilter(ProxiedFilterChain.java:66)
	at org.apache.shiro.web.servlet.AdviceFilter.executeChain(AdviceFilter.java:108)
	at org.apache.shiro.web.servlet.AdviceFilter.doFilterInternal(AdviceFilter.java:137)
	at org.apache.shiro.web.servlet.OncePerRequestFilter.doFilter(OncePerRequestFilter.java:154)
	at org.apache.shiro.web.servlet.ProxiedFilterChain.doFilter(ProxiedFilterChain.java:66)
	at org.apache.shiro.web.servlet.AbstractShiroFilter.executeChain(AbstractShiroFilter.java:458)
	at org.apache.shiro.web.servlet.AbstractShiroFilter$1.call(AbstractShiroFilter.java:373)
	at org.apache.shiro.subject.support.SubjectCallable.doCall(SubjectCallable.java:90)
	at org.apache.shiro.subject.support.SubjectCallable.call(SubjectCallable.java:83)
	at org.apache.shiro.subject.support.DelegatingSubject.execute(DelegatingSubject.java:387)
	at org.apache.shiro.web.servlet.AbstractShiroFilter.doFilterInternal(AbstractShiroFilter.java:370)
	at org.apache.shiro.web.servlet.OncePerRequestFilter.doFilter(OncePerRequestFilter.java:154)
	at org.apache.catalina.core.ApplicationFilterChain.internalDoFilter(ApplicationFilterChain.java:178)
	at org.apache.catalina.core.ApplicationFilterChain.doFilter(ApplicationFilterChain.java:153)
	at org.springframework.web.filter.RequestContextFilter.doFilterInternal(RequestContextFilter.java:100)
	at org.springframework.web.filter.OncePerRequestFilter.doFilter(OncePerRequestFilter.java:117)
	at org.apache.catalina.core.ApplicationFilterChain.internalDoFilter(ApplicationFilterChain.java:178)
	at org.apache.catalina.core.ApplicationFilterChain.doFilter(ApplicationFilterChain.java:153)
	at org.springframework.web.filter.OncePerRequestFilter.doFilter(OncePerRequestFilter.java:102)
	at org.apache.catalina.core.ApplicationFilterChain.internalDoFilter(ApplicationFilterChain.java:178)
	at org.apache.catalina.core.ApplicationFilterChain.doFilter(ApplicationFilterChain.java:153)
	at org.springframework.web.filter.OncePerRequestFilter.doFilter(OncePerRequestFilter.java:102)
	at org.apache.catalina.core.ApplicationFilterChain.internalDoFilter(ApplicationFilterChain.java:178)
	at org.apache.catalina.core.ApplicationFilterChain.doFilter(ApplicationFilterChain.java:153)
	at org.apache.catalina.core.ApplicationDispatcher.invoke(ApplicationDispatcher.java:661)
	at org.apache.catalina.core.ApplicationDispatcher.processRequest(ApplicationDispatcher.java:427)
	at org.apache.catalina.core.ApplicationDispatcher.doForward(ApplicationDispatcher.java:357)
	at org.apache.catalina.core.ApplicationDispatcher.forward(ApplicationDispatcher.java:294)
	at org.apache.catalina.core.StandardHostValve.custom(StandardHostValve.java:377)
	at org.apache.catalina.core.StandardHostValve.status(StandardHostValve.java:237)
	at org.apache.catalina.core.StandardHostValve.throwable(StandardHostValve.java:323)
	at org.apache.catalina.core.StandardHostValve.invoke(StandardHostValve.java:164)
	at org.apache.catalina.valves.ErrorReportValve.invoke(ErrorReportValve.java:93)
	at org.apache.catalina.core.StandardEngineValve.invoke(StandardEngineValve.java:74)
	at org.apache.catalina.connector.CoyoteAdapter.service(CoyoteAdapter.java:342)
	at org.apache.coyote.http11.Http11Processor.service(Http11Processor.java:390)
	at org.apache.coyote.AbstractProcessorLight.process(AbstractProcessorLight.java:63)
	at org.apache.coyote.AbstractProtocol$ConnectionHandler.process(AbstractProtocol.java:928)
	at org.apache.tomcat.util.net.NioEndpoint$SocketProcessor.doRun(NioEndpoint.java:1794)
	at org.apache.tomcat.util.net.SocketProcessorBase.run(SocketProcessorBase.java:52)
	at org.apache.tomcat.util.threads.ThreadPoolExecutor.runWorker(ThreadPoolExecutor.java:1191)
	at org.apache.tomcat.util.threads.ThreadPoolExecutor$Worker.run(ThreadPoolExecutor.java:659)
	at org.apache.tomcat.util.threads.TaskThread$WrappingRunnable.run(TaskThread.java:61)
	at java.base/java.lang.Thread.run(Thread.java:1583)
Caused by: org.apache.shiro.authc.AuthenticationException: Token失效，请重新登录
	at org.jeecg.config.shiro.filters.JwtFilter.isAccessAllowed(JwtFilter.java:51)
	at org.apache.shiro.web.filter.AccessControlFilter.onPreHandle(AccessControlFilter.java:162)
	at org.apache.shiro.web.filter.PathMatchingFilter.isFilterChainContinued(PathMatchingFilter.java:223)
	at org.apache.shiro.web.filter.PathMatchingFilter.preHandle(PathMatchingFilter.java:198)
	at org.jeecg.config.shiro.filters.JwtFilter.preHandle(JwtFilter.java:100)
	at org.apache.shiro.web.servlet.AdviceFilter.doFilterInternal(AdviceFilter.java:131)
	... 45 common frames omitted
Caused by: org.apache.shiro.authc.AuthenticationException: token非法无效!
	at org.jeecg.config.shiro.ShiroRealm.checkUserTokenIsEffect(ShiroRealm.java:113)
	at org.jeecg.config.shiro.ShiroRealm.doGetAuthenticationInfo(ShiroRealm.java:100)
	at org.apache.shiro.realm.AuthenticatingRealm.getAuthenticationInfo(AuthenticatingRealm.java:571)
	at org.apache.shiro.authc.pam.ModularRealmAuthenticator.doSingleRealmAuthentication(ModularRealmAuthenticator.java:180)
	at org.apache.shiro.authc.pam.ModularRealmAuthenticator.doAuthenticate(ModularRealmAuthenticator.java:273)
	at org.apache.shiro.authc.AbstractAuthenticator.authenticate(AbstractAuthenticator.java:198)
	at org.apache.shiro.mgt.AuthenticatingSecurityManager.authenticate(AuthenticatingSecurityManager.java:106)
	at org.apache.shiro.mgt.DefaultSecurityManager.login(DefaultSecurityManager.java:275)
	at org.apache.shiro.subject.support.DelegatingSubject.login(DelegatingSubject.java:260)
	at org.jeecg.config.shiro.filters.JwtFilter.executeLogin(JwtFilter.java:70)
	at org.jeecg.config.shiro.filters.JwtFilter.isAccessAllowed(JwtFilter.java:48)
	... 50 common frames omitted
2026-08-17 10:23:42.413 [background-preinit] INFO  org.hibernate.validator.internal.util.Version:21 - HV000001: Hibernate Validator 6.2.5.Final
2026-08-17 10:23:42.435 [main] INFO  org.jeecg.JeecgSystemApplication:55 - Starting JeecgSystemApplication v2.4.6 using Java 24.0.2 on DESKTOP-7A7ENNC with PID 49872 (D:\工作文档\软件工程教研室\2026\2026-2027（1）学期\软件工程技术综合实践\餐饮业油烟监控平台\后端代码\psms\jeecg-boot-module-system\target\jeecg-boot-module-system-2.4.6.jar started by HP in D:\工作文档\软件工程教研室\2026\2026-2027（1）学期\软件工程技术综合实践\餐饮业油烟监控平台\后端代码\psms\jeecg-boot-module-system\target)
2026-08-17 10:23:42.435 [main] INFO  org.jeecg.JeecgSystemApplication:638 - The following 1 profile is active: "dev"
2026-08-17 10:23:43.952 [main] INFO  o.s.d.r.config.RepositoryConfigurationDelegate:262 - Multiple Spring Data modules found, entering strict repository configuration mode
2026-08-17 10:23:43.953 [main] INFO  o.s.d.r.config.RepositoryConfigurationDelegate:132 - Bootstrapping Spring Data Redis repositories in DEFAULT mode.
2026-08-17 10:23:44.012 [main] INFO  o.s.d.r.config.RepositoryConfigurationDelegate:201 - Finished Spring Data repository scanning in 44 ms. Found 0 Redis repository interfaces.
2026-08-17 10:23:44.099 [main] INFO  o.j.minidao.auto.MinidaoAutoConfiguration:23 -  ******************* init miniDao config [ begin ] *********************** 
2026-08-17 10:23:44.099 [main] INFO  o.j.minidao.auto.MinidaoAutoConfiguration:25 -  ------ minidao.base-package ------- org.jeecg.modules.jmreport.*
2026-08-17 10:23:44.100 [main] INFO  o.j.minidao.auto.MinidaoAutoConfiguration:42 -  *******************  init miniDao config  [ end ] *********************** 
2026-08-17 10:23:44.145 [main] INFO  o.j.minidao.factory.MiniDaoClassPathMapperScanner:48 - register minidao name is { org.jeecg.modules.jmreport.desreport.dao.JimuReportDao }
2026-08-17 10:23:44.146 [main] INFO  o.j.minidao.factory.MiniDaoClassPathMapperScanner:48 - register minidao name is { org.jeecg.modules.jmreport.desreport.dao.JimuReportDataSourceDao }
2026-08-17 10:23:44.146 [main] INFO  o.j.minidao.factory.MiniDaoClassPathMapperScanner:48 - register minidao name is { org.jeecg.modules.jmreport.desreport.dao.JimuReportDbDao }
2026-08-17 10:23:44.146 [main] INFO  o.j.minidao.factory.MiniDaoClassPathMapperScanner:48 - register minidao name is { org.jeecg.modules.jmreport.desreport.dao.JimuReportDbFieldDao }
2026-08-17 10:23:44.147 [main] INFO  o.j.minidao.factory.MiniDaoClassPathMapperScanner:48 - register minidao name is { org.jeecg.modules.jmreport.desreport.dao.JimuReportDbParamDao }
2026-08-17 10:23:44.147 [main] INFO  o.j.minidao.factory.MiniDaoClassPathMapperScanner:48 - register minidao name is { org.jeecg.modules.jmreport.desreport.dao.JimuReportDictDao }
2026-08-17 10:23:44.147 [main] INFO  o.j.minidao.factory.MiniDaoClassPathMapperScanner:48 - register minidao name is { org.jeecg.modules.jmreport.desreport.dao.JimuReportDictItemDao }
2026-08-17 10:23:44.147 [main] INFO  o.j.minidao.factory.MiniDaoClassPathMapperScanner:48 - register minidao name is { org.jeecg.modules.jmreport.desreport.dao.JimuReportLinkDao }
2026-08-17 10:23:44.148 [main] INFO  o.j.minidao.factory.MiniDaoClassPathMapperScanner:48 - register minidao name is { org.jeecg.modules.jmreport.desreport.dao.JimuReportMapDao }
2026-08-17 10:23:44.148 [main] INFO  o.j.minidao.factory.MiniDaoClassPathMapperScanner:48 - register minidao name is { org.jeecg.modules.jmreport.desreport.dao.JimuReportShareDao }
2026-08-17 10:23:44.448 [main] INFO  o.s.c.s.PostProcessorRegistrationDelegate$BeanPostProcessorChecker:376 - Bean '(inner bean)#62435e70' of type [org.jeecgframework.minidao.aop.MiniDaoHandler] is not eligible for getting processed by all BeanPostProcessors (for example: not eligible for auto-proxying)
2026-08-17 10:23:44.457 [main] INFO  o.s.c.s.PostProcessorRegistrationDelegate$BeanPostProcessorChecker:376 - Bean 'jimuReportDao' of type [org.jeecgframework.minidao.factory.MiniDaoBeanFactory] is not eligible for getting processed by all BeanPostProcessors (for example: not eligible for auto-proxying)
2026-08-17 10:23:44.458 [main] INFO  o.s.c.s.PostProcessorRegistrationDelegate$BeanPostProcessorChecker:376 - Bean '(inner bean)#62435e70#1' of type [org.jeecgframework.minidao.aop.MiniDaoHandler] is not eligible for getting processed by all BeanPostProcessors (for example: not eligible for auto-proxying)
2026-08-17 10:23:44.458 [main] INFO  o.s.c.s.PostProcessorRegistrationDelegate$BeanPostProcessorChecker:376 - Bean 'jimuReportDataSourceDao' of type [org.jeecgframework.minidao.factory.MiniDaoBeanFactory] is not eligible for getting processed by all BeanPostProcessors (for example: not eligible for auto-proxying)
2026-08-17 10:23:44.459 [main] INFO  o.s.c.s.PostProcessorRegistrationDelegate$BeanPostProcessorChecker:376 - Bean '(inner bean)#62435e70#2' of type [org.jeecgframework.minidao.aop.MiniDaoHandler] is not eligible for getting processed by all BeanPostProcessors (for example: not eligible for auto-proxying)
2026-08-17 10:23:44.460 [main] INFO  o.s.c.s.PostProcessorRegistrationDelegate$BeanPostProcessorChecker:376 - Bean 'jimuReportDbDao' of type [org.jeecgframework.minidao.factory.MiniDaoBeanFactory] is not eligible for getting processed by all BeanPostProcessors (for example: not eligible for auto-proxying)
2026-08-17 10:23:44.460 [main] INFO  o.s.c.s.PostProcessorRegistrationDelegate$BeanPostProcessorChecker:376 - Bean '(inner bean)#62435e70#3' of type [org.jeecgframework.minidao.aop.MiniDaoHandler] is not eligible for getting processed by all BeanPostProcessors (for example: not eligible for auto-proxying)
2026-08-17 10:23:44.461 [main] INFO  o.s.c.s.PostProcessorRegistrationDelegate$BeanPostProcessorChecker:376 - Bean 'jimuReportDbFieldDao' of type [org.jeecgframework.minidao.factory.MiniDaoBeanFactory] is not eligible for getting processed by all BeanPostProcessors (for example: not eligible for auto-proxying)
2026-08-17 10:23:44.462 [main] INFO  o.s.c.s.PostProcessorRegistrationDelegate$BeanPostProcessorChecker:376 - Bean '(inner bean)#62435e70#4' of type [org.jeecgframework.minidao.aop.MiniDaoHandler] is not eligible for getting processed by all BeanPostProcessors (for example: not eligible for auto-proxying)
2026-08-17 10:23:44.463 [main] INFO  o.s.c.s.PostProcessorRegistrationDelegate$BeanPostProcessorChecker:376 - Bean 'jimuReportDbParamDao' of type [org.jeecgframework.minidao.factory.MiniDaoBeanFactory] is not eligible for getting processed by all BeanPostProcessors (for example: not eligible for auto-proxying)
2026-08-17 10:23:44.467 [main] INFO  o.s.c.s.PostProcessorRegistrationDelegate$BeanPostProcessorChecker:376 - Bean '(inner bean)#62435e70#5' of type [org.jeecgframework.minidao.aop.MiniDaoHandler] is not eligible for getting processed by all BeanPostProcessors (for example: not eligible for auto-proxying)
2026-08-17 10:23:44.468 [main] INFO  o.s.c.s.PostProcessorRegistrationDelegate$BeanPostProcessorChecker:376 - Bean 'jimuReportDictDao' of type [org.jeecgframework.minidao.factory.MiniDaoBeanFactory] is not eligible for getting processed by all BeanPostProcessors (for example: not eligible for auto-proxying)
2026-08-17 10:23:44.469 [main] INFO  o.s.c.s.PostProcessorRegistrationDelegate$BeanPostProcessorChecker:376 - Bean '(inner bean)#62435e70#6' of type [org.jeecgframework.minidao.aop.MiniDaoHandler] is not eligible for getting processed by all BeanPostProcessors (for example: not eligible for auto-proxying)
2026-08-17 10:23:44.470 [main] INFO  o.s.c.s.PostProcessorRegistrationDelegate$BeanPostProcessorChecker:376 - Bean 'jimuReportDictItemDao' of type [org.jeecgframework.minidao.factory.MiniDaoBeanFactory] is not eligible for getting processed by all BeanPostProcessors (for example: not eligible for auto-proxying)
2026-08-17 10:23:44.470 [main] INFO  o.s.c.s.PostProcessorRegistrationDelegate$BeanPostProcessorChecker:376 - Bean '(inner bean)#62435e70#7' of type [org.jeecgframework.minidao.aop.MiniDaoHandler] is not eligible for getting processed by all BeanPostProcessors (for example: not eligible for auto-proxying)
2026-08-17 10:23:44.471 [main] INFO  o.s.c.s.PostProcessorRegistrationDelegate$BeanPostProcessorChecker:376 - Bean 'jimuReportLinkDao' of type [org.jeecgframework.minidao.factory.MiniDaoBeanFactory] is not eligible for getting processed by all BeanPostProcessors (for example: not eligible for auto-proxying)
2026-08-17 10:23:44.471 [main] INFO  o.s.c.s.PostProcessorRegistrationDelegate$BeanPostProcessorChecker:376 - Bean '(inner bean)#62435e70#8' of type [org.jeecgframework.minidao.aop.MiniDaoHandler] is not eligible for getting processed by all BeanPostProcessors (for example: not eligible for auto-proxying)
2026-08-17 10:23:44.472 [main] INFO  o.s.c.s.PostProcessorRegistrationDelegate$BeanPostProcessorChecker:376 - Bean 'jimuReportMapDao' of type [org.jeecgframework.minidao.factory.MiniDaoBeanFactory] is not eligible for getting processed by all BeanPostProcessors (for example: not eligible for auto-proxying)
2026-08-17 10:23:44.472 [main] INFO  o.s.c.s.PostProcessorRegistrationDelegate$BeanPostProcessorChecker:376 - Bean '(inner bean)#62435e70#9' of type [org.jeecgframework.minidao.aop.MiniDaoHandler] is not eligible for getting processed by all BeanPostProcessors (for example: not eligible for auto-proxying)
2026-08-17 10:23:44.473 [main] INFO  o.s.c.s.PostProcessorRegistrationDelegate$BeanPostProcessorChecker:376 - Bean 'jimuReportShareDao' of type [org.jeecgframework.minidao.factory.MiniDaoBeanFactory] is not eligible for getting processed by all BeanPostProcessors (for example: not eligible for auto-proxying)
2026-08-17 10:23:44.492 [main] INFO  o.s.c.s.PostProcessorRegistrationDelegate$BeanPostProcessorChecker:376 - Bean 'spring.redis-org.springframework.boot.autoconfigure.data.redis.RedisProperties' of type [org.springframework.boot.autoconfigure.data.redis.RedisProperties] is not eligible for getting processed by all BeanPostProcessors (for example: not eligible for auto-proxying)
2026-08-17 10:23:44.500 [main] INFO  o.s.c.s.PostProcessorRegistrationDelegate$BeanPostProcessorChecker:376 - Bean 'org.springframework.boot.autoconfigure.data.redis.LettuceConnectionConfiguration' of type [org.springframework.boot.autoconfigure.data.redis.LettuceConnectionConfiguration] is not eligible for getting processed by all BeanPostProcessors (for example: not eligible for auto-proxying)
2026-08-17 10:23:44.522 [main] INFO  o.s.c.s.PostProcessorRegistrationDelegate$BeanPostProcessorChecker:376 - Bean 'org.springframework.boot.actuate.autoconfigure.metrics.redis.LettuceMetricsAutoConfiguration' of type [org.springframework.boot.actuate.autoconfigure.metrics.redis.LettuceMetricsAutoConfiguration] is not eligible for getting processed by all BeanPostProcessors (for example: not eligible for auto-proxying)
2026-08-17 10:23:44.523 [main] INFO  o.s.c.s.PostProcessorRegistrationDelegate$BeanPostProcessorChecker:376 - Bean 'org.springframework.boot.actuate.autoconfigure.metrics.export.simple.SimpleMetricsExportAutoConfiguration' of type [org.springframework.boot.actuate.autoconfigure.metrics.export.simple.SimpleMetricsExportAutoConfiguration] is not eligible for getting processed by all BeanPostProcessors (for example: not eligible for auto-proxying)
2026-08-17 10:23:44.526 [main] INFO  o.s.c.s.PostProcessorRegistrationDelegate$BeanPostProcessorChecker:376 - Bean 'management.metrics.export.simple-org.springframework.boot.actuate.autoconfigure.metrics.export.simple.SimpleProperties' of type [org.springframework.boot.actuate.autoconfigure.metrics.export.simple.SimpleProperties] is not eligible for getting processed by all BeanPostProcessors (for example: not eligible for auto-proxying)
2026-08-17 10:23:44.529 [main] INFO  o.s.c.s.PostProcessorRegistrationDelegate$BeanPostProcessorChecker:376 - Bean 'simpleConfig' of type [org.springframework.boot.actuate.autoconfigure.metrics.export.simple.SimplePropertiesConfigAdapter] is not eligible for getting processed by all BeanPostProcessors (for example: not eligible for auto-proxying)
2026-08-17 10:23:44.531 [main] INFO  o.s.c.s.PostProcessorRegistrationDelegate$BeanPostProcessorChecker:376 - Bean 'org.springframework.boot.actuate.autoconfigure.metrics.MetricsAutoConfiguration' of type [org.springframework.boot.actuate.autoconfigure.metrics.MetricsAutoConfiguration] is not eligible for getting processed by all BeanPostProcessors (for example: not eligible for auto-proxying)
2026-08-17 10:23:44.532 [main] INFO  o.s.c.s.PostProcessorRegistrationDelegate$BeanPostProcessorChecker:376 - Bean 'micrometerClock' of type [io.micrometer.core.instrument.Clock$1] is not eligible for getting processed by all BeanPostProcessors (for example: not eligible for auto-proxying)
2026-08-17 10:23:44.549 [main] INFO  o.s.c.s.PostProcessorRegistrationDelegate$BeanPostProcessorChecker:376 - Bean 'simpleMeterRegistry' of type [io.micrometer.core.instrument.simple.SimpleMeterRegistry] is not eligible for getting processed by all BeanPostProcessors (for example: not eligible for auto-proxying)
2026-08-17 10:23:44.552 [main] INFO  o.s.c.s.PostProcessorRegistrationDelegate$BeanPostProcessorChecker:376 - Bean 'micrometerOptions' of type [io.lettuce.core.metrics.MicrometerOptions] is not eligible for getting processed by all BeanPostProcessors (for example: not eligible for auto-proxying)
2026-08-17 10:23:44.553 [main] INFO  o.s.c.s.PostProcessorRegistrationDelegate$BeanPostProcessorChecker:376 - Bean 'lettuceMetrics' of type [org.springframework.boot.actuate.autoconfigure.metrics.redis.LettuceMetricsAutoConfiguration$$Lambda/0x00000114123cd098] is not eligible for getting processed by all BeanPostProcessors (for example: not eligible for auto-proxying)
2026-08-17 10:23:44.665 [main] INFO  o.s.c.s.PostProcessorRegistrationDelegate$BeanPostProcessorChecker:376 - Bean 'lettuceClientResources' of type [io.lettuce.core.resource.DefaultClientResources] is not eligible for getting processed by all BeanPostProcessors (for example: not eligible for auto-proxying)
2026-08-17 10:23:44.721 [main] INFO  o.s.c.s.PostProcessorRegistrationDelegate$BeanPostProcessorChecker:376 - Bean 'redisConnectionFactory' of type [org.springframework.data.redis.connection.lettuce.LettuceConnectionFactory] is not eligible for getting processed by all BeanPostProcessors (for example: not eligible for auto-proxying)
2026-08-17 10:23:44.723 [main] INFO  o.s.c.s.PostProcessorRegistrationDelegate$BeanPostProcessorChecker:376 - Bean 'shiroConfig' of type [org.jeecg.config.shiro.ShiroConfig$$EnhancerBySpringCGLIB$$801cd460] is not eligible for getting processed by all BeanPostProcessors (for example: not eligible for auto-proxying)
2026-08-17 10:23:44.948 [main] INFO  o.s.c.s.PostProcessorRegistrationDelegate$BeanPostProcessorChecker:376 - Bean 'spring.datasource.dynamic-com.baomidou.dynamic.datasource.spring.boot.autoconfigure.DynamicDataSourceProperties' of type [com.baomidou.dynamic.datasource.spring.boot.autoconfigure.DynamicDataSourceProperties] is not eligible for getting processed by all BeanPostProcessors (for example: not eligible for auto-proxying)
2026-08-17 10:23:44.952 [main] INFO  o.s.c.s.PostProcessorRegistrationDelegate$BeanPostProcessorChecker:376 - Bean 'com.baomidou.dynamic.datasource.spring.boot.autoconfigure.DynamicDataSourceAutoConfiguration' of type [com.baomidou.dynamic.datasource.spring.boot.autoconfigure.DynamicDataSourceAutoConfiguration$$EnhancerBySpringCGLIB$$8a6efd38] is not eligible for getting processed by all BeanPostProcessors (for example: not eligible for auto-proxying)
2026-08-17 10:23:44.957 [main] INFO  o.s.c.s.PostProcessorRegistrationDelegate$BeanPostProcessorChecker:376 - Bean 'dsProcessor' of type [com.baomidou.dynamic.datasource.processor.DsHeaderProcessor] is not eligible for getting processed by all BeanPostProcessors (for example: not eligible for auto-proxying)
2026-08-17 10:23:44.990 [main] INFO  o.s.c.s.PostProcessorRegistrationDelegate$BeanPostProcessorChecker:376 - Bean 'shiroRealm' of type [org.jeecg.config.shiro.ShiroRealm] is not eligible for getting processed by all BeanPostProcessors (for example: not eligible for auto-proxying)
2026-08-17 10:23:45.081 [main] INFO  org.jeecg.config.shiro.ShiroConfig:215 - ===============(1)创建缓存管理器RedisCacheManager
2026-08-17 10:23:45.084 [main] INFO  org.jeecg.config.shiro.ShiroConfig:233 - ===============(2)创建RedisManager,连接Redis..
2026-08-17 10:23:45.087 [main] INFO  o.s.c.s.PostProcessorRegistrationDelegate$BeanPostProcessorChecker:376 - Bean 'redisManager' of type [org.crazycake.shiro.RedisManager] is not eligible for getting processed by all BeanPostProcessors (for example: not eligible for auto-proxying)
2026-08-17 10:23:45.091 [main] INFO  o.s.c.s.PostProcessorRegistrationDelegate$BeanPostProcessorChecker:376 - Bean 'securityManager' of type [org.apache.shiro.web.mgt.DefaultWebSecurityManager] is not eligible for getting processed by all BeanPostProcessors (for example: not eligible for auto-proxying)
2026-08-17 10:23:45.114 [main] INFO  o.s.c.s.PostProcessorRegistrationDelegate$BeanPostProcessorChecker:376 - Bean 'authorizationAttributeSourceAdvisor' of type [org.apache.shiro.spring.security.interceptor.AuthorizationAttributeSourceAdvisor] is not eligible for getting processed by all BeanPostProcessors (for example: not eligible for auto-proxying)
2026-08-17 10:23:45.138 [main] INFO  o.s.c.s.PostProcessorRegistrationDelegate$BeanPostProcessorChecker:376 - Bean 'org.apache.shiro.spring.boot.autoconfigure.ShiroBeanAutoConfiguration' of type [org.apache.shiro.spring.boot.autoconfigure.ShiroBeanAutoConfiguration$$EnhancerBySpringCGLIB$$33f96a17] is not eligible for getting processed by all BeanPostProcessors (for example: not eligible for auto-proxying)
2026-08-17 10:23:45.142 [main] INFO  o.s.c.s.PostProcessorRegistrationDelegate$BeanPostProcessorChecker:376 - Bean 'eventBus' of type [org.apache.shiro.event.support.DefaultEventBus] is not eligible for getting processed by all BeanPostProcessors (for example: not eligible for auto-proxying)
2026-08-17 10:23:45.481 [main] INFO  o.s.boot.web.embedded.tomcat.TomcatWebServer:108 - Tomcat initialized with port(s): 8080 (http)
2026-08-17 10:23:45.487 [main] INFO  org.apache.coyote.http11.Http11NioProtocol:173 - Initializing ProtocolHandler ["http-nio-8080"]
2026-08-17 10:23:45.489 [main] INFO  org.apache.catalina.core.StandardService:173 - Starting service [Tomcat]
2026-08-17 10:23:45.489 [main] INFO  org.apache.catalina.core.StandardEngine:173 - Starting Servlet engine: [Apache Tomcat/9.0.83]
2026-08-17 10:23:45.546 [main] INFO  o.a.c.c.ContainerBase.[Tomcat].[localhost].[/psms]:173 - Initializing Spring embedded WebApplicationContext
2026-08-17 10:23:45.546 [main] INFO  o.s.b.w.s.c.ServletWebServerApplicationContext:292 - Root WebApplicationContext: initialization completed in 3067 ms
2026-08-17 10:23:46.389 [main] INFO  com.alibaba.druid.pool.DruidDataSource:1009 - {dataSource-1,master} inited
2026-08-17 10:23:46.390 [main] INFO  c.b.dynamic.datasource.DynamicRoutingDataSource:132 - dynamic-datasource - load a datasource named [master] success
2026-08-17 10:23:46.391 [main] INFO  c.b.dynamic.datasource.DynamicRoutingDataSource:237 - dynamic-datasource initial loaded [1] datasource,primary datasource named [master]
2026-08-17 10:23:46.907 [main] ERROR com.baomidou.mybatisplus.core.MybatisConfiguration:100 - mapper[org.jeecg.modules.psms.analyse.mapper.AnalyseMapper.moreNum] is ignored, because it exists, maybe from xml file
2026-08-17 10:23:46.914 [main] WARN  c.b.mybatisplus.core.metadata.TableInfoHelper:335 - Can not find table primary key in Class: "java.util.Map".
2026-08-17 10:23:47.634 [main] INFO  org.jeecg.common.modules.redis.config.RedisConfig:76 -  --- redis config init --- 
2026-08-17 10:23:48.853 [main] INFO  org.quartz.impl.StdSchedulerFactory:1220 - Using default implementation for ThreadExecutor
2026-08-17 10:23:48.856 [main] INFO  org.quartz.simpl.SimpleThreadPool:268 - Job execution threads will use class loader of thread: main
2026-08-17 10:23:48.867 [main] INFO  org.quartz.core.SchedulerSignalerImpl:61 - Initialized Scheduler Signaller of type: class org.quartz.core.SchedulerSignalerImpl
2026-08-17 10:23:48.867 [main] INFO  org.quartz.core.QuartzScheduler:229 - Quartz Scheduler v.2.3.2 created.
2026-08-17 10:23:48.869 [main] INFO  o.s.scheduling.quartz.LocalDataSourceJobStore:672 - Using db table-based data access locking (synchronization).
2026-08-17 10:23:48.870 [main] INFO  o.s.scheduling.quartz.LocalDataSourceJobStore:145 - JobStoreCMT initialized.
2026-08-17 10:23:48.871 [main] INFO  org.quartz.core.QuartzScheduler:294 - Scheduler meta-data: Quartz Scheduler (v2.3.2) 'MyScheduler' with instanceId 'DESKTOP-7A7ENNC1786933428855'
  Scheduler class: 'org.quartz.core.QuartzScheduler' - running locally.
  NOT STARTED.
  Currently in standby mode.
  Number of jobs executed: 0
  Using thread pool 'org.quartz.simpl.SimpleThreadPool' - with 10 threads.
  Using job-store 'org.springframework.scheduling.quartz.LocalDataSourceJobStore' - which supports persistence. and is clustered.

2026-08-17 10:23:48.871 [main] INFO  org.quartz.impl.StdSchedulerFactory:1374 - Quartz scheduler 'MyScheduler' initialized from an externally provided properties instance.
2026-08-17 10:23:48.871 [main] INFO  org.quartz.impl.StdSchedulerFactory:1378 - Quartz scheduler version: 2.3.2
2026-08-17 10:23:48.871 [main] INFO  org.quartz.core.QuartzScheduler:2293 - JobFactory set to: org.springframework.scheduling.quartz.SpringBeanJobFactory@79eeff87
2026-08-17 10:23:49.506 [main] INFO  o.j.m.jmreport.config.JimuReportConfiguration:55 -  --- Init JimuReport Config --- 
2026-08-17 10:23:50.099 [main] INFO  o.s.b.actuate.endpoint.web.EndpointLinksResolver:58 - Exposing 1 endpoint(s) beneath base path '/actuator'
2026-08-17 10:23:50.190 [main] INFO  org.jeecg.config.init.CodeGenerateDbConfig:46 -  代码生成器数据库连接，使用application.yml的DB配置 ###################
2026-08-17 10:23:50.214 [main] INFO  s.d.s.w.WebMvcPropertySourcedRequestMappingHandlerMapping:69 - Mapped URL path [/v2/api-docs] onto method [springfox.documentation.swagger2.web.Swagger2ControllerWebMvc#getDocumentation(String, HttpServletRequest)]
2026-08-17 10:23:50.276 [main] INFO  o.j.modules.jmreport.config.JmReportExecutorConfig:21 - ---创建线程池---
2026-08-17 10:23:50.477 [main] INFO  o.s.b.a.web.servlet.WelcomePageHandlerMapping:60 - Adding welcome page: class path resource [static/index.html]
2026-08-17 10:23:50.774 [main] INFO  org.apache.coyote.http11.Http11NioProtocol:173 - Starting ProtocolHandler ["http-nio-8080"]
2026-08-17 10:23:50.789 [main] INFO  o.s.boot.web.embedded.tomcat.TomcatWebServer:220 - Tomcat started on port(s): 8080 (http) with context path '/psms'
2026-08-17 10:23:50.790 [main] INFO  s.d.s.web.plugins.DocumentationPluginsBootstrapper:93 - Documentation plugins bootstrapped
2026-08-17 10:23:50.794 [main] INFO  s.d.s.web.plugins.DocumentationPluginsBootstrapper:79 - Found 1 custom documentation plugin(s)
2026-08-17 10:23:50.876 [main] INFO  s.d.spring.web.scanners.ApiListingReferenceScanner:44 - Scanning for api listing references
2026-08-17 10:23:50.989 [main] INFO  s.d.s.w.r.operation.CachingOperationNameGenerator:41 - Generating unique operation named: addUsingPOST_1
2026-08-17 10:23:50.991 [main] INFO  s.d.s.w.r.operation.CachingOperationNameGenerator:41 - Generating unique operation named: deleteUsingDELETE_1
2026-08-17 10:23:50.992 [main] INFO  s.d.s.w.r.operation.CachingOperationNameGenerator:41 - Generating unique operation named: deleteBatchUsingDELETE_1
2026-08-17 10:23:50.993 [main] INFO  s.d.s.w.r.operation.CachingOperationNameGenerator:41 - Generating unique operation named: editUsingPUT_1
2026-08-17 10:23:50.994 [main] INFO  s.d.s.w.r.operation.CachingOperationNameGenerator:41 - Generating unique operation named: queryByIdUsingGET_1
2026-08-17 10:23:50.998 [main] INFO  s.d.s.w.r.operation.CachingOperationNameGenerator:41 - Generating unique operation named: queryPageListUsingGET_1
2026-08-17 10:23:51.004 [main] INFO  s.d.s.w.r.operation.CachingOperationNameGenerator:41 - Generating unique operation named: addUsingPOST_2
2026-08-17 10:23:51.006 [main] INFO  s.d.s.w.r.operation.CachingOperationNameGenerator:41 - Generating unique operation named: deleteUsingDELETE_2
2026-08-17 10:23:51.007 [main] INFO  s.d.s.w.r.operation.CachingOperationNameGenerator:41 - Generating unique operation named: deleteBatchUsingDELETE_2
2026-08-17 10:23:51.008 [main] INFO  s.d.s.w.r.operation.CachingOperationNameGenerator:41 - Generating unique operation named: editUsingPUT_2
2026-08-17 10:23:51.009 [main] INFO  s.d.s.w.r.operation.CachingOperationNameGenerator:41 - Generating unique operation named: queryByIdUsingGET_2
2026-08-17 10:23:51.012 [main] INFO  s.d.s.w.r.operation.CachingOperationNameGenerator:41 - Generating unique operation named: queryPageListUsingGET_2
2026-08-17 10:23:51.017 [main] INFO  s.d.s.w.r.operation.CachingOperationNameGenerator:41 - Generating unique operation named: addUsingPOST_3
2026-08-17 10:23:51.019 [main] INFO  s.d.s.w.r.operation.CachingOperationNameGenerator:41 - Generating unique operation named: deleteUsingDELETE_3
2026-08-17 10:23:51.020 [main] INFO  s.d.s.w.r.operation.CachingOperationNameGenerator:41 - Generating unique operation named: deleteBatchUsingDELETE_3
2026-08-17 10:23:51.021 [main] INFO  s.d.s.w.r.operation.CachingOperationNameGenerator:41 - Generating unique operation named: editUsingPUT_3
2026-08-17 10:23:51.022 [main] INFO  s.d.s.w.r.operation.CachingOperationNameGenerator:41 - Generating unique operation named: queryByIdUsingGET_3
2026-08-17 10:23:51.026 [main] INFO  s.d.s.w.r.operation.CachingOperationNameGenerator:41 - Generating unique operation named: queryPageListUsingGET_3
2026-08-17 10:23:51.030 [main] INFO  s.d.s.w.r.operation.CachingOperationNameGenerator:41 - Generating unique operation named: queryPageListUsingGET_4
2026-08-17 10:23:51.038 [main] INFO  s.d.s.w.r.operation.CachingOperationNameGenerator:41 - Generating unique operation named: addUsingPOST_4
2026-08-17 10:23:51.039 [main] INFO  s.d.s.w.r.operation.CachingOperationNameGenerator:41 - Generating unique operation named: deleteUsingDELETE_4
2026-08-17 10:23:51.040 [main] INFO  s.d.s.w.r.operation.CachingOperationNameGenerator:41 - Generating unique operation named: deleteBatchUsingDELETE_4
2026-08-17 10:23:51.041 [main] INFO  s.d.s.w.r.operation.CachingOperationNameGenerator:41 - Generating unique operation named: editUsingPUT_4
2026-08-17 10:23:51.042 [main] INFO  s.d.s.w.r.operation.CachingOperationNameGenerator:41 - Generating unique operation named: queryByIdUsingGET_4
2026-08-17 10:23:51.043 [main] INFO  s.d.s.w.r.operation.CachingOperationNameGenerator:41 - Generating unique operation named: queryPageListUsingGET_5
2026-08-17 10:23:51.054 [main] INFO  s.d.s.w.r.operation.CachingOperationNameGenerator:41 - Generating unique operation named: addUsingPOST_5
2026-08-17 10:23:51.056 [main] INFO  s.d.s.w.r.operation.CachingOperationNameGenerator:41 - Generating unique operation named: deleteUsingDELETE_5
2026-08-17 10:23:51.056 [main] INFO  s.d.s.w.r.operation.CachingOperationNameGenerator:41 - Generating unique operation named: deleteBatchUsingDELETE_5
2026-08-17 10:23:51.057 [main] INFO  s.d.s.w.r.operation.CachingOperationNameGenerator:41 - Generating unique operation named: editUsingPUT_5
2026-08-17 10:23:51.058 [main] INFO  s.d.s.w.r.operation.CachingOperationNameGenerator:41 - Generating unique operation named: queryByIdUsingGET_5
2026-08-17 10:23:51.059 [main] INFO  s.d.s.w.r.operation.CachingOperationNameGenerator:41 - Generating unique operation named: queryPageListUsingGET_6
2026-08-17 10:23:51.063 [main] INFO  s.d.s.w.r.operation.CachingOperationNameGenerator:41 - Generating unique operation named: addUsingPOST_6
2026-08-17 10:23:51.064 [main] INFO  s.d.s.w.r.operation.CachingOperationNameGenerator:41 - Generating unique operation named: deleteUsingDELETE_6
2026-08-17 10:23:51.065 [main] INFO  s.d.s.w.r.operation.CachingOperationNameGenerator:41 - Generating unique operation named: deleteBatchUsingDELETE_6
2026-08-17 10:23:51.066 [main] INFO  s.d.s.w.r.operation.CachingOperationNameGenerator:41 - Generating unique operation named: editUsingPUT_6
2026-08-17 10:23:51.067 [main] INFO  s.d.s.w.r.operation.CachingOperationNameGenerator:41 - Generating unique operation named: queryByIdUsingGET_6
2026-08-17 10:23:51.069 [main] INFO  s.d.s.w.r.operation.CachingOperationNameGenerator:41 - Generating unique operation named: queryPageListUsingGET_7
2026-08-17 10:23:51.088 [main] INFO  s.d.s.w.r.operation.CachingOperationNameGenerator:41 - Generating unique operation named: addUsingPOST_7
2026-08-17 10:23:51.090 [main] INFO  s.d.s.w.r.operation.CachingOperationNameGenerator:41 - Generating unique operation named: deleteUsingDELETE_7
2026-08-17 10:23:51.091 [main] INFO  s.d.s.w.r.operation.CachingOperationNameGenerator:41 - Generating unique operation named: deleteBatchUsingDELETE_7
2026-08-17 10:23:51.092 [main] INFO  s.d.s.w.r.operation.CachingOperationNameGenerator:41 - Generating unique operation named: editUsingPUT_7
2026-08-17 10:23:51.093 [main] INFO  s.d.s.w.r.operation.CachingOperationNameGenerator:41 - Generating unique operation named: queryByIdUsingGET_7
2026-08-17 10:23:51.094 [main] INFO  s.d.s.w.r.operation.CachingOperationNameGenerator:41 - Generating unique operation named: queryPageListUsingGET_8
2026-08-17 10:23:51.095 [main] INFO  s.d.s.w.r.operation.CachingOperationNameGenerator:41 - Generating unique operation named: companyCountUsingGET_1
2026-08-17 10:23:51.099 [main] INFO  s.d.s.w.r.operation.CachingOperationNameGenerator:41 - Generating unique operation named: addUsingPOST_8
2026-08-17 10:23:51.101 [main] INFO  s.d.s.w.r.operation.CachingOperationNameGenerator:41 - Generating unique operation named: deleteUsingDELETE_8
2026-08-17 10:23:51.102 [main] INFO  s.d.s.w.r.operation.CachingOperationNameGenerator:41 - Generating unique operation named: deleteBatchUsingDELETE_8
2026-08-17 10:23:51.102 [main] INFO  s.d.s.w.r.operation.CachingOperationNameGenerator:41 - Generating unique operation named: editUsingPUT_8
2026-08-17 10:23:51.104 [main] INFO  s.d.s.w.r.operation.CachingOperationNameGenerator:41 - Generating unique operation named: queryByIdUsingGET_8
2026-08-17 10:23:51.106 [main] INFO  s.d.s.w.r.operation.CachingOperationNameGenerator:41 - Generating unique operation named: queryPageListUsingGET_9
2026-08-17 10:23:51.112 [main] INFO  s.d.s.w.r.operation.CachingOperationNameGenerator:41 - Generating unique operation named: queryPageListUsingGET_10
2026-08-17 10:23:51.127 [main] INFO  s.d.s.w.r.operation.CachingOperationNameGenerator:41 - Generating unique operation named: getLabelUsingGET_1
2026-08-17 10:23:51.444 [main] INFO  o.s.scheduling.quartz.SchedulerFactoryBean:729 - Starting Quartz Scheduler now
2026-08-17 10:23:51.556 [main] INFO  org.quartz.core.QuartzScheduler:547 - Scheduler MyScheduler_$_DESKTOP-7A7ENNC1786933428855 started.
2026-08-17 10:23:51.569 [main] INFO  org.jeecg.JeecgSystemApplication:61 - Started JeecgSystemApplication in 9.723 seconds (JVM running for 10.378)
2026-08-17 10:23:51.575 [main] INFO  org.jeecg.JeecgSystemApplication:42 - 
----------------------------------------------------------
	Application Jeecg-Boot is running! Access URLs:
	Local: 		http://localhost:8080/psms/
	External: 	http://10.7.82.34:8080/psms/
	Swagger文档: 	http://10.7.82.34:8080/psms/doc.html
----------------------------------------------------------
2026-08-17 10:24:01.500 [QuartzScheduler_MyScheduler-DESKTOP-7A7ENNC1786933428855_ClusterManager] INFO  o.s.scheduling.quartz.LocalDataSourceJobStore:3644 - ClusterManager: detected 1 failed or restarted instances.
2026-08-17 10:24:01.500 [QuartzScheduler_MyScheduler-DESKTOP-7A7ENNC1786933428855_ClusterManager] INFO  o.s.scheduling.quartz.LocalDataSourceJobStore:3503 - ClusterManager: Scanning for instance "DESKTOP-7A7ENNC1786933361854"'s failed in-progress jobs.
2026-08-17 10:24:15.612 [http-nio-8080-exec-1] INFO  o.a.c.c.ContainerBase.[Tomcat].[localhost].[/psms]:173 - Initializing Spring DispatcherServlet 'dispatcherServlet'
2026-08-17 10:24:15.612 [http-nio-8080-exec-1] INFO  org.springframework.web.servlet.DispatcherServlet:525 - Initializing Servlet 'dispatcherServlet'
2026-08-17 10:24:15.613 [http-nio-8080-exec-1] INFO  org.springframework.web.servlet.DispatcherServlet:547 - Completed initialization in 1 ms
2026-08-17 12:40:20.064 [background-preinit] INFO  org.hibernate.validator.internal.util.Version:21 - HV000001: Hibernate Validator 6.2.5.Final
2026-08-17 12:40:20.084 [main] INFO  org.jeecg.JeecgSystemApplication:55 - Starting JeecgSystemApplication v2.4.6 using Java 21.0.9 on DESKTOP-7A7ENNC with PID 64264 (D:\工作文档\软件工程教研室\2026\2026-2027（1）学期\软件工程技术综合实践\餐饮业油烟监控平台\后端代码\psms\jeecg-boot-module-system\target\jeecg-boot-module-system-2.4.6.jar started by HP in D:\工作文档\软件工程教研室\2026\2026-2027（1）学期\软件工程技术综合实践\餐饮业油烟监控平台\后端代码\psms\jeecg-boot-module-system\target)
2026-08-17 12:40:20.085 [main] INFO  org.jeecg.JeecgSystemApplication:638 - The following 1 profile is active: "dev"
2026-08-17 12:40:21.443 [main] INFO  o.s.d.r.config.RepositoryConfigurationDelegate:262 - Multiple Spring Data modules found, entering strict repository configuration mode
2026-08-17 12:40:21.446 [main] INFO  o.s.d.r.config.RepositoryConfigurationDelegate:132 - Bootstrapping Spring Data Redis repositories in DEFAULT mode.
2026-08-17 12:40:21.496 [main] INFO  o.s.d.r.config.RepositoryConfigurationDelegate:201 - Finished Spring Data repository scanning in 40 ms. Found 0 Redis repository interfaces.
2026-08-17 12:40:21.591 [main] INFO  o.j.minidao.auto.MinidaoAutoConfiguration:23 -  ******************* init miniDao config [ begin ] *********************** 
2026-08-17 12:40:21.593 [main] INFO  o.j.minidao.auto.MinidaoAutoConfiguration:25 -  ------ minidao.base-package ------- org.jeecg.modules.jmreport.*
2026-08-17 12:40:21.594 [main] INFO  o.j.minidao.auto.MinidaoAutoConfiguration:42 -  *******************  init miniDao config  [ end ] *********************** 
2026-08-17 12:40:21.636 [main] INFO  o.j.minidao.factory.MiniDaoClassPathMapperScanner:48 - register minidao name is { org.jeecg.modules.jmreport.desreport.dao.JimuReportDao }
2026-08-17 12:40:21.637 [main] INFO  o.j.minidao.factory.MiniDaoClassPathMapperScanner:48 - register minidao name is { org.jeecg.modules.jmreport.desreport.dao.JimuReportDataSourceDao }
2026-08-17 12:40:21.637 [main] INFO  o.j.minidao.factory.MiniDaoClassPathMapperScanner:48 - register minidao name is { org.jeecg.modules.jmreport.desreport.dao.JimuReportDbDao }
2026-08-17 12:40:21.637 [main] INFO  o.j.minidao.factory.MiniDaoClassPathMapperScanner:48 - register minidao name is { org.jeecg.modules.jmreport.desreport.dao.JimuReportDbFieldDao }
2026-08-17 12:40:21.638 [main] INFO  o.j.minidao.factory.MiniDaoClassPathMapperScanner:48 - register minidao name is { org.jeecg.modules.jmreport.desreport.dao.JimuReportDbParamDao }
2026-08-17 12:40:21.638 [main] INFO  o.j.minidao.factory.MiniDaoClassPathMapperScanner:48 - register minidao name is { org.jeecg.modules.jmreport.desreport.dao.JimuReportDictDao }
2026-08-17 12:40:21.638 [main] INFO  o.j.minidao.factory.MiniDaoClassPathMapperScanner:48 - register minidao name is { org.jeecg.modules.jmreport.desreport.dao.JimuReportDictItemDao }
2026-08-17 12:40:21.638 [main] INFO  o.j.minidao.factory.MiniDaoClassPathMapperScanner:48 - register minidao name is { org.jeecg.modules.jmreport.desreport.dao.JimuReportLinkDao }
2026-08-17 12:40:21.639 [main] INFO  o.j.minidao.factory.MiniDaoClassPathMapperScanner:48 - register minidao name is { org.jeecg.modules.jmreport.desreport.dao.JimuReportMapDao }
2026-08-17 12:40:21.639 [main] INFO  o.j.minidao.factory.MiniDaoClassPathMapperScanner:48 - register minidao name is { org.jeecg.modules.jmreport.desreport.dao.JimuReportShareDao }
2026-08-17 12:40:21.917 [main] INFO  o.s.c.s.PostProcessorRegistrationDelegate$BeanPostProcessorChecker:376 - Bean '(inner bean)#2d10e0b1' of type [org.jeecgframework.minidao.aop.MiniDaoHandler] is not eligible for getting processed by all BeanPostProcessors (for example: not eligible for auto-proxying)
2026-08-17 12:40:21.921 [main] INFO  o.s.c.s.PostProcessorRegistrationDelegate$BeanPostProcessorChecker:376 - Bean 'jimuReportDao' of type [org.jeecgframework.minidao.factory.MiniDaoBeanFactory] is not eligible for getting processed by all BeanPostProcessors (for example: not eligible for auto-proxying)
2026-08-17 12:40:21.921 [main] INFO  o.s.c.s.PostProcessorRegistrationDelegate$BeanPostProcessorChecker:376 - Bean '(inner bean)#2d10e0b1#1' of type [org.jeecgframework.minidao.aop.MiniDaoHandler] is not eligible for getting processed by all BeanPostProcessors (for example: not eligible for auto-proxying)
2026-08-17 12:40:21.922 [main] INFO  o.s.c.s.PostProcessorRegistrationDelegate$BeanPostProcessorChecker:376 - Bean 'jimuReportDataSourceDao' of type [org.jeecgframework.minidao.factory.MiniDaoBeanFactory] is not eligible for getting processed by all BeanPostProcessors (for example: not eligible for auto-proxying)
2026-08-17 12:40:21.923 [main] INFO  o.s.c.s.PostProcessorRegistrationDelegate$BeanPostProcessorChecker:376 - Bean '(inner bean)#2d10e0b1#2' of type [org.jeecgframework.minidao.aop.MiniDaoHandler] is not eligible for getting processed by all BeanPostProcessors (for example: not eligible for auto-proxying)
2026-08-17 12:40:21.923 [main] INFO  o.s.c.s.PostProcessorRegistrationDelegate$BeanPostProcessorChecker:376 - Bean 'jimuReportDbDao' of type [org.jeecgframework.minidao.factory.MiniDaoBeanFactory] is not eligible for getting processed by all BeanPostProcessors (for example: not eligible for auto-proxying)
2026-08-17 12:40:21.924 [main] INFO  o.s.c.s.PostProcessorRegistrationDelegate$BeanPostProcessorChecker:376 - Bean '(inner bean)#2d10e0b1#3' of type [org.jeecgframework.minidao.aop.MiniDaoHandler] is not eligible for getting processed by all BeanPostProcessors (for example: not eligible for auto-proxying)
2026-08-17 12:40:21.924 [main] INFO  o.s.c.s.PostProcessorRegistrationDelegate$BeanPostProcessorChecker:376 - Bean 'jimuReportDbFieldDao' of type [org.jeecgframework.minidao.factory.MiniDaoBeanFactory] is not eligible for getting processed by all BeanPostProcessors (for example: not eligible for auto-proxying)
2026-08-17 12:40:21.925 [main] INFO  o.s.c.s.PostProcessorRegistrationDelegate$BeanPostProcessorChecker:376 - Bean '(inner bean)#2d10e0b1#4' of type [org.jeecgframework.minidao.aop.MiniDaoHandler] is not eligible for getting processed by all BeanPostProcessors (for example: not eligible for auto-proxying)
2026-08-17 12:40:21.926 [main] INFO  o.s.c.s.PostProcessorRegistrationDelegate$BeanPostProcessorChecker:376 - Bean 'jimuReportDbParamDao' of type [org.jeecgframework.minidao.factory.MiniDaoBeanFactory] is not eligible for getting processed by all BeanPostProcessors (for example: not eligible for auto-proxying)
2026-08-17 12:40:21.926 [main] INFO  o.s.c.s.PostProcessorRegistrationDelegate$BeanPostProcessorChecker:376 - Bean '(inner bean)#2d10e0b1#5' of type [org.jeecgframework.minidao.aop.MiniDaoHandler] is not eligible for getting processed by all BeanPostProcessors (for example: not eligible for auto-proxying)
2026-08-17 12:40:21.928 [main] INFO  o.s.c.s.PostProcessorRegistrationDelegate$BeanPostProcessorChecker:376 - Bean 'jimuReportDictDao' of type [org.jeecgframework.minidao.factory.MiniDaoBeanFactory] is not eligible for getting processed by all BeanPostProcessors (for example: not eligible for auto-proxying)
2026-08-17 12:40:21.928 [main] INFO  o.s.c.s.PostProcessorRegistrationDelegate$BeanPostProcessorChecker:376 - Bean '(inner bean)#2d10e0b1#6' of type [org.jeecgframework.minidao.aop.MiniDaoHandler] is not eligible for getting processed by all BeanPostProcessors (for example: not eligible for auto-proxying)
2026-08-17 12:40:21.929 [main] INFO  o.s.c.s.PostProcessorRegistrationDelegate$BeanPostProcessorChecker:376 - Bean 'jimuReportDictItemDao' of type [org.jeecgframework.minidao.factory.MiniDaoBeanFactory] is not eligible for getting processed by all BeanPostProcessors (for example: not eligible for auto-proxying)
2026-08-17 12:40:21.929 [main] INFO  o.s.c.s.PostProcessorRegistrationDelegate$BeanPostProcessorChecker:376 - Bean '(inner bean)#2d10e0b1#7' of type [org.jeecgframework.minidao.aop.MiniDaoHandler] is not eligible for getting processed by all BeanPostProcessors (for example: not eligible for auto-proxying)
2026-08-17 12:40:21.930 [main] INFO  o.s.c.s.PostProcessorRegistrationDelegate$BeanPostProcessorChecker:376 - Bean 'jimuReportLinkDao' of type [org.jeecgframework.minidao.factory.MiniDaoBeanFactory] is not eligible for getting processed by all BeanPostProcessors (for example: not eligible for auto-proxying)
2026-08-17 12:40:21.930 [main] INFO  o.s.c.s.PostProcessorRegistrationDelegate$BeanPostProcessorChecker:376 - Bean '(inner bean)#2d10e0b1#8' of type [org.jeecgframework.minidao.aop.MiniDaoHandler] is not eligible for getting processed by all BeanPostProcessors (for example: not eligible for auto-proxying)
2026-08-17 12:40:21.931 [main] INFO  o.s.c.s.PostProcessorRegistrationDelegate$BeanPostProcessorChecker:376 - Bean 'jimuReportMapDao' of type [org.jeecgframework.minidao.factory.MiniDaoBeanFactory] is not eligible for getting processed by all BeanPostProcessors (for example: not eligible for auto-proxying)
2026-08-17 12:40:21.931 [main] INFO  o.s.c.s.PostProcessorRegistrationDelegate$BeanPostProcessorChecker:376 - Bean '(inner bean)#2d10e0b1#9' of type [org.jeecgframework.minidao.aop.MiniDaoHandler] is not eligible for getting processed by all BeanPostProcessors (for example: not eligible for auto-proxying)
2026-08-17 12:40:21.931 [main] INFO  o.s.c.s.PostProcessorRegistrationDelegate$BeanPostProcessorChecker:376 - Bean 'jimuReportShareDao' of type [org.jeecgframework.minidao.factory.MiniDaoBeanFactory] is not eligible for getting processed by all BeanPostProcessors (for example: not eligible for auto-proxying)
2026-08-17 12:40:21.950 [main] INFO  o.s.c.s.PostProcessorRegistrationDelegate$BeanPostProcessorChecker:376 - Bean 'spring.redis-org.springframework.boot.autoconfigure.data.redis.RedisProperties' of type [org.springframework.boot.autoconfigure.data.redis.RedisProperties] is not eligible for getting processed by all BeanPostProcessors (for example: not eligible for auto-proxying)
2026-08-17 12:40:21.953 [main] INFO  o.s.c.s.PostProcessorRegistrationDelegate$BeanPostProcessorChecker:376 - Bean 'org.springframework.boot.autoconfigure.data.redis.LettuceConnectionConfiguration' of type [org.springframework.boot.autoconfigure.data.redis.LettuceConnectionConfiguration] is not eligible for getting processed by all BeanPostProcessors (for example: not eligible for auto-proxying)
2026-08-17 12:40:21.965 [main] INFO  o.s.c.s.PostProcessorRegistrationDelegate$BeanPostProcessorChecker:376 - Bean 'org.springframework.boot.actuate.autoconfigure.metrics.redis.LettuceMetricsAutoConfiguration' of type [org.springframework.boot.actuate.autoconfigure.metrics.redis.LettuceMetricsAutoConfiguration] is not eligible for getting processed by all BeanPostProcessors (for example: not eligible for auto-proxying)
2026-08-17 12:40:21.967 [main] INFO  o.s.c.s.PostProcessorRegistrationDelegate$BeanPostProcessorChecker:376 - Bean 'org.springframework.boot.actuate.autoconfigure.metrics.export.simple.SimpleMetricsExportAutoConfiguration' of type [org.springframework.boot.actuate.autoconfigure.metrics.export.simple.SimpleMetricsExportAutoConfiguration] is not eligible for getting processed by all BeanPostProcessors (for example: not eligible for auto-proxying)
2026-08-17 12:40:21.970 [main] INFO  o.s.c.s.PostProcessorRegistrationDelegate$BeanPostProcessorChecker:376 - Bean 'management.metrics.export.simple-org.springframework.boot.actuate.autoconfigure.metrics.export.simple.SimpleProperties' of type [org.springframework.boot.actuate.autoconfigure.metrics.export.simple.SimpleProperties] is not eligible for getting processed by all BeanPostProcessors (for example: not eligible for auto-proxying)
2026-08-17 12:40:21.973 [main] INFO  o.s.c.s.PostProcessorRegistrationDelegate$BeanPostProcessorChecker:376 - Bean 'simpleConfig' of type [org.springframework.boot.actuate.autoconfigure.metrics.export.simple.SimplePropertiesConfigAdapter] is not eligible for getting processed by all BeanPostProcessors (for example: not eligible for auto-proxying)
2026-08-17 12:40:21.974 [main] INFO  o.s.c.s.PostProcessorRegistrationDelegate$BeanPostProcessorChecker:376 - Bean 'org.springframework.boot.actuate.autoconfigure.metrics.MetricsAutoConfiguration' of type [org.springframework.boot.actuate.autoconfigure.metrics.MetricsAutoConfiguration] is not eligible for getting processed by all BeanPostProcessors (for example: not eligible for auto-proxying)
2026-08-17 12:40:21.975 [main] INFO  o.s.c.s.PostProcessorRegistrationDelegate$BeanPostProcessorChecker:376 - Bean 'micrometerClock' of type [io.micrometer.core.instrument.Clock$1] is not eligible for getting processed by all BeanPostProcessors (for example: not eligible for auto-proxying)
2026-08-17 12:40:22.002 [main] INFO  o.s.c.s.PostProcessorRegistrationDelegate$BeanPostProcessorChecker:376 - Bean 'simpleMeterRegistry' of type [io.micrometer.core.instrument.simple.SimpleMeterRegistry] is not eligible for getting processed by all BeanPostProcessors (for example: not eligible for auto-proxying)
2026-08-17 12:40:22.006 [main] INFO  o.s.c.s.PostProcessorRegistrationDelegate$BeanPostProcessorChecker:376 - Bean 'micrometerOptions' of type [io.lettuce.core.metrics.MicrometerOptions] is not eligible for getting processed by all BeanPostProcessors (for example: not eligible for auto-proxying)
2026-08-17 12:40:22.007 [main] INFO  o.s.c.s.PostProcessorRegistrationDelegate$BeanPostProcessorChecker:376 - Bean 'lettuceMetrics' of type [org.springframework.boot.actuate.autoconfigure.metrics.redis.LettuceMetricsAutoConfiguration$$Lambda/0x000001be0149a000] is not eligible for getting processed by all BeanPostProcessors (for example: not eligible for auto-proxying)
2026-08-17 12:40:22.112 [main] INFO  o.s.c.s.PostProcessorRegistrationDelegate$BeanPostProcessorChecker:376 - Bean 'lettuceClientResources' of type [io.lettuce.core.resource.DefaultClientResources] is not eligible for getting processed by all BeanPostProcessors (for example: not eligible for auto-proxying)
2026-08-17 12:40:22.162 [main] INFO  o.s.c.s.PostProcessorRegistrationDelegate$BeanPostProcessorChecker:376 - Bean 'redisConnectionFactory' of type [org.springframework.data.redis.connection.lettuce.LettuceConnectionFactory] is not eligible for getting processed by all BeanPostProcessors (for example: not eligible for auto-proxying)
2026-08-17 12:40:22.163 [main] INFO  o.s.c.s.PostProcessorRegistrationDelegate$BeanPostProcessorChecker:376 - Bean 'shiroConfig' of type [org.jeecg.config.shiro.ShiroConfig$$EnhancerBySpringCGLIB$$970e55bd] is not eligible for getting processed by all BeanPostProcessors (for example: not eligible for auto-proxying)
2026-08-17 12:40:22.433 [main] INFO  o.s.c.s.PostProcessorRegistrationDelegate$BeanPostProcessorChecker:376 - Bean 'spring.datasource.dynamic-com.baomidou.dynamic.datasource.spring.boot.autoconfigure.DynamicDataSourceProperties' of type [com.baomidou.dynamic.datasource.spring.boot.autoconfigure.DynamicDataSourceProperties] is not eligible for getting processed by all BeanPostProcessors (for example: not eligible for auto-proxying)
2026-08-17 12:40:22.438 [main] INFO  o.s.c.s.PostProcessorRegistrationDelegate$BeanPostProcessorChecker:376 - Bean 'com.baomidou.dynamic.datasource.spring.boot.autoconfigure.DynamicDataSourceAutoConfiguration' of type [com.baomidou.dynamic.datasource.spring.boot.autoconfigure.DynamicDataSourceAutoConfiguration$$EnhancerBySpringCGLIB$$a1607e95] is not eligible for getting processed by all BeanPostProcessors (for example: not eligible for auto-proxying)
2026-08-17 12:40:22.445 [main] INFO  o.s.c.s.PostProcessorRegistrationDelegate$BeanPostProcessorChecker:376 - Bean 'dsProcessor' of type [com.baomidou.dynamic.datasource.processor.DsHeaderProcessor] is not eligible for getting processed by all BeanPostProcessors (for example: not eligible for auto-proxying)
2026-08-17 12:40:22.500 [main] INFO  o.s.c.s.PostProcessorRegistrationDelegate$BeanPostProcessorChecker:376 - Bean 'shiroRealm' of type [org.jeecg.config.shiro.ShiroRealm] is not eligible for getting processed by all BeanPostProcessors (for example: not eligible for auto-proxying)
2026-08-17 12:40:22.591 [main] INFO  org.jeecg.config.shiro.ShiroConfig:215 - ===============(1)创建缓存管理器RedisCacheManager
2026-08-17 12:40:22.595 [main] INFO  org.jeecg.config.shiro.ShiroConfig:233 - ===============(2)创建RedisManager,连接Redis..
2026-08-17 12:40:22.597 [main] INFO  o.s.c.s.PostProcessorRegistrationDelegate$BeanPostProcessorChecker:376 - Bean 'redisManager' of type [org.crazycake.shiro.RedisManager] is not eligible for getting processed by all BeanPostProcessors (for example: not eligible for auto-proxying)
2026-08-17 12:40:22.602 [main] INFO  o.s.c.s.PostProcessorRegistrationDelegate$BeanPostProcessorChecker:376 - Bean 'securityManager' of type [org.apache.shiro.web.mgt.DefaultWebSecurityManager] is not eligible for getting processed by all BeanPostProcessors (for example: not eligible for auto-proxying)
2026-08-17 12:40:22.626 [main] INFO  o.s.c.s.PostProcessorRegistrationDelegate$BeanPostProcessorChecker:376 - Bean 'authorizationAttributeSourceAdvisor' of type [org.apache.shiro.spring.security.interceptor.AuthorizationAttributeSourceAdvisor] is not eligible for getting processed by all BeanPostProcessors (for example: not eligible for auto-proxying)
2026-08-17 12:40:22.659 [main] INFO  o.s.c.s.PostProcessorRegistrationDelegate$BeanPostProcessorChecker:376 - Bean 'org.apache.shiro.spring.boot.autoconfigure.ShiroBeanAutoConfiguration' of type [org.apache.shiro.spring.boot.autoconfigure.ShiroBeanAutoConfiguration$$EnhancerBySpringCGLIB$$4aeaeb74] is not eligible for getting processed by all BeanPostProcessors (for example: not eligible for auto-proxying)
2026-08-17 12:40:22.663 [main] INFO  o.s.c.s.PostProcessorRegistrationDelegate$BeanPostProcessorChecker:376 - Bean 'eventBus' of type [org.apache.shiro.event.support.DefaultEventBus] is not eligible for getting processed by all BeanPostProcessors (for example: not eligible for auto-proxying)
2026-08-17 12:40:23.059 [main] INFO  o.s.boot.web.embedded.tomcat.TomcatWebServer:108 - Tomcat initialized with port(s): 8080 (http)
2026-08-17 12:40:23.066 [main] INFO  org.apache.coyote.http11.Http11NioProtocol:173 - Initializing ProtocolHandler ["http-nio-8080"]
2026-08-17 12:40:23.067 [main] INFO  org.apache.catalina.core.StandardService:173 - Starting service [Tomcat]
2026-08-17 12:40:23.067 [main] INFO  org.apache.catalina.core.StandardEngine:173 - Starting Servlet engine: [Apache Tomcat/9.0.83]
2026-08-17 12:40:23.119 [main] INFO  o.a.c.c.ContainerBase.[Tomcat].[localhost].[/psms]:173 - Initializing Spring embedded WebApplicationContext
2026-08-17 12:40:23.120 [main] INFO  o.s.b.w.s.c.ServletWebServerApplicationContext:292 - Root WebApplicationContext: initialization completed in 2995 ms
2026-08-17 12:40:24.046 [main] INFO  com.alibaba.druid.pool.DruidDataSource:1009 - {dataSource-1,master} inited
2026-08-17 12:40:24.046 [main] INFO  c.b.dynamic.datasource.DynamicRoutingDataSource:132 - dynamic-datasource - load a datasource named [master] success
2026-08-17 12:40:24.048 [main] INFO  c.b.dynamic.datasource.DynamicRoutingDataSource:237 - dynamic-datasource initial loaded [1] datasource,primary datasource named [master]
2026-08-17 12:40:24.523 [main] ERROR com.baomidou.mybatisplus.core.MybatisConfiguration:100 - mapper[org.jeecg.modules.psms.analyse.mapper.AnalyseMapper.moreNum] is ignored, because it exists, maybe from xml file
2026-08-17 12:40:24.526 [main] WARN  c.b.mybatisplus.core.metadata.TableInfoHelper:335 - Can not find table primary key in Class: "java.util.Map".
2026-08-17 12:40:25.407 [main] INFO  org.jeecg.common.modules.redis.config.RedisConfig:76 -  --- redis config init --- 
2026-08-17 12:40:26.724 [main] INFO  org.quartz.impl.StdSchedulerFactory:1220 - Using default implementation for ThreadExecutor
2026-08-17 12:40:26.727 [main] INFO  org.quartz.simpl.SimpleThreadPool:268 - Job execution threads will use class loader of thread: main
2026-08-17 12:40:26.736 [main] INFO  org.quartz.core.SchedulerSignalerImpl:61 - Initialized Scheduler Signaller of type: class org.quartz.core.SchedulerSignalerImpl
2026-08-17 12:40:26.736 [main] INFO  org.quartz.core.QuartzScheduler:229 - Quartz Scheduler v.2.3.2 created.
2026-08-17 12:40:26.738 [main] INFO  o.s.scheduling.quartz.LocalDataSourceJobStore:672 - Using db table-based data access locking (synchronization).
2026-08-17 12:40:26.740 [main] INFO  o.s.scheduling.quartz.LocalDataSourceJobStore:145 - JobStoreCMT initialized.
2026-08-17 12:40:26.741 [main] INFO  org.quartz.core.QuartzScheduler:294 - Scheduler meta-data: Quartz Scheduler (v2.3.2) 'MyScheduler' with instanceId 'DESKTOP-7A7ENNC1786941626725'
  Scheduler class: 'org.quartz.core.QuartzScheduler' - running locally.
  NOT STARTED.
  Currently in standby mode.
  Number of jobs executed: 0
  Using thread pool 'org.quartz.simpl.SimpleThreadPool' - with 10 threads.
  Using job-store 'org.springframework.scheduling.quartz.LocalDataSourceJobStore' - which supports persistence. and is clustered.

2026-08-17 12:40:26.741 [main] INFO  org.quartz.impl.StdSchedulerFactory:1374 - Quartz scheduler 'MyScheduler' initialized from an externally provided properties instance.
2026-08-17 12:40:26.741 [main] INFO  org.quartz.impl.StdSchedulerFactory:1378 - Quartz scheduler version: 2.3.2
2026-08-17 12:40:26.741 [main] INFO  org.quartz.core.QuartzScheduler:2293 - JobFactory set to: org.springframework.scheduling.quartz.SpringBeanJobFactory@5ff00507
2026-08-17 12:40:27.390 [main] INFO  o.j.m.jmreport.config.JimuReportConfiguration:55 -  --- Init JimuReport Config --- 
2026-08-17 12:40:28.072 [main] INFO  o.s.b.actuate.endpoint.web.EndpointLinksResolver:58 - Exposing 1 endpoint(s) beneath base path '/actuator'
2026-08-17 12:40:28.175 [main] INFO  org.jeecg.config.init.CodeGenerateDbConfig:46 -  代码生成器数据库连接，使用application.yml的DB配置 ###################
2026-08-17 12:40:28.221 [main] INFO  s.d.s.w.WebMvcPropertySourcedRequestMappingHandlerMapping:69 - Mapped URL path [/v2/api-docs] onto method [springfox.documentation.swagger2.web.Swagger2ControllerWebMvc#getDocumentation(String, HttpServletRequest)]
2026-08-17 12:40:28.317 [main] INFO  o.j.modules.jmreport.config.JmReportExecutorConfig:21 - ---创建线程池---
2026-08-17 12:40:28.531 [main] INFO  o.s.b.a.web.servlet.WelcomePageHandlerMapping:60 - Adding welcome page: class path resource [static/index.html]
2026-08-17 12:40:28.814 [main] INFO  org.apache.coyote.http11.Http11NioProtocol:173 - Starting ProtocolHandler ["http-nio-8080"]
2026-08-17 12:40:28.847 [main] INFO  o.s.boot.web.embedded.tomcat.TomcatWebServer:220 - Tomcat started on port(s): 8080 (http) with context path '/psms'
2026-08-17 12:40:28.847 [main] INFO  s.d.s.web.plugins.DocumentationPluginsBootstrapper:93 - Documentation plugins bootstrapped
2026-08-17 12:40:28.849 [main] INFO  s.d.s.web.plugins.DocumentationPluginsBootstrapper:79 - Found 1 custom documentation plugin(s)
2026-08-17 12:40:28.943 [main] INFO  s.d.spring.web.scanners.ApiListingReferenceScanner:44 - Scanning for api listing references
2026-08-17 12:40:29.097 [main] INFO  s.d.s.w.r.operation.CachingOperationNameGenerator:41 - Generating unique operation named: addUsingPOST_1
2026-08-17 12:40:29.099 [main] INFO  s.d.s.w.r.operation.CachingOperationNameGenerator:41 - Generating unique operation named: deleteUsingDELETE_1
2026-08-17 12:40:29.100 [main] INFO  s.d.s.w.r.operation.CachingOperationNameGenerator:41 - Generating unique operation named: deleteBatchUsingDELETE_1
2026-08-17 12:40:29.100 [main] INFO  s.d.s.w.r.operation.CachingOperationNameGenerator:41 - Generating unique operation named: editUsingPUT_1
2026-08-17 12:40:29.101 [main] INFO  s.d.s.w.r.operation.CachingOperationNameGenerator:41 - Generating unique operation named: queryByIdUsingGET_1
2026-08-17 12:40:29.104 [main] INFO  s.d.s.w.r.operation.CachingOperationNameGenerator:41 - Generating unique operation named: queryPageListUsingGET_1
2026-08-17 12:40:29.109 [main] INFO  s.d.s.w.r.operation.CachingOperationNameGenerator:41 - Generating unique operation named: addUsingPOST_2
2026-08-17 12:40:29.109 [main] INFO  s.d.s.w.r.operation.CachingOperationNameGenerator:41 - Generating unique operation named: deleteUsingDELETE_2
2026-08-17 12:40:29.111 [main] INFO  s.d.s.w.r.operation.CachingOperationNameGenerator:41 - Generating unique operation named: deleteBatchUsingDELETE_2
2026-08-17 12:40:29.112 [main] INFO  s.d.s.w.r.operation.CachingOperationNameGenerator:41 - Generating unique operation named: editUsingPUT_2
2026-08-17 12:40:29.113 [main] INFO  s.d.s.w.r.operation.CachingOperationNameGenerator:41 - Generating unique operation named: queryByIdUsingGET_2
2026-08-17 12:40:29.115 [main] INFO  s.d.s.w.r.operation.CachingOperationNameGenerator:41 - Generating unique operation named: queryPageListUsingGET_2
2026-08-17 12:40:29.121 [main] INFO  s.d.s.w.r.operation.CachingOperationNameGenerator:41 - Generating unique operation named: addUsingPOST_3
2026-08-17 12:40:29.122 [main] INFO  s.d.s.w.r.operation.CachingOperationNameGenerator:41 - Generating unique operation named: deleteUsingDELETE_3
2026-08-17 12:40:29.123 [main] INFO  s.d.s.w.r.operation.CachingOperationNameGenerator:41 - Generating unique operation named: deleteBatchUsingDELETE_3
2026-08-17 12:40:29.124 [main] INFO  s.d.s.w.r.operation.CachingOperationNameGenerator:41 - Generating unique operation named: editUsingPUT_3
2026-08-17 12:40:29.125 [main] INFO  s.d.s.w.r.operation.CachingOperationNameGenerator:41 - Generating unique operation named: queryByIdUsingGET_3
2026-08-17 12:40:29.128 [main] INFO  s.d.s.w.r.operation.CachingOperationNameGenerator:41 - Generating unique operation named: queryPageListUsingGET_3
2026-08-17 12:40:29.131 [main] INFO  s.d.s.w.r.operation.CachingOperationNameGenerator:41 - Generating unique operation named: queryPageListUsingGET_4
2026-08-17 12:40:29.138 [main] INFO  s.d.s.w.r.operation.CachingOperationNameGenerator:41 - Generating unique operation named: addUsingPOST_4
2026-08-17 12:40:29.139 [main] INFO  s.d.s.w.r.operation.CachingOperationNameGenerator:41 - Generating unique operation named: deleteUsingDELETE_4
2026-08-17 12:40:29.140 [main] INFO  s.d.s.w.r.operation.CachingOperationNameGenerator:41 - Generating unique operation named: deleteBatchUsingDELETE_4
2026-08-17 12:40:29.141 [main] INFO  s.d.s.w.r.operation.CachingOperationNameGenerator:41 - Generating unique operation named: editUsingPUT_4
2026-08-17 12:40:29.141 [main] INFO  s.d.s.w.r.operation.CachingOperationNameGenerator:41 - Generating unique operation named: queryByIdUsingGET_4
2026-08-17 12:40:29.143 [main] INFO  s.d.s.w.r.operation.CachingOperationNameGenerator:41 - Generating unique operation named: queryPageListUsingGET_5
2026-08-17 12:40:29.154 [main] INFO  s.d.s.w.r.operation.CachingOperationNameGenerator:41 - Generating unique operation named: addUsingPOST_5
2026-08-17 12:40:29.155 [main] INFO  s.d.s.w.r.operation.CachingOperationNameGenerator:41 - Generating unique operation named: deleteUsingDELETE_5
2026-08-17 12:40:29.155 [main] INFO  s.d.s.w.r.operation.CachingOperationNameGenerator:41 - Generating unique operation named: deleteBatchUsingDELETE_5
2026-08-17 12:40:29.156 [main] INFO  s.d.s.w.r.operation.CachingOperationNameGenerator:41 - Generating unique operation named: editUsingPUT_5
2026-08-17 12:40:29.157 [main] INFO  s.d.s.w.r.operation.CachingOperationNameGenerator:41 - Generating unique operation named: queryByIdUsingGET_5
2026-08-17 12:40:29.158 [main] INFO  s.d.s.w.r.operation.CachingOperationNameGenerator:41 - Generating unique operation named: queryPageListUsingGET_6
2026-08-17 12:40:29.161 [main] INFO  s.d.s.w.r.operation.CachingOperationNameGenerator:41 - Generating unique operation named: addUsingPOST_6
2026-08-17 12:40:29.162 [main] INFO  s.d.s.w.r.operation.CachingOperationNameGenerator:41 - Generating unique operation named: deleteUsingDELETE_6
2026-08-17 12:40:29.164 [main] INFO  s.d.s.w.r.operation.CachingOperationNameGenerator:41 - Generating unique operation named: deleteBatchUsingDELETE_6
2026-08-17 12:40:29.165 [main] INFO  s.d.s.w.r.operation.CachingOperationNameGenerator:41 - Generating unique operation named: editUsingPUT_6
2026-08-17 12:40:29.165 [main] INFO  s.d.s.w.r.operation.CachingOperationNameGenerator:41 - Generating unique operation named: queryByIdUsingGET_6
2026-08-17 12:40:29.168 [main] INFO  s.d.s.w.r.operation.CachingOperationNameGenerator:41 - Generating unique operation named: queryPageListUsingGET_7
2026-08-17 12:40:29.189 [main] INFO  s.d.s.w.r.operation.CachingOperationNameGenerator:41 - Generating unique operation named: addUsingPOST_7
2026-08-17 12:40:29.189 [main] INFO  s.d.s.w.r.operation.CachingOperationNameGenerator:41 - Generating unique operation named: deleteUsingDELETE_7
2026-08-17 12:40:29.190 [main] INFO  s.d.s.w.r.operation.CachingOperationNameGenerator:41 - Generating unique operation named: deleteBatchUsingDELETE_7
2026-08-17 12:40:29.191 [main] INFO  s.d.s.w.r.operation.CachingOperationNameGenerator:41 - Generating unique operation named: editUsingPUT_7
2026-08-17 12:40:29.192 [main] INFO  s.d.s.w.r.operation.CachingOperationNameGenerator:41 - Generating unique operation named: queryByIdUsingGET_7
2026-08-17 12:40:29.192 [main] INFO  s.d.s.w.r.operation.CachingOperationNameGenerator:41 - Generating unique operation named: queryPageListUsingGET_8
2026-08-17 12:40:29.193 [main] INFO  s.d.s.w.r.operation.CachingOperationNameGenerator:41 - Generating unique operation named: companyCountUsingGET_1
2026-08-17 12:40:29.197 [main] INFO  s.d.s.w.r.operation.CachingOperationNameGenerator:41 - Generating unique operation named: addUsingPOST_8
2026-08-17 12:40:29.197 [main] INFO  s.d.s.w.r.operation.CachingOperationNameGenerator:41 - Generating unique operation named: deleteUsingDELETE_8
2026-08-17 12:40:29.197 [main] INFO  s.d.s.w.r.operation.CachingOperationNameGenerator:41 - Generating unique operation named: deleteBatchUsingDELETE_8
2026-08-17 12:40:29.198 [main] INFO  s.d.s.w.r.operation.CachingOperationNameGenerator:41 - Generating unique operation named: editUsingPUT_8
2026-08-17 12:40:29.199 [main] INFO  s.d.s.w.r.operation.CachingOperationNameGenerator:41 - Generating unique operation named: queryByIdUsingGET_8
2026-08-17 12:40:29.200 [main] INFO  s.d.s.w.r.operation.CachingOperationNameGenerator:41 - Generating unique operation named: queryPageListUsingGET_9
2026-08-17 12:40:29.207 [main] INFO  s.d.s.w.r.operation.CachingOperationNameGenerator:41 - Generating unique operation named: queryPageListUsingGET_10
2026-08-17 12:40:29.216 [main] INFO  s.d.s.w.r.operation.CachingOperationNameGenerator:41 - Generating unique operation named: getLabelUsingGET_1
2026-08-17 12:40:29.496 [main] INFO  o.s.scheduling.quartz.SchedulerFactoryBean:729 - Starting Quartz Scheduler now
2026-08-17 12:40:29.617 [main] INFO  o.s.scheduling.quartz.LocalDataSourceJobStore:3644 - ClusterManager: detected 1 failed or restarted instances.
2026-08-17 12:40:29.617 [main] INFO  o.s.scheduling.quartz.LocalDataSourceJobStore:3503 - ClusterManager: Scanning for instance "DESKTOP-7A7ENNC1786940600429"'s failed in-progress jobs.
2026-08-17 12:40:29.622 [main] INFO  org.quartz.core.QuartzScheduler:547 - Scheduler MyScheduler_$_DESKTOP-7A7ENNC1786941626725 started.
2026-08-17 12:40:29.634 [main] INFO  org.jeecg.JeecgSystemApplication:61 - Started JeecgSystemApplication in 10.125 seconds (JVM running for 10.706)
2026-08-17 12:40:29.640 [main] INFO  org.jeecg.JeecgSystemApplication:42 - 
----------------------------------------------------------
	Application Jeecg-Boot is running! Access URLs:
	Local: 		http://localhost:8080/psms/
	External: 	http://10.7.82.34:8080/psms/
	Swagger文档: 	http://10.7.82.34:8080/psms/doc.html
----------------------------------------------------------
2026-08-17 12:40:48.047 [http-nio-8080-exec-1] INFO  o.a.c.c.ContainerBase.[Tomcat].[localhost].[/psms]:173 - Initializing Spring DispatcherServlet 'dispatcherServlet'
2026-08-17 12:40:48.047 [http-nio-8080-exec-1] INFO  org.springframework.web.servlet.DispatcherServlet:525 - Initializing Servlet 'dispatcherServlet'
2026-08-17 12:40:48.049 [http-nio-8080-exec-1] INFO  org.springframework.web.servlet.DispatcherServlet:547 - Completed initialization in 1 ms
2026-08-17 12:47:09.893 [background-preinit] INFO  org.hibernate.validator.internal.util.Version:21 - HV000001: Hibernate Validator 6.2.5.Final
2026-08-17 12:47:09.910 [main] INFO  org.jeecg.JeecgSystemApplication:55 - Starting JeecgSystemApplication v2.4.6 using Java 21.0.9 on DESKTOP-7A7ENNC with PID 60424 (D:\工作文档\软件工程教研室\2026\2026-2027（1）学期\软件工程技术综合实践\餐饮业油烟监控平台\后端代码\psms\jeecg-boot-module-system\target\jeecg-boot-module-system-2.4.6.jar started by HP in D:\工作文档\软件工程教研室\2026\2026-2027（1）学期\软件工程技术综合实践\餐饮业油烟监控平台\后端代码\psms\jeecg-boot-module-system\target)
2026-08-17 12:47:09.912 [main] INFO  org.jeecg.JeecgSystemApplication:638 - The following 1 profile is active: "dev"
2026-08-17 12:47:11.383 [main] INFO  o.s.d.r.config.RepositoryConfigurationDelegate:262 - Multiple Spring Data modules found, entering strict repository configuration mode
2026-08-17 12:47:11.386 [main] INFO  o.s.d.r.config.RepositoryConfigurationDelegate:132 - Bootstrapping Spring Data Redis repositories in DEFAULT mode.
2026-08-17 12:47:11.445 [main] INFO  o.s.d.r.config.RepositoryConfigurationDelegate:201 - Finished Spring Data repository scanning in 48 ms. Found 0 Redis repository interfaces.
2026-08-17 12:47:11.543 [main] INFO  o.j.minidao.auto.MinidaoAutoConfiguration:23 -  ******************* init miniDao config [ begin ] *********************** 
2026-08-17 12:47:11.543 [main] INFO  o.j.minidao.auto.MinidaoAutoConfiguration:25 -  ------ minidao.base-package ------- org.jeecg.modules.jmreport.*
2026-08-17 12:47:11.545 [main] INFO  o.j.minidao.auto.MinidaoAutoConfiguration:42 -  *******************  init miniDao config  [ end ] *********************** 
2026-08-17 12:47:11.586 [main] INFO  o.j.minidao.factory.MiniDaoClassPathMapperScanner:48 - register minidao name is { org.jeecg.modules.jmreport.desreport.dao.JimuReportDao }
2026-08-17 12:47:11.587 [main] INFO  o.j.minidao.factory.MiniDaoClassPathMapperScanner:48 - register minidao name is { org.jeecg.modules.jmreport.desreport.dao.JimuReportDataSourceDao }
2026-08-17 12:47:11.588 [main] INFO  o.j.minidao.factory.MiniDaoClassPathMapperScanner:48 - register minidao name is { org.jeecg.modules.jmreport.desreport.dao.JimuReportDbDao }
2026-08-17 12:47:11.588 [main] INFO  o.j.minidao.factory.MiniDaoClassPathMapperScanner:48 - register minidao name is { org.jeecg.modules.jmreport.desreport.dao.JimuReportDbFieldDao }
2026-08-17 12:47:11.588 [main] INFO  o.j.minidao.factory.MiniDaoClassPathMapperScanner:48 - register minidao name is { org.jeecg.modules.jmreport.desreport.dao.JimuReportDbParamDao }
2026-08-17 12:47:11.588 [main] INFO  o.j.minidao.factory.MiniDaoClassPathMapperScanner:48 - register minidao name is { org.jeecg.modules.jmreport.desreport.dao.JimuReportDictDao }
2026-08-17 12:47:11.588 [main] INFO  o.j.minidao.factory.MiniDaoClassPathMapperScanner:48 - register minidao name is { org.jeecg.modules.jmreport.desreport.dao.JimuReportDictItemDao }
2026-08-17 12:47:11.588 [main] INFO  o.j.minidao.factory.MiniDaoClassPathMapperScanner:48 - register minidao name is { org.jeecg.modules.jmreport.desreport.dao.JimuReportLinkDao }
2026-08-17 12:47:11.589 [main] INFO  o.j.minidao.factory.MiniDaoClassPathMapperScanner:48 - register minidao name is { org.jeecg.modules.jmreport.desreport.dao.JimuReportMapDao }
2026-08-17 12:47:11.589 [main] INFO  o.j.minidao.factory.MiniDaoClassPathMapperScanner:48 - register minidao name is { org.jeecg.modules.jmreport.desreport.dao.JimuReportShareDao }
2026-08-17 12:47:11.858 [main] INFO  o.s.c.s.PostProcessorRegistrationDelegate$BeanPostProcessorChecker:376 - Bean '(inner bean)#1c98290c' of type [org.jeecgframework.minidao.aop.MiniDaoHandler] is not eligible for getting processed by all BeanPostProcessors (for example: not eligible for auto-proxying)
2026-08-17 12:47:11.862 [main] INFO  o.s.c.s.PostProcessorRegistrationDelegate$BeanPostProcessorChecker:376 - Bean 'jimuReportDao' of type [org.jeecgframework.minidao.factory.MiniDaoBeanFactory] is not eligible for getting processed by all BeanPostProcessors (for example: not eligible for auto-proxying)
2026-08-17 12:47:11.863 [main] INFO  o.s.c.s.PostProcessorRegistrationDelegate$BeanPostProcessorChecker:376 - Bean '(inner bean)#1c98290c#1' of type [org.jeecgframework.minidao.aop.MiniDaoHandler] is not eligible for getting processed by all BeanPostProcessors (for example: not eligible for auto-proxying)
2026-08-17 12:47:11.864 [main] INFO  o.s.c.s.PostProcessorRegistrationDelegate$BeanPostProcessorChecker:376 - Bean 'jimuReportDataSourceDao' of type [org.jeecgframework.minidao.factory.MiniDaoBeanFactory] is not eligible for getting processed by all BeanPostProcessors (for example: not eligible for auto-proxying)
2026-08-17 12:47:11.865 [main] INFO  o.s.c.s.PostProcessorRegistrationDelegate$BeanPostProcessorChecker:376 - Bean '(inner bean)#1c98290c#2' of type [org.jeecgframework.minidao.aop.MiniDaoHandler] is not eligible for getting processed by all BeanPostProcessors (for example: not eligible for auto-proxying)
2026-08-17 12:47:11.866 [main] INFO  o.s.c.s.PostProcessorRegistrationDelegate$BeanPostProcessorChecker:376 - Bean 'jimuReportDbDao' of type [org.jeecgframework.minidao.factory.MiniDaoBeanFactory] is not eligible for getting processed by all BeanPostProcessors (for example: not eligible for auto-proxying)
2026-08-17 12:47:11.866 [main] INFO  o.s.c.s.PostProcessorRegistrationDelegate$BeanPostProcessorChecker:376 - Bean '(inner bean)#1c98290c#3' of type [org.jeecgframework.minidao.aop.MiniDaoHandler] is not eligible for getting processed by all BeanPostProcessors (for example: not eligible for auto-proxying)
2026-08-17 12:47:11.867 [main] INFO  o.s.c.s.PostProcessorRegistrationDelegate$BeanPostProcessorChecker:376 - Bean 'jimuReportDbFieldDao' of type [org.jeecgframework.minidao.factory.MiniDaoBeanFactory] is not eligible for getting processed by all BeanPostProcessors (for example: not eligible for auto-proxying)
2026-08-17 12:47:11.868 [main] INFO  o.s.c.s.PostProcessorRegistrationDelegate$BeanPostProcessorChecker:376 - Bean '(inner bean)#1c98290c#4' of type [org.jeecgframework.minidao.aop.MiniDaoHandler] is not eligible for getting processed by all BeanPostProcessors (for example: not eligible for auto-proxying)
2026-08-17 12:47:11.868 [main] INFO  o.s.c.s.PostProcessorRegistrationDelegate$BeanPostProcessorChecker:376 - Bean 'jimuReportDbParamDao' of type [org.jeecgframework.minidao.factory.MiniDaoBeanFactory] is not eligible for getting processed by all BeanPostProcessors (for example: not eligible for auto-proxying)
2026-08-17 12:47:11.869 [main] INFO  o.s.c.s.PostProcessorRegistrationDelegate$BeanPostProcessorChecker:376 - Bean '(inner bean)#1c98290c#5' of type [org.jeecgframework.minidao.aop.MiniDaoHandler] is not eligible for getting processed by all BeanPostProcessors (for example: not eligible for auto-proxying)
2026-08-17 12:47:11.870 [main] INFO  o.s.c.s.PostProcessorRegistrationDelegate$BeanPostProcessorChecker:376 - Bean 'jimuReportDictDao' of type [org.jeecgframework.minidao.factory.MiniDaoBeanFactory] is not eligible for getting processed by all BeanPostProcessors (for example: not eligible for auto-proxying)
2026-08-17 12:47:11.870 [main] INFO  o.s.c.s.PostProcessorRegistrationDelegate$BeanPostProcessorChecker:376 - Bean '(inner bean)#1c98290c#6' of type [org.jeecgframework.minidao.aop.MiniDaoHandler] is not eligible for getting processed by all BeanPostProcessors (for example: not eligible for auto-proxying)
2026-08-17 12:47:11.871 [main] INFO  o.s.c.s.PostProcessorRegistrationDelegate$BeanPostProcessorChecker:376 - Bean 'jimuReportDictItemDao' of type [org.jeecgframework.minidao.factory.MiniDaoBeanFactory] is not eligible for getting processed by all BeanPostProcessors (for example: not eligible for auto-proxying)
2026-08-17 12:47:11.872 [main] INFO  o.s.c.s.PostProcessorRegistrationDelegate$BeanPostProcessorChecker:376 - Bean '(inner bean)#1c98290c#7' of type [org.jeecgframework.minidao.aop.MiniDaoHandler] is not eligible for getting processed by all BeanPostProcessors (for example: not eligible for auto-proxying)
2026-08-17 12:47:11.872 [main] INFO  o.s.c.s.PostProcessorRegistrationDelegate$BeanPostProcessorChecker:376 - Bean 'jimuReportLinkDao' of type [org.jeecgframework.minidao.factory.MiniDaoBeanFactory] is not eligible for getting processed by all BeanPostProcessors (for example: not eligible for auto-proxying)
2026-08-17 12:47:11.873 [main] INFO  o.s.c.s.PostProcessorRegistrationDelegate$BeanPostProcessorChecker:376 - Bean '(inner bean)#1c98290c#8' of type [org.jeecgframework.minidao.aop.MiniDaoHandler] is not eligible for getting processed by all BeanPostProcessors (for example: not eligible for auto-proxying)
2026-08-17 12:47:11.873 [main] INFO  o.s.c.s.PostProcessorRegistrationDelegate$BeanPostProcessorChecker:376 - Bean 'jimuReportMapDao' of type [org.jeecgframework.minidao.factory.MiniDaoBeanFactory] is not eligible for getting processed by all BeanPostProcessors (for example: not eligible for auto-proxying)
2026-08-17 12:47:11.874 [main] INFO  o.s.c.s.PostProcessorRegistrationDelegate$BeanPostProcessorChecker:376 - Bean '(inner bean)#1c98290c#9' of type [org.jeecgframework.minidao.aop.MiniDaoHandler] is not eligible for getting processed by all BeanPostProcessors (for example: not eligible for auto-proxying)
2026-08-17 12:47:11.875 [main] INFO  o.s.c.s.PostProcessorRegistrationDelegate$BeanPostProcessorChecker:376 - Bean 'jimuReportShareDao' of type [org.jeecgframework.minidao.factory.MiniDaoBeanFactory] is not eligible for getting processed by all BeanPostProcessors (for example: not eligible for auto-proxying)
2026-08-17 12:47:11.895 [main] INFO  o.s.c.s.PostProcessorRegistrationDelegate$BeanPostProcessorChecker:376 - Bean 'spring.redis-org.springframework.boot.autoconfigure.data.redis.RedisProperties' of type [org.springframework.boot.autoconfigure.data.redis.RedisProperties] is not eligible for getting processed by all BeanPostProcessors (for example: not eligible for auto-proxying)
2026-08-17 12:47:11.899 [main] INFO  o.s.c.s.PostProcessorRegistrationDelegate$BeanPostProcessorChecker:376 - Bean 'org.springframework.boot.autoconfigure.data.redis.LettuceConnectionConfiguration' of type [org.springframework.boot.autoconfigure.data.redis.LettuceConnectionConfiguration] is not eligible for getting processed by all BeanPostProcessors (for example: not eligible for auto-proxying)
2026-08-17 12:47:11.917 [main] INFO  o.s.c.s.PostProcessorRegistrationDelegate$BeanPostProcessorChecker:376 - Bean 'org.springframework.boot.actuate.autoconfigure.metrics.redis.LettuceMetricsAutoConfiguration' of type [org.springframework.boot.actuate.autoconfigure.metrics.redis.LettuceMetricsAutoConfiguration] is not eligible for getting processed by all BeanPostProcessors (for example: not eligible for auto-proxying)
2026-08-17 12:47:11.918 [main] INFO  o.s.c.s.PostProcessorRegistrationDelegate$BeanPostProcessorChecker:376 - Bean 'org.springframework.boot.actuate.autoconfigure.metrics.export.simple.SimpleMetricsExportAutoConfiguration' of type [org.springframework.boot.actuate.autoconfigure.metrics.export.simple.SimpleMetricsExportAutoConfiguration] is not eligible for getting processed by all BeanPostProcessors (for example: not eligible for auto-proxying)
2026-08-17 12:47:11.920 [main] INFO  o.s.c.s.PostProcessorRegistrationDelegate$BeanPostProcessorChecker:376 - Bean 'management.metrics.export.simple-org.springframework.boot.actuate.autoconfigure.metrics.export.simple.SimpleProperties' of type [org.springframework.boot.actuate.autoconfigure.metrics.export.simple.SimpleProperties] is not eligible for getting processed by all BeanPostProcessors (for example: not eligible for auto-proxying)
2026-08-17 12:47:11.926 [main] INFO  o.s.c.s.PostProcessorRegistrationDelegate$BeanPostProcessorChecker:376 - Bean 'simpleConfig' of type [org.springframework.boot.actuate.autoconfigure.metrics.export.simple.SimplePropertiesConfigAdapter] is not eligible for getting processed by all BeanPostProcessors (for example: not eligible for auto-proxying)
2026-08-17 12:47:11.928 [main] INFO  o.s.c.s.PostProcessorRegistrationDelegate$BeanPostProcessorChecker:376 - Bean 'org.springframework.boot.actuate.autoconfigure.metrics.MetricsAutoConfiguration' of type [org.springframework.boot.actuate.autoconfigure.metrics.MetricsAutoConfiguration] is not eligible for getting processed by all BeanPostProcessors (for example: not eligible for auto-proxying)
2026-08-17 12:47:11.929 [main] INFO  o.s.c.s.PostProcessorRegistrationDelegate$BeanPostProcessorChecker:376 - Bean 'micrometerClock' of type [io.micrometer.core.instrument.Clock$1] is not eligible for getting processed by all BeanPostProcessors (for example: not eligible for auto-proxying)
2026-08-17 12:47:11.964 [main] INFO  o.s.c.s.PostProcessorRegistrationDelegate$BeanPostProcessorChecker:376 - Bean 'simpleMeterRegistry' of type [io.micrometer.core.instrument.simple.SimpleMeterRegistry] is not eligible for getting processed by all BeanPostProcessors (for example: not eligible for auto-proxying)
2026-08-17 12:47:11.970 [main] INFO  o.s.c.s.PostProcessorRegistrationDelegate$BeanPostProcessorChecker:376 - Bean 'micrometerOptions' of type [io.lettuce.core.metrics.MicrometerOptions] is not eligible for getting processed by all BeanPostProcessors (for example: not eligible for auto-proxying)
2026-08-17 12:47:11.971 [main] INFO  o.s.c.s.PostProcessorRegistrationDelegate$BeanPostProcessorChecker:376 - Bean 'lettuceMetrics' of type [org.springframework.boot.actuate.autoconfigure.metrics.redis.LettuceMetricsAutoConfiguration$$Lambda/0x0000016b2149a000] is not eligible for getting processed by all BeanPostProcessors (for example: not eligible for auto-proxying)
2026-08-17 12:47:12.091 [main] INFO  o.s.c.s.PostProcessorRegistrationDelegate$BeanPostProcessorChecker:376 - Bean 'lettuceClientResources' of type [io.lettuce.core.resource.DefaultClientResources] is not eligible for getting processed by all BeanPostProcessors (for example: not eligible for auto-proxying)
2026-08-17 12:47:12.138 [main] INFO  o.s.c.s.PostProcessorRegistrationDelegate$BeanPostProcessorChecker:376 - Bean 'redisConnectionFactory' of type [org.springframework.data.redis.connection.lettuce.LettuceConnectionFactory] is not eligible for getting processed by all BeanPostProcessors (for example: not eligible for auto-proxying)
2026-08-17 12:47:12.140 [main] INFO  o.s.c.s.PostProcessorRegistrationDelegate$BeanPostProcessorChecker:376 - Bean 'shiroConfig' of type [org.jeecg.config.shiro.ShiroConfig$$EnhancerBySpringCGLIB$$7484ad72] is not eligible for getting processed by all BeanPostProcessors (for example: not eligible for auto-proxying)
2026-08-17 12:47:12.384 [main] INFO  o.s.c.s.PostProcessorRegistrationDelegate$BeanPostProcessorChecker:376 - Bean 'spring.datasource.dynamic-com.baomidou.dynamic.datasource.spring.boot.autoconfigure.DynamicDataSourceProperties' of type [com.baomidou.dynamic.datasource.spring.boot.autoconfigure.DynamicDataSourceProperties] is not eligible for getting processed by all BeanPostProcessors (for example: not eligible for auto-proxying)
2026-08-17 12:47:12.390 [main] INFO  o.s.c.s.PostProcessorRegistrationDelegate$BeanPostProcessorChecker:376 - Bean 'com.baomidou.dynamic.datasource.spring.boot.autoconfigure.DynamicDataSourceAutoConfiguration' of type [com.baomidou.dynamic.datasource.spring.boot.autoconfigure.DynamicDataSourceAutoConfiguration$$EnhancerBySpringCGLIB$$7ed6d64a] is not eligible for getting processed by all BeanPostProcessors (for example: not eligible for auto-proxying)
2026-08-17 12:47:12.397 [main] INFO  o.s.c.s.PostProcessorRegistrationDelegate$BeanPostProcessorChecker:376 - Bean 'dsProcessor' of type [com.baomidou.dynamic.datasource.processor.DsHeaderProcessor] is not eligible for getting processed by all BeanPostProcessors (for example: not eligible for auto-proxying)
2026-08-17 12:47:12.445 [main] INFO  o.s.c.s.PostProcessorRegistrationDelegate$BeanPostProcessorChecker:376 - Bean 'shiroRealm' of type [org.jeecg.config.shiro.ShiroRealm] is not eligible for getting processed by all BeanPostProcessors (for example: not eligible for auto-proxying)
2026-08-17 12:47:12.532 [main] INFO  org.jeecg.config.shiro.ShiroConfig:215 - ===============(1)创建缓存管理器RedisCacheManager
2026-08-17 12:47:12.533 [main] INFO  org.jeecg.config.shiro.ShiroConfig:233 - ===============(2)创建RedisManager,连接Redis..
2026-08-17 12:47:12.535 [main] INFO  o.s.c.s.PostProcessorRegistrationDelegate$BeanPostProcessorChecker:376 - Bean 'redisManager' of type [org.crazycake.shiro.RedisManager] is not eligible for getting processed by all BeanPostProcessors (for example: not eligible for auto-proxying)
2026-08-17 12:47:12.541 [main] INFO  o.s.c.s.PostProcessorRegistrationDelegate$BeanPostProcessorChecker:376 - Bean 'securityManager' of type [org.apache.shiro.web.mgt.DefaultWebSecurityManager] is not eligible for getting processed by all BeanPostProcessors (for example: not eligible for auto-proxying)
2026-08-17 12:47:12.564 [main] INFO  o.s.c.s.PostProcessorRegistrationDelegate$BeanPostProcessorChecker:376 - Bean 'authorizationAttributeSourceAdvisor' of type [org.apache.shiro.spring.security.interceptor.AuthorizationAttributeSourceAdvisor] is not eligible for getting processed by all BeanPostProcessors (for example: not eligible for auto-proxying)
2026-08-17 12:47:12.600 [main] INFO  o.s.c.s.PostProcessorRegistrationDelegate$BeanPostProcessorChecker:376 - Bean 'org.apache.shiro.spring.boot.autoconfigure.ShiroBeanAutoConfiguration' of type [org.apache.shiro.spring.boot.autoconfigure.ShiroBeanAutoConfiguration$$EnhancerBySpringCGLIB$$28614329] is not eligible for getting processed by all BeanPostProcessors (for example: not eligible for auto-proxying)
2026-08-17 12:47:12.604 [main] INFO  o.s.c.s.PostProcessorRegistrationDelegate$BeanPostProcessorChecker:376 - Bean 'eventBus' of type [org.apache.shiro.event.support.DefaultEventBus] is not eligible for getting processed by all BeanPostProcessors (for example: not eligible for auto-proxying)
2026-08-17 12:47:13.012 [main] INFO  o.s.boot.web.embedded.tomcat.TomcatWebServer:108 - Tomcat initialized with port(s): 8080 (http)
2026-08-17 12:47:13.020 [main] INFO  org.apache.coyote.http11.Http11NioProtocol:173 - Initializing ProtocolHandler ["http-nio-8080"]
2026-08-17 12:47:13.021 [main] INFO  org.apache.catalina.core.StandardService:173 - Starting service [Tomcat]
2026-08-17 12:47:13.021 [main] INFO  org.apache.catalina.core.StandardEngine:173 - Starting Servlet engine: [Apache Tomcat/9.0.83]
2026-08-17 12:47:13.078 [main] INFO  o.a.c.c.ContainerBase.[Tomcat].[localhost].[/psms]:173 - Initializing Spring embedded WebApplicationContext
2026-08-17 12:47:13.078 [main] INFO  o.s.b.w.s.c.ServletWebServerApplicationContext:292 - Root WebApplicationContext: initialization completed in 3125 ms
2026-08-17 12:47:13.936 [main] INFO  com.alibaba.druid.pool.DruidDataSource:1009 - {dataSource-1,master} inited
2026-08-17 12:47:13.937 [main] INFO  c.b.dynamic.datasource.DynamicRoutingDataSource:132 - dynamic-datasource - load a datasource named [master] success
2026-08-17 12:47:13.938 [main] INFO  c.b.dynamic.datasource.DynamicRoutingDataSource:237 - dynamic-datasource initial loaded [1] datasource,primary datasource named [master]
2026-08-17 12:47:14.426 [main] ERROR com.baomidou.mybatisplus.core.MybatisConfiguration:100 - mapper[org.jeecg.modules.psms.analyse.mapper.AnalyseMapper.moreNum] is ignored, because it exists, maybe from xml file
2026-08-17 12:47:14.429 [main] WARN  c.b.mybatisplus.core.metadata.TableInfoHelper:335 - Can not find table primary key in Class: "java.util.Map".
2026-08-17 12:47:15.319 [main] INFO  org.jeecg.common.modules.redis.config.RedisConfig:76 -  --- redis config init --- 
2026-08-17 12:47:16.626 [main] INFO  org.quartz.impl.StdSchedulerFactory:1220 - Using default implementation for ThreadExecutor
2026-08-17 12:47:16.628 [main] INFO  org.quartz.simpl.SimpleThreadPool:268 - Job execution threads will use class loader of thread: main
2026-08-17 12:47:16.634 [main] INFO  org.quartz.core.SchedulerSignalerImpl:61 - Initialized Scheduler Signaller of type: class org.quartz.core.SchedulerSignalerImpl
2026-08-17 12:47:16.634 [main] INFO  org.quartz.core.QuartzScheduler:229 - Quartz Scheduler v.2.3.2 created.
2026-08-17 12:47:16.635 [main] INFO  o.s.scheduling.quartz.LocalDataSourceJobStore:672 - Using db table-based data access locking (synchronization).
2026-08-17 12:47:16.636 [main] INFO  o.s.scheduling.quartz.LocalDataSourceJobStore:145 - JobStoreCMT initialized.
2026-08-17 12:47:16.637 [main] INFO  org.quartz.core.QuartzScheduler:294 - Scheduler meta-data: Quartz Scheduler (v2.3.2) 'MyScheduler' with instanceId 'DESKTOP-7A7ENNC1786942036627'
  Scheduler class: 'org.quartz.core.QuartzScheduler' - running locally.
  NOT STARTED.
  Currently in standby mode.
  Number of jobs executed: 0
  Using thread pool 'org.quartz.simpl.SimpleThreadPool' - with 10 threads.
  Using job-store 'org.springframework.scheduling.quartz.LocalDataSourceJobStore' - which supports persistence. and is clustered.

2026-08-17 12:47:16.637 [main] INFO  org.quartz.impl.StdSchedulerFactory:1374 - Quartz scheduler 'MyScheduler' initialized from an externally provided properties instance.
2026-08-17 12:47:16.637 [main] INFO  org.quartz.impl.StdSchedulerFactory:1378 - Quartz scheduler version: 2.3.2
2026-08-17 12:47:16.638 [main] INFO  org.quartz.core.QuartzScheduler:2293 - JobFactory set to: org.springframework.scheduling.quartz.SpringBeanJobFactory@270a620
2026-08-17 12:47:17.209 [main] INFO  o.j.m.jmreport.config.JimuReportConfiguration:55 -  --- Init JimuReport Config --- 
2026-08-17 12:47:17.854 [main] INFO  o.s.b.actuate.endpoint.web.EndpointLinksResolver:58 - Exposing 1 endpoint(s) beneath base path '/actuator'
2026-08-17 12:47:17.949 [main] INFO  org.jeecg.config.init.CodeGenerateDbConfig:46 -  代码生成器数据库连接，使用application.yml的DB配置 ###################
2026-08-17 12:47:17.983 [main] INFO  s.d.s.w.WebMvcPropertySourcedRequestMappingHandlerMapping:69 - Mapped URL path [/v2/api-docs] onto method [springfox.documentation.swagger2.web.Swagger2ControllerWebMvc#getDocumentation(String, HttpServletRequest)]
2026-08-17 12:47:18.055 [main] INFO  o.j.modules.jmreport.config.JmReportExecutorConfig:21 - ---创建线程池---
2026-08-17 12:47:18.274 [main] INFO  o.s.b.a.web.servlet.WelcomePageHandlerMapping:60 - Adding welcome page: class path resource [static/index.html]
2026-08-17 12:47:18.555 [main] INFO  org.apache.coyote.http11.Http11NioProtocol:173 - Starting ProtocolHandler ["http-nio-8080"]
2026-08-17 12:47:18.557 [main] WARN  o.s.b.w.s.c.AnnotationConfigServletWebServerApplicationContext:599 - Exception encountered during context initialization - cancelling refresh attempt: org.springframework.context.ApplicationContextException: Failed to start bean 'webServerStartStop'; nested exception is org.springframework.boot.web.server.PortInUseException: Port 8080 is already in use
2026-08-17 12:47:18.562 [main] INFO  o.s.scheduling.quartz.SchedulerFactoryBean:847 - Shutting down Quartz Scheduler
2026-08-17 12:47:18.562 [main] INFO  org.quartz.core.QuartzScheduler:666 - Scheduler MyScheduler_$_DESKTOP-7A7ENNC1786942036627 shutting down.
2026-08-17 12:47:18.562 [main] INFO  org.quartz.core.QuartzScheduler:585 - Scheduler MyScheduler_$_DESKTOP-7A7ENNC1786942036627 paused.
2026-08-17 12:47:18.562 [main] INFO  org.quartz.core.QuartzScheduler:740 - Scheduler MyScheduler_$_DESKTOP-7A7ENNC1786942036627 shutdown complete.
2026-08-17 12:47:18.568 [main] INFO  c.b.dynamic.datasource.DynamicRoutingDataSource:217 - dynamic-datasource start closing ....
2026-08-17 12:47:18.569 [main] INFO  com.alibaba.druid.pool.DruidDataSource:2174 - {dataSource-1} closing ...
2026-08-17 12:47:18.573 [main] INFO  com.alibaba.druid.pool.DruidDataSource:2247 - {dataSource-1} closed
2026-08-17 12:47:18.574 [main] INFO  c.b.dynamic.datasource.DynamicRoutingDataSource:221 - dynamic-datasource all closed success,bye
2026-08-17 12:47:18.584 [main] INFO  org.apache.coyote.http11.Http11NioProtocol:173 - Pausing ProtocolHandler ["http-nio-8080"]
2026-08-17 12:47:18.584 [main] INFO  org.apache.catalina.core.StandardService:173 - Stopping service [Tomcat]
2026-08-17 12:47:18.614 [main] INFO  org.apache.coyote.http11.Http11NioProtocol:173 - Stopping ProtocolHandler ["http-nio-8080"]
2026-08-17 12:47:18.615 [main] INFO  org.apache.coyote.http11.Http11NioProtocol:173 - Destroying ProtocolHandler ["http-nio-8080"]
2026-08-17 12:47:18.622 [main] INFO  o.s.b.a.l.ConditionEvaluationReportLoggingListener:136 - 

Error starting ApplicationContext. To display the conditions report re-run your application with 'debug' enabled.
2026-08-17 12:47:18.639 [main] ERROR o.s.b.diagnostics.LoggingFailureAnalysisReporter:40 - 

***************************
APPLICATION FAILED TO START
***************************

Description:

Web server failed to start. Port 8080 was already in use.

Action:

Identify and stop the process that's listening on port 8080 or configure this application to listen on another port.

2026-08-17 12:47:52.469 [background-preinit] INFO  org.hibernate.validator.internal.util.Version:21 - HV000001: Hibernate Validator 6.2.5.Final
2026-08-17 12:47:52.495 [main] INFO  org.jeecg.JeecgSystemApplication:55 - Starting JeecgSystemApplication v2.4.6 using Java 21.0.9 on DESKTOP-7A7ENNC with PID 55768 (D:\工作文档\软件工程教研室\2026\2026-2027（1）学期\软件工程技术综合实践\餐饮业油烟监控平台\后端代码\psms\jeecg-boot-module-system\target\jeecg-boot-module-system-2.4.6.jar started by HP in D:\工作文档\软件工程教研室\2026\2026-2027（1）学期\软件工程技术综合实践\餐饮业油烟监控平台\后端代码\psms\jeecg-boot-module-system\target)
2026-08-17 12:47:52.495 [main] INFO  org.jeecg.JeecgSystemApplication:638 - The following 1 profile is active: "dev"
2026-08-17 12:47:53.996 [main] INFO  o.s.d.r.config.RepositoryConfigurationDelegate:262 - Multiple Spring Data modules found, entering strict repository configuration mode
2026-08-17 12:47:53.999 [main] INFO  o.s.d.r.config.RepositoryConfigurationDelegate:132 - Bootstrapping Spring Data Redis repositories in DEFAULT mode.
2026-08-17 12:47:54.054 [main] INFO  o.s.d.r.config.RepositoryConfigurationDelegate:201 - Finished Spring Data repository scanning in 40 ms. Found 0 Redis repository interfaces.
2026-08-17 12:47:54.150 [main] INFO  o.j.minidao.auto.MinidaoAutoConfiguration:23 -  ******************* init miniDao config [ begin ] *********************** 
2026-08-17 12:47:54.150 [main] INFO  o.j.minidao.auto.MinidaoAutoConfiguration:25 -  ------ minidao.base-package ------- org.jeecg.modules.jmreport.*
2026-08-17 12:47:54.151 [main] INFO  o.j.minidao.auto.MinidaoAutoConfiguration:42 -  *******************  init miniDao config  [ end ] *********************** 
2026-08-17 12:47:54.192 [main] INFO  o.j.minidao.factory.MiniDaoClassPathMapperScanner:48 - register minidao name is { org.jeecg.modules.jmreport.desreport.dao.JimuReportDao }
2026-08-17 12:47:54.194 [main] INFO  o.j.minidao.factory.MiniDaoClassPathMapperScanner:48 - register minidao name is { org.jeecg.modules.jmreport.desreport.dao.JimuReportDataSourceDao }
2026-08-17 12:47:54.194 [main] INFO  o.j.minidao.factory.MiniDaoClassPathMapperScanner:48 - register minidao name is { org.jeecg.modules.jmreport.desreport.dao.JimuReportDbDao }
2026-08-17 12:47:54.195 [main] INFO  o.j.minidao.factory.MiniDaoClassPathMapperScanner:48 - register minidao name is { org.jeecg.modules.jmreport.desreport.dao.JimuReportDbFieldDao }
2026-08-17 12:47:54.195 [main] INFO  o.j.minidao.factory.MiniDaoClassPathMapperScanner:48 - register minidao name is { org.jeecg.modules.jmreport.desreport.dao.JimuReportDbParamDao }
2026-08-17 12:47:54.195 [main] INFO  o.j.minidao.factory.MiniDaoClassPathMapperScanner:48 - register minidao name is { org.jeecg.modules.jmreport.desreport.dao.JimuReportDictDao }
2026-08-17 12:47:54.196 [main] INFO  o.j.minidao.factory.MiniDaoClassPathMapperScanner:48 - register minidao name is { org.jeecg.modules.jmreport.desreport.dao.JimuReportDictItemDao }
2026-08-17 12:47:54.196 [main] INFO  o.j.minidao.factory.MiniDaoClassPathMapperScanner:48 - register minidao name is { org.jeecg.modules.jmreport.desreport.dao.JimuReportLinkDao }
2026-08-17 12:47:54.196 [main] INFO  o.j.minidao.factory.MiniDaoClassPathMapperScanner:48 - register minidao name is { org.jeecg.modules.jmreport.desreport.dao.JimuReportMapDao }
2026-08-17 12:47:54.197 [main] INFO  o.j.minidao.factory.MiniDaoClassPathMapperScanner:48 - register minidao name is { org.jeecg.modules.jmreport.desreport.dao.JimuReportShareDao }
2026-08-17 12:47:54.462 [main] INFO  o.s.c.s.PostProcessorRegistrationDelegate$BeanPostProcessorChecker:376 - Bean '(inner bean)#2ce86164' of type [org.jeecgframework.minidao.aop.MiniDaoHandler] is not eligible for getting processed by all BeanPostProcessors (for example: not eligible for auto-proxying)
2026-08-17 12:47:54.468 [main] INFO  o.s.c.s.PostProcessorRegistrationDelegate$BeanPostProcessorChecker:376 - Bean 'jimuReportDao' of type [org.jeecgframework.minidao.factory.MiniDaoBeanFactory] is not eligible for getting processed by all BeanPostProcessors (for example: not eligible for auto-proxying)
2026-08-17 12:47:54.469 [main] INFO  o.s.c.s.PostProcessorRegistrationDelegate$BeanPostProcessorChecker:376 - Bean '(inner bean)#2ce86164#1' of type [org.jeecgframework.minidao.aop.MiniDaoHandler] is not eligible for getting processed by all BeanPostProcessors (for example: not eligible for auto-proxying)
2026-08-17 12:47:54.470 [main] INFO  o.s.c.s.PostProcessorRegistrationDelegate$BeanPostProcessorChecker:376 - Bean 'jimuReportDataSourceDao' of type [org.jeecgframework.minidao.factory.MiniDaoBeanFactory] is not eligible for getting processed by all BeanPostProcessors (for example: not eligible for auto-proxying)
2026-08-17 12:47:54.471 [main] INFO  o.s.c.s.PostProcessorRegistrationDelegate$BeanPostProcessorChecker:376 - Bean '(inner bean)#2ce86164#2' of type [org.jeecgframework.minidao.aop.MiniDaoHandler] is not eligible for getting processed by all BeanPostProcessors (for example: not eligible for auto-proxying)
2026-08-17 12:47:54.472 [main] INFO  o.s.c.s.PostProcessorRegistrationDelegate$BeanPostProcessorChecker:376 - Bean 'jimuReportDbDao' of type [org.jeecgframework.minidao.factory.MiniDaoBeanFactory] is not eligible for getting processed by all BeanPostProcessors (for example: not eligible for auto-proxying)
2026-08-17 12:47:54.472 [main] INFO  o.s.c.s.PostProcessorRegistrationDelegate$BeanPostProcessorChecker:376 - Bean '(inner bean)#2ce86164#3' of type [org.jeecgframework.minidao.aop.MiniDaoHandler] is not eligible for getting processed by all BeanPostProcessors (for example: not eligible for auto-proxying)
2026-08-17 12:47:54.473 [main] INFO  o.s.c.s.PostProcessorRegistrationDelegate$BeanPostProcessorChecker:376 - Bean 'jimuReportDbFieldDao' of type [org.jeecgframework.minidao.factory.MiniDaoBeanFactory] is not eligible for getting processed by all BeanPostProcessors (for example: not eligible for auto-proxying)
2026-08-17 12:47:54.473 [main] INFO  o.s.c.s.PostProcessorRegistrationDelegate$BeanPostProcessorChecker:376 - Bean '(inner bean)#2ce86164#4' of type [org.jeecgframework.minidao.aop.MiniDaoHandler] is not eligible for getting processed by all BeanPostProcessors (for example: not eligible for auto-proxying)
2026-08-17 12:47:54.473 [main] INFO  o.s.c.s.PostProcessorRegistrationDelegate$BeanPostProcessorChecker:376 - Bean 'jimuReportDbParamDao' of type [org.jeecgframework.minidao.factory.MiniDaoBeanFactory] is not eligible for getting processed by all BeanPostProcessors (for example: not eligible for auto-proxying)
2026-08-17 12:47:54.475 [main] INFO  o.s.c.s.PostProcessorRegistrationDelegate$BeanPostProcessorChecker:376 - Bean '(inner bean)#2ce86164#5' of type [org.jeecgframework.minidao.aop.MiniDaoHandler] is not eligible for getting processed by all BeanPostProcessors (for example: not eligible for auto-proxying)
2026-08-17 12:47:54.475 [main] INFO  o.s.c.s.PostProcessorRegistrationDelegate$BeanPostProcessorChecker:376 - Bean 'jimuReportDictDao' of type [org.jeecgframework.minidao.factory.MiniDaoBeanFactory] is not eligible for getting processed by all BeanPostProcessors (for example: not eligible for auto-proxying)
2026-08-17 12:47:54.475 [main] INFO  o.s.c.s.PostProcessorRegistrationDelegate$BeanPostProcessorChecker:376 - Bean '(inner bean)#2ce86164#6' of type [org.jeecgframework.minidao.aop.MiniDaoHandler] is not eligible for getting processed by all BeanPostProcessors (for example: not eligible for auto-proxying)
2026-08-17 12:47:54.476 [main] INFO  o.s.c.s.PostProcessorRegistrationDelegate$BeanPostProcessorChecker:376 - Bean 'jimuReportDictItemDao' of type [org.jeecgframework.minidao.factory.MiniDaoBeanFactory] is not eligible for getting processed by all BeanPostProcessors (for example: not eligible for auto-proxying)
2026-08-17 12:47:54.477 [main] INFO  o.s.c.s.PostProcessorRegistrationDelegate$BeanPostProcessorChecker:376 - Bean '(inner bean)#2ce86164#7' of type [org.jeecgframework.minidao.aop.MiniDaoHandler] is not eligible for getting processed by all BeanPostProcessors (for example: not eligible for auto-proxying)
2026-08-17 12:47:54.477 [main] INFO  o.s.c.s.PostProcessorRegistrationDelegate$BeanPostProcessorChecker:376 - Bean 'jimuReportLinkDao' of type [org.jeecgframework.minidao.factory.MiniDaoBeanFactory] is not eligible for getting processed by all BeanPostProcessors (for example: not eligible for auto-proxying)
2026-08-17 12:47:54.478 [main] INFO  o.s.c.s.PostProcessorRegistrationDelegate$BeanPostProcessorChecker:376 - Bean '(inner bean)#2ce86164#8' of type [org.jeecgframework.minidao.aop.MiniDaoHandler] is not eligible for getting processed by all BeanPostProcessors (for example: not eligible for auto-proxying)
2026-08-17 12:47:54.479 [main] INFO  o.s.c.s.PostProcessorRegistrationDelegate$BeanPostProcessorChecker:376 - Bean 'jimuReportMapDao' of type [org.jeecgframework.minidao.factory.MiniDaoBeanFactory] is not eligible for getting processed by all BeanPostProcessors (for example: not eligible for auto-proxying)
2026-08-17 12:47:54.479 [main] INFO  o.s.c.s.PostProcessorRegistrationDelegate$BeanPostProcessorChecker:376 - Bean '(inner bean)#2ce86164#9' of type [org.jeecgframework.minidao.aop.MiniDaoHandler] is not eligible for getting processed by all BeanPostProcessors (for example: not eligible for auto-proxying)
2026-08-17 12:47:54.480 [main] INFO  o.s.c.s.PostProcessorRegistrationDelegate$BeanPostProcessorChecker:376 - Bean 'jimuReportShareDao' of type [org.jeecgframework.minidao.factory.MiniDaoBeanFactory] is not eligible for getting processed by all BeanPostProcessors (for example: not eligible for auto-proxying)
2026-08-17 12:47:54.501 [main] INFO  o.s.c.s.PostProcessorRegistrationDelegate$BeanPostProcessorChecker:376 - Bean 'spring.redis-org.springframework.boot.autoconfigure.data.redis.RedisProperties' of type [org.springframework.boot.autoconfigure.data.redis.RedisProperties] is not eligible for getting processed by all BeanPostProcessors (for example: not eligible for auto-proxying)
2026-08-17 12:47:54.506 [main] INFO  o.s.c.s.PostProcessorRegistrationDelegate$BeanPostProcessorChecker:376 - Bean 'org.springframework.boot.autoconfigure.data.redis.LettuceConnectionConfiguration' of type [org.springframework.boot.autoconfigure.data.redis.LettuceConnectionConfiguration] is not eligible for getting processed by all BeanPostProcessors (for example: not eligible for auto-proxying)
2026-08-17 12:47:54.531 [main] INFO  o.s.c.s.PostProcessorRegistrationDelegate$BeanPostProcessorChecker:376 - Bean 'org.springframework.boot.actuate.autoconfigure.metrics.redis.LettuceMetricsAutoConfiguration' of type [org.springframework.boot.actuate.autoconfigure.metrics.redis.LettuceMetricsAutoConfiguration] is not eligible for getting processed by all BeanPostProcessors (for example: not eligible for auto-proxying)
2026-08-17 12:47:54.533 [main] INFO  o.s.c.s.PostProcessorRegistrationDelegate$BeanPostProcessorChecker:376 - Bean 'org.springframework.boot.actuate.autoconfigure.metrics.export.simple.SimpleMetricsExportAutoConfiguration' of type [org.springframework.boot.actuate.autoconfigure.metrics.export.simple.SimpleMetricsExportAutoConfiguration] is not eligible for getting processed by all BeanPostProcessors (for example: not eligible for auto-proxying)
2026-08-17 12:47:54.535 [main] INFO  o.s.c.s.PostProcessorRegistrationDelegate$BeanPostProcessorChecker:376 - Bean 'management.metrics.export.simple-org.springframework.boot.actuate.autoconfigure.metrics.export.simple.SimpleProperties' of type [org.springframework.boot.actuate.autoconfigure.metrics.export.simple.SimpleProperties] is not eligible for getting processed by all BeanPostProcessors (for example: not eligible for auto-proxying)
2026-08-17 12:47:54.540 [main] INFO  o.s.c.s.PostProcessorRegistrationDelegate$BeanPostProcessorChecker:376 - Bean 'simpleConfig' of type [org.springframework.boot.actuate.autoconfigure.metrics.export.simple.SimplePropertiesConfigAdapter] is not eligible for getting processed by all BeanPostProcessors (for example: not eligible for auto-proxying)
2026-08-17 12:47:54.541 [main] INFO  o.s.c.s.PostProcessorRegistrationDelegate$BeanPostProcessorChecker:376 - Bean 'org.springframework.boot.actuate.autoconfigure.metrics.MetricsAutoConfiguration' of type [org.springframework.boot.actuate.autoconfigure.metrics.MetricsAutoConfiguration] is not eligible for getting processed by all BeanPostProcessors (for example: not eligible for auto-proxying)
2026-08-17 12:47:54.542 [main] INFO  o.s.c.s.PostProcessorRegistrationDelegate$BeanPostProcessorChecker:376 - Bean 'micrometerClock' of type [io.micrometer.core.instrument.Clock$1] is not eligible for getting processed by all BeanPostProcessors (for example: not eligible for auto-proxying)
2026-08-17 12:47:54.581 [main] INFO  o.s.c.s.PostProcessorRegistrationDelegate$BeanPostProcessorChecker:376 - Bean 'simpleMeterRegistry' of type [io.micrometer.core.instrument.simple.SimpleMeterRegistry] is not eligible for getting processed by all BeanPostProcessors (for example: not eligible for auto-proxying)
2026-08-17 12:47:54.586 [main] INFO  o.s.c.s.PostProcessorRegistrationDelegate$BeanPostProcessorChecker:376 - Bean 'micrometerOptions' of type [io.lettuce.core.metrics.MicrometerOptions] is not eligible for getting processed by all BeanPostProcessors (for example: not eligible for auto-proxying)
2026-08-17 12:47:54.587 [main] INFO  o.s.c.s.PostProcessorRegistrationDelegate$BeanPostProcessorChecker:376 - Bean 'lettuceMetrics' of type [org.springframework.boot.actuate.autoconfigure.metrics.redis.LettuceMetricsAutoConfiguration$$Lambda/0x000001db5149e000] is not eligible for getting processed by all BeanPostProcessors (for example: not eligible for auto-proxying)
2026-08-17 12:47:54.727 [main] INFO  o.s.c.s.PostProcessorRegistrationDelegate$BeanPostProcessorChecker:376 - Bean 'lettuceClientResources' of type [io.lettuce.core.resource.DefaultClientResources] is not eligible for getting processed by all BeanPostProcessors (for example: not eligible for auto-proxying)
2026-08-17 12:47:54.780 [main] INFO  o.s.c.s.PostProcessorRegistrationDelegate$BeanPostProcessorChecker:376 - Bean 'redisConnectionFactory' of type [org.springframework.data.redis.connection.lettuce.LettuceConnectionFactory] is not eligible for getting processed by all BeanPostProcessors (for example: not eligible for auto-proxying)
2026-08-17 12:47:54.782 [main] INFO  o.s.c.s.PostProcessorRegistrationDelegate$BeanPostProcessorChecker:376 - Bean 'shiroConfig' of type [org.jeecg.config.shiro.ShiroConfig$$EnhancerBySpringCGLIB$$158641c6] is not eligible for getting processed by all BeanPostProcessors (for example: not eligible for auto-proxying)
2026-08-17 12:47:55.008 [main] INFO  o.s.c.s.PostProcessorRegistrationDelegate$BeanPostProcessorChecker:376 - Bean 'spring.datasource.dynamic-com.baomidou.dynamic.datasource.spring.boot.autoconfigure.DynamicDataSourceProperties' of type [com.baomidou.dynamic.datasource.spring.boot.autoconfigure.DynamicDataSourceProperties] is not eligible for getting processed by all BeanPostProcessors (for example: not eligible for auto-proxying)
2026-08-17 12:47:55.012 [main] INFO  o.s.c.s.PostProcessorRegistrationDelegate$BeanPostProcessorChecker:376 - Bean 'com.baomidou.dynamic.datasource.spring.boot.autoconfigure.DynamicDataSourceAutoConfiguration' of type [com.baomidou.dynamic.datasource.spring.boot.autoconfigure.DynamicDataSourceAutoConfiguration$$EnhancerBySpringCGLIB$$1fd86a9e] is not eligible for getting processed by all BeanPostProcessors (for example: not eligible for auto-proxying)
2026-08-17 12:47:55.017 [main] INFO  o.s.c.s.PostProcessorRegistrationDelegate$BeanPostProcessorChecker:376 - Bean 'dsProcessor' of type [com.baomidou.dynamic.datasource.processor.DsHeaderProcessor] is not eligible for getting processed by all BeanPostProcessors (for example: not eligible for auto-proxying)
2026-08-17 12:47:55.056 [main] INFO  o.s.c.s.PostProcessorRegistrationDelegate$BeanPostProcessorChecker:376 - Bean 'shiroRealm' of type [org.jeecg.config.shiro.ShiroRealm] is not eligible for getting processed by all BeanPostProcessors (for example: not eligible for auto-proxying)
2026-08-17 12:47:55.142 [main] INFO  org.jeecg.config.shiro.ShiroConfig:215 - ===============(1)创建缓存管理器RedisCacheManager
2026-08-17 12:47:55.144 [main] INFO  org.jeecg.config.shiro.ShiroConfig:233 - ===============(2)创建RedisManager,连接Redis..
2026-08-17 12:47:55.147 [main] INFO  o.s.c.s.PostProcessorRegistrationDelegate$BeanPostProcessorChecker:376 - Bean 'redisManager' of type [org.crazycake.shiro.RedisManager] is not eligible for getting processed by all BeanPostProcessors (for example: not eligible for auto-proxying)
2026-08-17 12:47:55.151 [main] INFO  o.s.c.s.PostProcessorRegistrationDelegate$BeanPostProcessorChecker:376 - Bean 'securityManager' of type [org.apache.shiro.web.mgt.DefaultWebSecurityManager] is not eligible for getting processed by all BeanPostProcessors (for example: not eligible for auto-proxying)
2026-08-17 12:47:55.170 [main] INFO  o.s.c.s.PostProcessorRegistrationDelegate$BeanPostProcessorChecker:376 - Bean 'authorizationAttributeSourceAdvisor' of type [org.apache.shiro.spring.security.interceptor.AuthorizationAttributeSourceAdvisor] is not eligible for getting processed by all BeanPostProcessors (for example: not eligible for auto-proxying)
2026-08-17 12:47:55.198 [main] INFO  o.s.c.s.PostProcessorRegistrationDelegate$BeanPostProcessorChecker:376 - Bean 'org.apache.shiro.spring.boot.autoconfigure.ShiroBeanAutoConfiguration' of type [org.apache.shiro.spring.boot.autoconfigure.ShiroBeanAutoConfiguration$$EnhancerBySpringCGLIB$$c962d77d] is not eligible for getting processed by all BeanPostProcessors (for example: not eligible for auto-proxying)
2026-08-17 12:47:55.202 [main] INFO  o.s.c.s.PostProcessorRegistrationDelegate$BeanPostProcessorChecker:376 - Bean 'eventBus' of type [org.apache.shiro.event.support.DefaultEventBus] is not eligible for getting processed by all BeanPostProcessors (for example: not eligible for auto-proxying)
2026-08-17 12:47:55.564 [main] INFO  o.s.boot.web.embedded.tomcat.TomcatWebServer:108 - Tomcat initialized with port(s): 8080 (http)
2026-08-17 12:47:55.571 [main] INFO  org.apache.coyote.http11.Http11NioProtocol:173 - Initializing ProtocolHandler ["http-nio-8080"]
2026-08-17 12:47:55.572 [main] INFO  org.apache.catalina.core.StandardService:173 - Starting service [Tomcat]
2026-08-17 12:47:55.572 [main] INFO  org.apache.catalina.core.StandardEngine:173 - Starting Servlet engine: [Apache Tomcat/9.0.83]
2026-08-17 12:47:55.622 [main] INFO  o.a.c.c.ContainerBase.[Tomcat].[localhost].[/psms]:173 - Initializing Spring embedded WebApplicationContext
2026-08-17 12:47:55.622 [main] INFO  o.s.b.w.s.c.ServletWebServerApplicationContext:292 - Root WebApplicationContext: initialization completed in 3091 ms
2026-08-17 12:47:56.507 [main] INFO  com.alibaba.druid.pool.DruidDataSource:1009 - {dataSource-1,master} inited
2026-08-17 12:47:56.509 [main] INFO  c.b.dynamic.datasource.DynamicRoutingDataSource:132 - dynamic-datasource - load a datasource named [master] success
2026-08-17 12:47:56.511 [main] INFO  c.b.dynamic.datasource.DynamicRoutingDataSource:237 - dynamic-datasource initial loaded [1] datasource,primary datasource named [master]
2026-08-17 12:47:57.062 [main] ERROR com.baomidou.mybatisplus.core.MybatisConfiguration:100 - mapper[org.jeecg.modules.psms.analyse.mapper.AnalyseMapper.moreNum] is ignored, because it exists, maybe from xml file
2026-08-17 12:47:57.070 [main] WARN  c.b.mybatisplus.core.metadata.TableInfoHelper:335 - Can not find table primary key in Class: "java.util.Map".
2026-08-17 12:47:57.915 [main] INFO  org.jeecg.common.modules.redis.config.RedisConfig:76 -  --- redis config init --- 
2026-08-17 12:47:59.214 [main] INFO  org.quartz.impl.StdSchedulerFactory:1220 - Using default implementation for ThreadExecutor
2026-08-17 12:47:59.227 [main] INFO  org.quartz.simpl.SimpleThreadPool:268 - Job execution threads will use class loader of thread: main
2026-08-17 12:47:59.238 [main] INFO  org.quartz.core.SchedulerSignalerImpl:61 - Initialized Scheduler Signaller of type: class org.quartz.core.SchedulerSignalerImpl
2026-08-17 12:47:59.239 [main] INFO  org.quartz.core.QuartzScheduler:229 - Quartz Scheduler v.2.3.2 created.
2026-08-17 12:47:59.241 [main] INFO  o.s.scheduling.quartz.LocalDataSourceJobStore:672 - Using db table-based data access locking (synchronization).
2026-08-17 12:47:59.242 [main] INFO  o.s.scheduling.quartz.LocalDataSourceJobStore:145 - JobStoreCMT initialized.
2026-08-17 12:47:59.243 [main] INFO  org.quartz.core.QuartzScheduler:294 - Scheduler meta-data: Quartz Scheduler (v2.3.2) 'MyScheduler' with instanceId 'DESKTOP-7A7ENNC1786942079225'
  Scheduler class: 'org.quartz.core.QuartzScheduler' - running locally.
  NOT STARTED.
  Currently in standby mode.
  Number of jobs executed: 0
  Using thread pool 'org.quartz.simpl.SimpleThreadPool' - with 10 threads.
  Using job-store 'org.springframework.scheduling.quartz.LocalDataSourceJobStore' - which supports persistence. and is clustered.

2026-08-17 12:47:59.243 [main] INFO  org.quartz.impl.StdSchedulerFactory:1374 - Quartz scheduler 'MyScheduler' initialized from an externally provided properties instance.
2026-08-17 12:47:59.243 [main] INFO  org.quartz.impl.StdSchedulerFactory:1378 - Quartz scheduler version: 2.3.2
2026-08-17 12:47:59.243 [main] INFO  org.quartz.core.QuartzScheduler:2293 - JobFactory set to: org.springframework.scheduling.quartz.SpringBeanJobFactory@36068727
2026-08-17 12:47:59.907 [main] INFO  o.j.m.jmreport.config.JimuReportConfiguration:55 -  --- Init JimuReport Config --- 
2026-08-17 12:48:00.586 [main] INFO  o.s.b.actuate.endpoint.web.EndpointLinksResolver:58 - Exposing 1 endpoint(s) beneath base path '/actuator'
2026-08-17 12:48:00.686 [main] INFO  org.jeecg.config.init.CodeGenerateDbConfig:46 -  代码生成器数据库连接，使用application.yml的DB配置 ###################
2026-08-17 12:48:00.716 [main] INFO  s.d.s.w.WebMvcPropertySourcedRequestMappingHandlerMapping:69 - Mapped URL path [/v2/api-docs] onto method [springfox.documentation.swagger2.web.Swagger2ControllerWebMvc#getDocumentation(String, HttpServletRequest)]
2026-08-17 12:48:00.781 [main] INFO  o.j.modules.jmreport.config.JmReportExecutorConfig:21 - ---创建线程池---
2026-08-17 12:48:00.992 [main] INFO  o.s.b.a.web.servlet.WelcomePageHandlerMapping:60 - Adding welcome page: class path resource [static/index.html]
2026-08-17 12:48:01.270 [main] INFO  org.apache.coyote.http11.Http11NioProtocol:173 - Starting ProtocolHandler ["http-nio-8080"]
2026-08-17 12:48:01.281 [main] INFO  o.s.boot.web.embedded.tomcat.TomcatWebServer:220 - Tomcat started on port(s): 8080 (http) with context path '/psms'
2026-08-17 12:48:01.281 [main] INFO  s.d.s.web.plugins.DocumentationPluginsBootstrapper:93 - Documentation plugins bootstrapped
2026-08-17 12:48:01.283 [main] INFO  s.d.s.web.plugins.DocumentationPluginsBootstrapper:79 - Found 1 custom documentation plugin(s)
2026-08-17 12:48:01.382 [main] INFO  s.d.spring.web.scanners.ApiListingReferenceScanner:44 - Scanning for api listing references
2026-08-17 12:48:01.450 [http-nio-8080-exec-1] INFO  o.a.c.c.ContainerBase.[Tomcat].[localhost].[/psms]:173 - Initializing Spring DispatcherServlet 'dispatcherServlet'
2026-08-17 12:48:01.451 [http-nio-8080-exec-1] INFO  org.springframework.web.servlet.DispatcherServlet:525 - Initializing Servlet 'dispatcherServlet'
2026-08-17 12:48:01.452 [http-nio-8080-exec-1] INFO  org.springframework.web.servlet.DispatcherServlet:547 - Completed initialization in 1 ms
2026-08-17 12:48:01.510 [http-nio-8080-exec-1] INFO  org.jeecg.config.shiro.ShiroRealm:96 - ————————身份认证失败——————————IP地址:  0:0:0:0:0:0:0:1
2026-08-17 12:48:01.535 [http-nio-8080-exec-1] ERROR o.a.c.c.C.[.[.[/psms].[dispatcherServlet]:175 - Servlet.service() for servlet [dispatcherServlet] in context with path [/psms] threw exception [org.apache.shiro.authc.AuthenticationException: Token失效，请重新登录] with root cause
org.apache.shiro.authc.AuthenticationException: token为空!
	at org.jeecg.config.shiro.ShiroRealm.doGetAuthenticationInfo(ShiroRealm.java:97)
	at org.apache.shiro.realm.AuthenticatingRealm.getAuthenticationInfo(AuthenticatingRealm.java:571)
	at org.apache.shiro.authc.pam.ModularRealmAuthenticator.doSingleRealmAuthentication(ModularRealmAuthenticator.java:180)
	at org.apache.shiro.authc.pam.ModularRealmAuthenticator.doAuthenticate(ModularRealmAuthenticator.java:273)
	at org.apache.shiro.authc.AbstractAuthenticator.authenticate(AbstractAuthenticator.java:198)
	at org.apache.shiro.mgt.AuthenticatingSecurityManager.authenticate(AuthenticatingSecurityManager.java:106)
	at org.apache.shiro.mgt.DefaultSecurityManager.login(DefaultSecurityManager.java:275)
	at org.apache.shiro.subject.support.DelegatingSubject.login(DelegatingSubject.java:260)
	at org.jeecg.config.shiro.filters.JwtFilter.executeLogin(JwtFilter.java:70)
	at org.jeecg.config.shiro.filters.JwtFilter.isAccessAllowed(JwtFilter.java:48)
	at org.apache.shiro.web.filter.AccessControlFilter.onPreHandle(AccessControlFilter.java:162)
	at org.apache.shiro.web.filter.PathMatchingFilter.isFilterChainContinued(PathMatchingFilter.java:223)
	at org.apache.shiro.web.filter.PathMatchingFilter.preHandle(PathMatchingFilter.java:198)
	at org.jeecg.config.shiro.filters.JwtFilter.preHandle(JwtFilter.java:100)
	at org.apache.shiro.web.servlet.AdviceFilter.doFilterInternal(AdviceFilter.java:131)
	at org.apache.shiro.web.servlet.OncePerRequestFilter.doFilter(OncePerRequestFilter.java:154)
	at org.apache.shiro.web.servlet.ProxiedFilterChain.doFilter(ProxiedFilterChain.java:66)
	at org.apache.shiro.web.servlet.AdviceFilter.executeChain(AdviceFilter.java:108)
	at org.apache.shiro.web.servlet.AdviceFilter.doFilterInternal(AdviceFilter.java:137)
	at org.apache.shiro.web.servlet.OncePerRequestFilter.doFilter(OncePerRequestFilter.java:154)
	at org.apache.shiro.web.servlet.ProxiedFilterChain.doFilter(ProxiedFilterChain.java:66)
	at org.apache.shiro.web.servlet.AbstractShiroFilter.executeChain(AbstractShiroFilter.java:458)
	at org.apache.shiro.web.servlet.AbstractShiroFilter$1.call(AbstractShiroFilter.java:373)
	at org.apache.shiro.subject.support.SubjectCallable.doCall(SubjectCallable.java:90)
	at org.apache.shiro.subject.support.SubjectCallable.call(SubjectCallable.java:83)
	at org.apache.shiro.subject.support.DelegatingSubject.execute(DelegatingSubject.java:387)
	at org.apache.shiro.web.servlet.AbstractShiroFilter.doFilterInternal(AbstractShiroFilter.java:370)
	at org.apache.shiro.web.servlet.OncePerRequestFilter.doFilter(OncePerRequestFilter.java:154)
	at org.apache.catalina.core.ApplicationFilterChain.internalDoFilter(ApplicationFilterChain.java:178)
	at org.apache.catalina.core.ApplicationFilterChain.doFilter(ApplicationFilterChain.java:153)
	at org.springframework.web.filter.RequestContextFilter.doFilterInternal(RequestContextFilter.java:100)
	at org.springframework.web.filter.OncePerRequestFilter.doFilter(OncePerRequestFilter.java:117)
	at org.apache.catalina.core.ApplicationFilterChain.internalDoFilter(ApplicationFilterChain.java:178)
	at org.apache.catalina.core.ApplicationFilterChain.doFilter(ApplicationFilterChain.java:153)
	at org.springframework.web.filter.FormContentFilter.doFilterInternal(FormContentFilter.java:93)
	at org.springframework.web.filter.OncePerRequestFilter.doFilter(OncePerRequestFilter.java:117)
	at org.apache.catalina.core.ApplicationFilterChain.internalDoFilter(ApplicationFilterChain.java:178)
	at org.apache.catalina.core.ApplicationFilterChain.doFilter(ApplicationFilterChain.java:153)
	at org.springframework.boot.actuate.metrics.web.servlet.WebMvcMetricsFilter.doFilterInternal(WebMvcMetricsFilter.java:96)
	at org.springframework.web.filter.OncePerRequestFilter.doFilter(OncePerRequestFilter.java:117)
	at org.apache.catalina.core.ApplicationFilterChain.internalDoFilter(ApplicationFilterChain.java:178)
	at org.apache.catalina.core.ApplicationFilterChain.doFilter(ApplicationFilterChain.java:153)
	at org.springframework.web.filter.CharacterEncodingFilter.doFilterInternal(CharacterEncodingFilter.java:201)
	at org.springframework.web.filter.OncePerRequestFilter.doFilter(OncePerRequestFilter.java:117)
	at org.apache.catalina.core.ApplicationFilterChain.internalDoFilter(ApplicationFilterChain.java:178)
	at org.apache.catalina.core.ApplicationFilterChain.doFilter(ApplicationFilterChain.java:153)
	at org.apache.catalina.core.StandardWrapperValve.invoke(StandardWrapperValve.java:168)
	at org.apache.catalina.core.StandardContextValve.invoke(StandardContextValve.java:90)
	at org.apache.catalina.authenticator.AuthenticatorBase.invoke(AuthenticatorBase.java:481)
	at org.apache.catalina.core.StandardHostValve.invoke(StandardHostValve.java:130)
	at org.apache.catalina.valves.ErrorReportValve.invoke(ErrorReportValve.java:93)
	at org.apache.catalina.core.StandardEngineValve.invoke(StandardEngineValve.java:74)
	at org.apache.catalina.connector.CoyoteAdapter.service(CoyoteAdapter.java:342)
	at org.apache.coyote.http11.Http11Processor.service(Http11Processor.java:390)
	at org.apache.coyote.AbstractProcessorLight.process(AbstractProcessorLight.java:63)
	at org.apache.coyote.AbstractProtocol$ConnectionHandler.process(AbstractProtocol.java:928)
	at org.apache.tomcat.util.net.NioEndpoint$SocketProcessor.doRun(NioEndpoint.java:1794)
	at org.apache.tomcat.util.net.SocketProcessorBase.run(SocketProcessorBase.java:52)
	at org.apache.tomcat.util.threads.ThreadPoolExecutor.runWorker(ThreadPoolExecutor.java:1191)
	at org.apache.tomcat.util.threads.ThreadPoolExecutor$Worker.run(ThreadPoolExecutor.java:659)
	at org.apache.tomcat.util.threads.TaskThread$WrappingRunnable.run(TaskThread.java:61)
	at java.base/java.lang.Thread.run(Thread.java:1583)
2026-08-17 12:48:01.540 [http-nio-8080-exec-1] INFO  org.jeecg.config.shiro.ShiroRealm:96 - ————————身份认证失败——————————IP地址:  0:0:0:0:0:0:0:1
2026-08-17 12:48:01.541 [http-nio-8080-exec-1] ERROR o.a.c.c.C.[.[.[/psms].[dispatcherServlet]:175 - Servlet.service() for servlet [dispatcherServlet] threw exception
org.apache.shiro.authc.AuthenticationException: token为空!
	at org.jeecg.config.shiro.ShiroRealm.doGetAuthenticationInfo(ShiroRealm.java:97)
	at org.apache.shiro.realm.AuthenticatingRealm.getAuthenticationInfo(AuthenticatingRealm.java:571)
	at org.apache.shiro.authc.pam.ModularRealmAuthenticator.doSingleRealmAuthentication(ModularRealmAuthenticator.java:180)
	at org.apache.shiro.authc.pam.ModularRealmAuthenticator.doAuthenticate(ModularRealmAuthenticator.java:273)
	at org.apache.shiro.authc.AbstractAuthenticator.authenticate(AbstractAuthenticator.java:198)
	at org.apache.shiro.mgt.AuthenticatingSecurityManager.authenticate(AuthenticatingSecurityManager.java:106)
	at org.apache.shiro.mgt.DefaultSecurityManager.login(DefaultSecurityManager.java:275)
	at org.apache.shiro.subject.support.DelegatingSubject.login(DelegatingSubject.java:260)
	at org.jeecg.config.shiro.filters.JwtFilter.executeLogin(JwtFilter.java:70)
	at org.jeecg.config.shiro.filters.JwtFilter.isAccessAllowed(JwtFilter.java:48)
	at org.apache.shiro.web.filter.AccessControlFilter.onPreHandle(AccessControlFilter.java:162)
	at org.apache.shiro.web.filter.PathMatchingFilter.isFilterChainContinued(PathMatchingFilter.java:223)
	at org.apache.shiro.web.filter.PathMatchingFilter.preHandle(PathMatchingFilter.java:198)
	at org.jeecg.config.shiro.filters.JwtFilter.preHandle(JwtFilter.java:100)
	at org.apache.shiro.web.servlet.AdviceFilter.doFilterInternal(AdviceFilter.java:131)
	at org.apache.shiro.web.servlet.OncePerRequestFilter.doFilter(OncePerRequestFilter.java:154)
	at org.apache.shiro.web.servlet.ProxiedFilterChain.doFilter(ProxiedFilterChain.java:66)
	at org.apache.shiro.web.servlet.AdviceFilter.executeChain(AdviceFilter.java:108)
	at org.apache.shiro.web.servlet.AdviceFilter.doFilterInternal(AdviceFilter.java:137)
	at org.apache.shiro.web.servlet.OncePerRequestFilter.doFilter(OncePerRequestFilter.java:154)
	at org.apache.shiro.web.servlet.ProxiedFilterChain.doFilter(ProxiedFilterChain.java:66)
	at org.apache.shiro.web.servlet.AbstractShiroFilter.executeChain(AbstractShiroFilter.java:458)
	at org.apache.shiro.web.servlet.AbstractShiroFilter$1.call(AbstractShiroFilter.java:373)
	at org.apache.shiro.subject.support.SubjectCallable.doCall(SubjectCallable.java:90)
	at org.apache.shiro.subject.support.SubjectCallable.call(SubjectCallable.java:83)
	at org.apache.shiro.subject.support.DelegatingSubject.execute(DelegatingSubject.java:387)
	at org.apache.shiro.web.servlet.AbstractShiroFilter.doFilterInternal(AbstractShiroFilter.java:370)
	at org.apache.shiro.web.servlet.OncePerRequestFilter.doFilter(OncePerRequestFilter.java:154)
	at org.apache.catalina.core.ApplicationFilterChain.internalDoFilter(ApplicationFilterChain.java:178)
	at org.apache.catalina.core.ApplicationFilterChain.doFilter(ApplicationFilterChain.java:153)
	at org.springframework.web.filter.RequestContextFilter.doFilterInternal(RequestContextFilter.java:100)
	at org.springframework.web.filter.OncePerRequestFilter.doFilter(OncePerRequestFilter.java:117)
	at org.apache.catalina.core.ApplicationFilterChain.internalDoFilter(ApplicationFilterChain.java:178)
	at org.apache.catalina.core.ApplicationFilterChain.doFilter(ApplicationFilterChain.java:153)
	at org.springframework.web.filter.OncePerRequestFilter.doFilter(OncePerRequestFilter.java:102)
	at org.apache.catalina.core.ApplicationFilterChain.internalDoFilter(ApplicationFilterChain.java:178)
	at org.apache.catalina.core.ApplicationFilterChain.doFilter(ApplicationFilterChain.java:153)
	at org.springframework.web.filter.OncePerRequestFilter.doFilter(OncePerRequestFilter.java:102)
	at org.apache.catalina.core.ApplicationFilterChain.internalDoFilter(ApplicationFilterChain.java:178)
	at org.apache.catalina.core.ApplicationFilterChain.doFilter(ApplicationFilterChain.java:153)
	at org.apache.catalina.core.ApplicationDispatcher.invoke(ApplicationDispatcher.java:661)
	at org.apache.catalina.core.ApplicationDispatcher.processRequest(ApplicationDispatcher.java:427)
	at org.apache.catalina.core.ApplicationDispatcher.doForward(ApplicationDispatcher.java:357)
	at org.apache.catalina.core.ApplicationDispatcher.forward(ApplicationDispatcher.java:294)
	at org.apache.catalina.core.StandardHostValve.custom(StandardHostValve.java:377)
	at org.apache.catalina.core.StandardHostValve.status(StandardHostValve.java:237)
	at org.apache.catalina.core.StandardHostValve.throwable(StandardHostValve.java:323)
	at org.apache.catalina.core.StandardHostValve.invoke(StandardHostValve.java:164)
	at org.apache.catalina.valves.ErrorReportValve.invoke(ErrorReportValve.java:93)
	at org.apache.catalina.core.StandardEngineValve.invoke(StandardEngineValve.java:74)
	at org.apache.catalina.connector.CoyoteAdapter.service(CoyoteAdapter.java:342)
	at org.apache.coyote.http11.Http11Processor.service(Http11Processor.java:390)
	at org.apache.coyote.AbstractProcessorLight.process(AbstractProcessorLight.java:63)
	at org.apache.coyote.AbstractProtocol$ConnectionHandler.process(AbstractProtocol.java:928)
	at org.apache.tomcat.util.net.NioEndpoint$SocketProcessor.doRun(NioEndpoint.java:1794)
	at org.apache.tomcat.util.net.SocketProcessorBase.run(SocketProcessorBase.java:52)
	at org.apache.tomcat.util.threads.ThreadPoolExecutor.runWorker(ThreadPoolExecutor.java:1191)
	at org.apache.tomcat.util.threads.ThreadPoolExecutor$Worker.run(ThreadPoolExecutor.java:659)
	at org.apache.tomcat.util.threads.TaskThread$WrappingRunnable.run(TaskThread.java:61)
	at java.base/java.lang.Thread.run(Thread.java:1583)
2026-08-17 12:48:01.543 [http-nio-8080-exec-1] ERROR o.a.c.core.ContainerBase.[Tomcat].[localhost]:175 - Exception Processing ErrorPage[errorCode=0, location=/error]
javax.servlet.ServletException: org.apache.shiro.authc.AuthenticationException: Token失效，请重新登录
	at org.apache.shiro.web.servlet.AdviceFilter.cleanup(AdviceFilter.java:196)
	at org.apache.shiro.web.filter.authc.AuthenticatingFilter.cleanup(AuthenticatingFilter.java:155)
	at org.apache.shiro.web.servlet.AdviceFilter.doFilterInternal(AdviceFilter.java:148)
	at org.apache.shiro.web.servlet.OncePerRequestFilter.doFilter(OncePerRequestFilter.java:154)
	at org.apache.shiro.web.servlet.ProxiedFilterChain.doFilter(ProxiedFilterChain.java:66)
	at org.apache.shiro.web.servlet.AdviceFilter.executeChain(AdviceFilter.java:108)
	at org.apache.shiro.web.servlet.AdviceFilter.doFilterInternal(AdviceFilter.java:137)
	at org.apache.shiro.web.servlet.OncePerRequestFilter.doFilter(OncePerRequestFilter.java:154)
	at org.apache.shiro.web.servlet.ProxiedFilterChain.doFilter(ProxiedFilterChain.java:66)
	at org.apache.shiro.web.servlet.AbstractShiroFilter.executeChain(AbstractShiroFilter.java:458)
	at org.apache.shiro.web.servlet.AbstractShiroFilter$1.call(AbstractShiroFilter.java:373)
	at org.apache.shiro.subject.support.SubjectCallable.doCall(SubjectCallable.java:90)
	at org.apache.shiro.subject.support.SubjectCallable.call(SubjectCallable.java:83)
	at org.apache.shiro.subject.support.DelegatingSubject.execute(DelegatingSubject.java:387)
	at org.apache.shiro.web.servlet.AbstractShiroFilter.doFilterInternal(AbstractShiroFilter.java:370)
	at org.apache.shiro.web.servlet.OncePerRequestFilter.doFilter(OncePerRequestFilter.java:154)
	at org.apache.catalina.core.ApplicationFilterChain.internalDoFilter(ApplicationFilterChain.java:178)
	at org.apache.catalina.core.ApplicationFilterChain.doFilter(ApplicationFilterChain.java:153)
	at org.springframework.web.filter.RequestContextFilter.doFilterInternal(RequestContextFilter.java:100)
	at org.springframework.web.filter.OncePerRequestFilter.doFilter(OncePerRequestFilter.java:117)
	at org.apache.catalina.core.ApplicationFilterChain.internalDoFilter(ApplicationFilterChain.java:178)
	at org.apache.catalina.core.ApplicationFilterChain.doFilter(ApplicationFilterChain.java:153)
	at org.springframework.web.filter.OncePerRequestFilter.doFilter(OncePerRequestFilter.java:102)
	at org.apache.catalina.core.ApplicationFilterChain.internalDoFilter(ApplicationFilterChain.java:178)
	at org.apache.catalina.core.ApplicationFilterChain.doFilter(ApplicationFilterChain.java:153)
	at org.springframework.web.filter.OncePerRequestFilter.doFilter(OncePerRequestFilter.java:102)
	at org.apache.catalina.core.ApplicationFilterChain.internalDoFilter(ApplicationFilterChain.java:178)
	at org.apache.catalina.core.ApplicationFilterChain.doFilter(ApplicationFilterChain.java:153)
	at org.apache.catalina.core.ApplicationDispatcher.invoke(ApplicationDispatcher.java:661)
	at org.apache.catalina.core.ApplicationDispatcher.processRequest(ApplicationDispatcher.java:427)
	at org.apache.catalina.core.ApplicationDispatcher.doForward(ApplicationDispatcher.java:357)
	at org.apache.catalina.core.ApplicationDispatcher.forward(ApplicationDispatcher.java:294)
	at org.apache.catalina.core.StandardHostValve.custom(StandardHostValve.java:377)
	at org.apache.catalina.core.StandardHostValve.status(StandardHostValve.java:237)
	at org.apache.catalina.core.StandardHostValve.throwable(StandardHostValve.java:323)
	at org.apache.catalina.core.StandardHostValve.invoke(StandardHostValve.java:164)
	at org.apache.catalina.valves.ErrorReportValve.invoke(ErrorReportValve.java:93)
	at org.apache.catalina.core.StandardEngineValve.invoke(StandardEngineValve.java:74)
	at org.apache.catalina.connector.CoyoteAdapter.service(CoyoteAdapter.java:342)
	at org.apache.coyote.http11.Http11Processor.service(Http11Processor.java:390)
	at org.apache.coyote.AbstractProcessorLight.process(AbstractProcessorLight.java:63)
	at org.apache.coyote.AbstractProtocol$ConnectionHandler.process(AbstractProtocol.java:928)
	at org.apache.tomcat.util.net.NioEndpoint$SocketProcessor.doRun(NioEndpoint.java:1794)
	at org.apache.tomcat.util.net.SocketProcessorBase.run(SocketProcessorBase.java:52)
	at org.apache.tomcat.util.threads.ThreadPoolExecutor.runWorker(ThreadPoolExecutor.java:1191)
	at org.apache.tomcat.util.threads.ThreadPoolExecutor$Worker.run(ThreadPoolExecutor.java:659)
	at org.apache.tomcat.util.threads.TaskThread$WrappingRunnable.run(TaskThread.java:61)
	at java.base/java.lang.Thread.run(Thread.java:1583)
Caused by: org.apache.shiro.authc.AuthenticationException: Token失效，请重新登录
	at org.jeecg.config.shiro.filters.JwtFilter.isAccessAllowed(JwtFilter.java:51)
	at org.apache.shiro.web.filter.AccessControlFilter.onPreHandle(AccessControlFilter.java:162)
	at org.apache.shiro.web.filter.PathMatchingFilter.isFilterChainContinued(PathMatchingFilter.java:223)
	at org.apache.shiro.web.filter.PathMatchingFilter.preHandle(PathMatchingFilter.java:198)
	at org.jeecg.config.shiro.filters.JwtFilter.preHandle(JwtFilter.java:100)
	at org.apache.shiro.web.servlet.AdviceFilter.doFilterInternal(AdviceFilter.java:131)
	... 45 common frames omitted
Caused by: org.apache.shiro.authc.AuthenticationException: token为空!
	at org.jeecg.config.shiro.ShiroRealm.doGetAuthenticationInfo(ShiroRealm.java:97)
	at org.apache.shiro.realm.AuthenticatingRealm.getAuthenticationInfo(AuthenticatingRealm.java:571)
	at org.apache.shiro.authc.pam.ModularRealmAuthenticator.doSingleRealmAuthentication(ModularRealmAuthenticator.java:180)
	at org.apache.shiro.authc.pam.ModularRealmAuthenticator.doAuthenticate(ModularRealmAuthenticator.java:273)
	at org.apache.shiro.authc.AbstractAuthenticator.authenticate(AbstractAuthenticator.java:198)
	at org.apache.shiro.mgt.AuthenticatingSecurityManager.authenticate(AuthenticatingSecurityManager.java:106)
	at org.apache.shiro.mgt.DefaultSecurityManager.login(DefaultSecurityManager.java:275)
	at org.apache.shiro.subject.support.DelegatingSubject.login(DelegatingSubject.java:260)
	at org.jeecg.config.shiro.filters.JwtFilter.executeLogin(JwtFilter.java:70)
	at org.jeecg.config.shiro.filters.JwtFilter.isAccessAllowed(JwtFilter.java:48)
	... 50 common frames omitted
2026-08-17 12:48:01.598 [main] INFO  s.d.s.w.r.operation.CachingOperationNameGenerator:41 - Generating unique operation named: addUsingPOST_1
2026-08-17 12:48:01.599 [main] INFO  s.d.s.w.r.operation.CachingOperationNameGenerator:41 - Generating unique operation named: deleteUsingDELETE_1
2026-08-17 12:48:01.600 [main] INFO  s.d.s.w.r.operation.CachingOperationNameGenerator:41 - Generating unique operation named: deleteBatchUsingDELETE_1
2026-08-17 12:48:01.600 [main] INFO  s.d.s.w.r.operation.CachingOperationNameGenerator:41 - Generating unique operation named: editUsingPUT_1
2026-08-17 12:48:01.602 [main] INFO  s.d.s.w.r.operation.CachingOperationNameGenerator:41 - Generating unique operation named: queryByIdUsingGET_1
2026-08-17 12:48:01.604 [main] INFO  s.d.s.w.r.operation.CachingOperationNameGenerator:41 - Generating unique operation named: queryPageListUsingGET_1
2026-08-17 12:48:01.609 [main] INFO  s.d.s.w.r.operation.CachingOperationNameGenerator:41 - Generating unique operation named: addUsingPOST_2
2026-08-17 12:48:01.610 [main] INFO  s.d.s.w.r.operation.CachingOperationNameGenerator:41 - Generating unique operation named: deleteUsingDELETE_2
2026-08-17 12:48:01.611 [main] INFO  s.d.s.w.r.operation.CachingOperationNameGenerator:41 - Generating unique operation named: deleteBatchUsingDELETE_2
2026-08-17 12:48:01.612 [main] INFO  s.d.s.w.r.operation.CachingOperationNameGenerator:41 - Generating unique operation named: editUsingPUT_2
2026-08-17 12:48:01.613 [main] INFO  s.d.s.w.r.operation.CachingOperationNameGenerator:41 - Generating unique operation named: queryByIdUsingGET_2
2026-08-17 12:48:01.616 [main] INFO  s.d.s.w.r.operation.CachingOperationNameGenerator:41 - Generating unique operation named: queryPageListUsingGET_2
2026-08-17 12:48:01.621 [main] INFO  s.d.s.w.r.operation.CachingOperationNameGenerator:41 - Generating unique operation named: addUsingPOST_3
2026-08-17 12:48:01.622 [main] INFO  s.d.s.w.r.operation.CachingOperationNameGenerator:41 - Generating unique operation named: deleteUsingDELETE_3
2026-08-17 12:48:01.623 [main] INFO  s.d.s.w.r.operation.CachingOperationNameGenerator:41 - Generating unique operation named: deleteBatchUsingDELETE_3
2026-08-17 12:48:01.624 [main] INFO  s.d.s.w.r.operation.CachingOperationNameGenerator:41 - Generating unique operation named: editUsingPUT_3
2026-08-17 12:48:01.625 [main] INFO  s.d.s.w.r.operation.CachingOperationNameGenerator:41 - Generating unique operation named: queryByIdUsingGET_3
2026-08-17 12:48:01.628 [main] INFO  s.d.s.w.r.operation.CachingOperationNameGenerator:41 - Generating unique operation named: queryPageListUsingGET_3
2026-08-17 12:48:01.632 [main] INFO  s.d.s.w.r.operation.CachingOperationNameGenerator:41 - Generating unique operation named: queryPageListUsingGET_4
2026-08-17 12:48:01.639 [main] INFO  s.d.s.w.r.operation.CachingOperationNameGenerator:41 - Generating unique operation named: addUsingPOST_4
2026-08-17 12:48:01.640 [main] INFO  s.d.s.w.r.operation.CachingOperationNameGenerator:41 - Generating unique operation named: deleteUsingDELETE_4
2026-08-17 12:48:01.641 [main] INFO  s.d.s.w.r.operation.CachingOperationNameGenerator:41 - Generating unique operation named: deleteBatchUsingDELETE_4
2026-08-17 12:48:01.642 [main] INFO  s.d.s.w.r.operation.CachingOperationNameGenerator:41 - Generating unique operation named: editUsingPUT_4
2026-08-17 12:48:01.643 [main] INFO  s.d.s.w.r.operation.CachingOperationNameGenerator:41 - Generating unique operation named: queryByIdUsingGET_4
2026-08-17 12:48:01.644 [main] INFO  s.d.s.w.r.operation.CachingOperationNameGenerator:41 - Generating unique operation named: queryPageListUsingGET_5
2026-08-17 12:48:01.653 [main] INFO  s.d.s.w.r.operation.CachingOperationNameGenerator:41 - Generating unique operation named: addUsingPOST_5
2026-08-17 12:48:01.654 [main] INFO  s.d.s.w.r.operation.CachingOperationNameGenerator:41 - Generating unique operation named: deleteUsingDELETE_5
2026-08-17 12:48:01.655 [main] INFO  s.d.s.w.r.operation.CachingOperationNameGenerator:41 - Generating unique operation named: deleteBatchUsingDELETE_5
2026-08-17 12:48:01.656 [main] INFO  s.d.s.w.r.operation.CachingOperationNameGenerator:41 - Generating unique operation named: editUsingPUT_5
2026-08-17 12:48:01.656 [main] INFO  s.d.s.w.r.operation.CachingOperationNameGenerator:41 - Generating unique operation named: queryByIdUsingGET_5
2026-08-17 12:48:01.659 [main] INFO  s.d.s.w.r.operation.CachingOperationNameGenerator:41 - Generating unique operation named: queryPageListUsingGET_6
2026-08-17 12:48:01.662 [main] INFO  s.d.s.w.r.operation.CachingOperationNameGenerator:41 - Generating unique operation named: addUsingPOST_6
2026-08-17 12:48:01.663 [main] INFO  s.d.s.w.r.operation.CachingOperationNameGenerator:41 - Generating unique operation named: deleteUsingDELETE_6
2026-08-17 12:48:01.664 [main] INFO  s.d.s.w.r.operation.CachingOperationNameGenerator:41 - Generating unique operation named: deleteBatchUsingDELETE_6
2026-08-17 12:48:01.665 [main] INFO  s.d.s.w.r.operation.CachingOperationNameGenerator:41 - Generating unique operation named: editUsingPUT_6
2026-08-17 12:48:01.665 [main] INFO  s.d.s.w.r.operation.CachingOperationNameGenerator:41 - Generating unique operation named: queryByIdUsingGET_6
2026-08-17 12:48:01.668 [main] INFO  s.d.s.w.r.operation.CachingOperationNameGenerator:41 - Generating unique operation named: queryPageListUsingGET_7
2026-08-17 12:48:01.694 [main] INFO  s.d.s.w.r.operation.CachingOperationNameGenerator:41 - Generating unique operation named: addUsingPOST_7
2026-08-17 12:48:01.695 [main] INFO  s.d.s.w.r.operation.CachingOperationNameGenerator:41 - Generating unique operation named: deleteUsingDELETE_7
2026-08-17 12:48:01.696 [main] INFO  s.d.s.w.r.operation.CachingOperationNameGenerator:41 - Generating unique operation named: deleteBatchUsingDELETE_7
2026-08-17 12:48:01.698 [main] INFO  s.d.s.w.r.operation.CachingOperationNameGenerator:41 - Generating unique operation named: editUsingPUT_7
2026-08-17 12:48:01.698 [main] INFO  s.d.s.w.r.operation.CachingOperationNameGenerator:41 - Generating unique operation named: queryByIdUsingGET_7
2026-08-17 12:48:01.699 [main] INFO  s.d.s.w.r.operation.CachingOperationNameGenerator:41 - Generating unique operation named: queryPageListUsingGET_8
2026-08-17 12:48:01.702 [main] INFO  s.d.s.w.r.operation.CachingOperationNameGenerator:41 - Generating unique operation named: companyCountUsingGET_1
2026-08-17 12:48:01.705 [main] INFO  s.d.s.w.r.operation.CachingOperationNameGenerator:41 - Generating unique operation named: addUsingPOST_8
2026-08-17 12:48:01.706 [main] INFO  s.d.s.w.r.operation.CachingOperationNameGenerator:41 - Generating unique operation named: deleteUsingDELETE_8
2026-08-17 12:48:01.707 [main] INFO  s.d.s.w.r.operation.CachingOperationNameGenerator:41 - Generating unique operation named: deleteBatchUsingDELETE_8
2026-08-17 12:48:01.708 [main] INFO  s.d.s.w.r.operation.CachingOperationNameGenerator:41 - Generating unique operation named: editUsingPUT_8
2026-08-17 12:48:01.709 [main] INFO  s.d.s.w.r.operation.CachingOperationNameGenerator:41 - Generating unique operation named: queryByIdUsingGET_8
2026-08-17 12:48:01.712 [main] INFO  s.d.s.w.r.operation.CachingOperationNameGenerator:41 - Generating unique operation named: queryPageListUsingGET_9
2026-08-17 12:48:01.718 [main] INFO  s.d.s.w.r.operation.CachingOperationNameGenerator:41 - Generating unique operation named: queryPageListUsingGET_10
2026-08-17 12:48:01.726 [main] INFO  s.d.s.w.r.operation.CachingOperationNameGenerator:41 - Generating unique operation named: getLabelUsingGET_1
2026-08-17 12:48:02.065 [main] INFO  o.s.scheduling.quartz.SchedulerFactoryBean:729 - Starting Quartz Scheduler now
2026-08-17 12:48:02.171 [main] INFO  o.s.scheduling.quartz.LocalDataSourceJobStore:3644 - ClusterManager: detected 1 failed or restarted instances.
2026-08-17 12:48:02.171 [main] INFO  o.s.scheduling.quartz.LocalDataSourceJobStore:3503 - ClusterManager: Scanning for instance "DESKTOP-7A7ENNC1786941706754"'s failed in-progress jobs.
2026-08-17 12:48:02.175 [main] INFO  org.quartz.core.QuartzScheduler:547 - Scheduler MyScheduler_$_DESKTOP-7A7ENNC1786942079225 started.
2026-08-17 12:48:02.191 [main] INFO  org.jeecg.JeecgSystemApplication:61 - Started JeecgSystemApplication in 10.314 seconds (JVM running for 10.915)
2026-08-17 12:48:02.197 [main] INFO  org.jeecg.JeecgSystemApplication:42 - 
----------------------------------------------------------
	Application Jeecg-Boot is running! Access URLs:
	Local: 		http://localhost:8080/psms/
	External: 	http://10.7.82.34:8080/psms/
	Swagger文档: 	http://10.7.82.34:8080/psms/doc.html
----------------------------------------------------------
2026-08-17 12:48:04.625 [http-nio-8080-exec-2] INFO  org.jeecg.config.shiro.ShiroRealm:96 - ————————身份认证失败——————————IP地址:  0:0:0:0:0:0:0:1
2026-08-17 12:48:04.625 [http-nio-8080-exec-2] ERROR o.a.c.c.C.[.[.[/psms].[dispatcherServlet]:175 - Servlet.service() for servlet [dispatcherServlet] in context with path [/psms] threw exception [org.apache.shiro.authc.AuthenticationException: Token失效，请重新登录] with root cause
org.apache.shiro.authc.AuthenticationException: token为空!
	at org.jeecg.config.shiro.ShiroRealm.doGetAuthenticationInfo(ShiroRealm.java:97)
	at org.apache.shiro.realm.AuthenticatingRealm.getAuthenticationInfo(AuthenticatingRealm.java:571)
	at org.apache.shiro.authc.pam.ModularRealmAuthenticator.doSingleRealmAuthentication(ModularRealmAuthenticator.java:180)
	at org.apache.shiro.authc.pam.ModularRealmAuthenticator.doAuthenticate(ModularRealmAuthenticator.java:273)
	at org.apache.shiro.authc.AbstractAuthenticator.authenticate(AbstractAuthenticator.java:198)
	at org.apache.shiro.mgt.AuthenticatingSecurityManager.authenticate(AuthenticatingSecurityManager.java:106)
	at org.apache.shiro.mgt.DefaultSecurityManager.login(DefaultSecurityManager.java:275)
	at org.apache.shiro.subject.support.DelegatingSubject.login(DelegatingSubject.java:260)
	at org.jeecg.config.shiro.filters.JwtFilter.executeLogin(JwtFilter.java:70)
	at org.jeecg.config.shiro.filters.JwtFilter.isAccessAllowed(JwtFilter.java:48)
	at org.apache.shiro.web.filter.AccessControlFilter.onPreHandle(AccessControlFilter.java:162)
	at org.apache.shiro.web.filter.PathMatchingFilter.isFilterChainContinued(PathMatchingFilter.java:223)
	at org.apache.shiro.web.filter.PathMatchingFilter.preHandle(PathMatchingFilter.java:198)
	at org.jeecg.config.shiro.filters.JwtFilter.preHandle(JwtFilter.java:100)
	at org.apache.shiro.web.servlet.AdviceFilter.doFilterInternal(AdviceFilter.java:131)
	at org.apache.shiro.web.servlet.OncePerRequestFilter.doFilter(OncePerRequestFilter.java:154)
	at org.apache.shiro.web.servlet.ProxiedFilterChain.doFilter(ProxiedFilterChain.java:66)
	at org.apache.shiro.web.servlet.AdviceFilter.executeChain(AdviceFilter.java:108)
	at org.apache.shiro.web.servlet.AdviceFilter.doFilterInternal(AdviceFilter.java:137)
	at org.apache.shiro.web.servlet.OncePerRequestFilter.doFilter(OncePerRequestFilter.java:154)
	at org.apache.shiro.web.servlet.ProxiedFilterChain.doFilter(ProxiedFilterChain.java:66)
	at org.apache.shiro.web.servlet.AbstractShiroFilter.executeChain(AbstractShiroFilter.java:458)
	at org.apache.shiro.web.servlet.AbstractShiroFilter$1.call(AbstractShiroFilter.java:373)
	at org.apache.shiro.subject.support.SubjectCallable.doCall(SubjectCallable.java:90)
	at org.apache.shiro.subject.support.SubjectCallable.call(SubjectCallable.java:83)
	at org.apache.shiro.subject.support.DelegatingSubject.execute(DelegatingSubject.java:387)
	at org.apache.shiro.web.servlet.AbstractShiroFilter.doFilterInternal(AbstractShiroFilter.java:370)
	at org.apache.shiro.web.servlet.OncePerRequestFilter.doFilter(OncePerRequestFilter.java:154)
	at org.apache.catalina.core.ApplicationFilterChain.internalDoFilter(ApplicationFilterChain.java:178)
	at org.apache.catalina.core.ApplicationFilterChain.doFilter(ApplicationFilterChain.java:153)
	at org.springframework.web.filter.RequestContextFilter.doFilterInternal(RequestContextFilter.java:100)
	at org.springframework.web.filter.OncePerRequestFilter.doFilter(OncePerRequestFilter.java:117)
	at org.apache.catalina.core.ApplicationFilterChain.internalDoFilter(ApplicationFilterChain.java:178)
	at org.apache.catalina.core.ApplicationFilterChain.doFilter(ApplicationFilterChain.java:153)
	at org.springframework.web.filter.FormContentFilter.doFilterInternal(FormContentFilter.java:93)
	at org.springframework.web.filter.OncePerRequestFilter.doFilter(OncePerRequestFilter.java:117)
	at org.apache.catalina.core.ApplicationFilterChain.internalDoFilter(ApplicationFilterChain.java:178)
	at org.apache.catalina.core.ApplicationFilterChain.doFilter(ApplicationFilterChain.java:153)
	at org.springframework.boot.actuate.metrics.web.servlet.WebMvcMetricsFilter.doFilterInternal(WebMvcMetricsFilter.java:96)
	at org.springframework.web.filter.OncePerRequestFilter.doFilter(OncePerRequestFilter.java:117)
	at org.apache.catalina.core.ApplicationFilterChain.internalDoFilter(ApplicationFilterChain.java:178)
	at org.apache.catalina.core.ApplicationFilterChain.doFilter(ApplicationFilterChain.java:153)
	at org.springframework.web.filter.CharacterEncodingFilter.doFilterInternal(CharacterEncodingFilter.java:201)
	at org.springframework.web.filter.OncePerRequestFilter.doFilter(OncePerRequestFilter.java:117)
	at org.apache.catalina.core.ApplicationFilterChain.internalDoFilter(ApplicationFilterChain.java:178)
	at org.apache.catalina.core.ApplicationFilterChain.doFilter(ApplicationFilterChain.java:153)
	at org.apache.catalina.core.StandardWrapperValve.invoke(StandardWrapperValve.java:168)
	at org.apache.catalina.core.StandardContextValve.invoke(StandardContextValve.java:90)
	at org.apache.catalina.authenticator.AuthenticatorBase.invoke(AuthenticatorBase.java:481)
	at org.apache.catalina.core.StandardHostValve.invoke(StandardHostValve.java:130)
	at org.apache.catalina.valves.ErrorReportValve.invoke(ErrorReportValve.java:93)
	at org.apache.catalina.core.StandardEngineValve.invoke(StandardEngineValve.java:74)
	at org.apache.catalina.connector.CoyoteAdapter.service(CoyoteAdapter.java:342)
	at org.apache.coyote.http11.Http11Processor.service(Http11Processor.java:390)
	at org.apache.coyote.AbstractProcessorLight.process(AbstractProcessorLight.java:63)
	at org.apache.coyote.AbstractProtocol$ConnectionHandler.process(AbstractProtocol.java:928)
	at org.apache.tomcat.util.net.NioEndpoint$SocketProcessor.doRun(NioEndpoint.java:1794)
	at org.apache.tomcat.util.net.SocketProcessorBase.run(SocketProcessorBase.java:52)
	at org.apache.tomcat.util.threads.ThreadPoolExecutor.runWorker(ThreadPoolExecutor.java:1191)
	at org.apache.tomcat.util.threads.ThreadPoolExecutor$Worker.run(ThreadPoolExecutor.java:659)
	at org.apache.tomcat.util.threads.TaskThread$WrappingRunnable.run(TaskThread.java:61)
	at java.base/java.lang.Thread.run(Thread.java:1583)
2026-08-17 12:48:04.626 [http-nio-8080-exec-2] INFO  org.jeecg.config.shiro.ShiroRealm:96 - ————————身份认证失败——————————IP地址:  0:0:0:0:0:0:0:1
2026-08-17 12:48:04.626 [http-nio-8080-exec-2] ERROR o.a.c.c.C.[.[.[/psms].[dispatcherServlet]:175 - Servlet.service() for servlet [dispatcherServlet] threw exception
org.apache.shiro.authc.AuthenticationException: token为空!
	at org.jeecg.config.shiro.ShiroRealm.doGetAuthenticationInfo(ShiroRealm.java:97)
	at org.apache.shiro.realm.AuthenticatingRealm.getAuthenticationInfo(AuthenticatingRealm.java:571)
	at org.apache.shiro.authc.pam.ModularRealmAuthenticator.doSingleRealmAuthentication(ModularRealmAuthenticator.java:180)
	at org.apache.shiro.authc.pam.ModularRealmAuthenticator.doAuthenticate(ModularRealmAuthenticator.java:273)
	at org.apache.shiro.authc.AbstractAuthenticator.authenticate(AbstractAuthenticator.java:198)
	at org.apache.shiro.mgt.AuthenticatingSecurityManager.authenticate(AuthenticatingSecurityManager.java:106)
	at org.apache.shiro.mgt.DefaultSecurityManager.login(DefaultSecurityManager.java:275)
	at org.apache.shiro.subject.support.DelegatingSubject.login(DelegatingSubject.java:260)
	at org.jeecg.config.shiro.filters.JwtFilter.executeLogin(JwtFilter.java:70)
	at org.jeecg.config.shiro.filters.JwtFilter.isAccessAllowed(JwtFilter.java:48)
	at org.apache.shiro.web.filter.AccessControlFilter.onPreHandle(AccessControlFilter.java:162)
	at org.apache.shiro.web.filter.PathMatchingFilter.isFilterChainContinued(PathMatchingFilter.java:223)
	at org.apache.shiro.web.filter.PathMatchingFilter.preHandle(PathMatchingFilter.java:198)
	at org.jeecg.config.shiro.filters.JwtFilter.preHandle(JwtFilter.java:100)
	at org.apache.shiro.web.servlet.AdviceFilter.doFilterInternal(AdviceFilter.java:131)
	at org.apache.shiro.web.servlet.OncePerRequestFilter.doFilter(OncePerRequestFilter.java:154)
	at org.apache.shiro.web.servlet.ProxiedFilterChain.doFilter(ProxiedFilterChain.java:66)
	at org.apache.shiro.web.servlet.AdviceFilter.executeChain(AdviceFilter.java:108)
	at org.apache.shiro.web.servlet.AdviceFilter.doFilterInternal(AdviceFilter.java:137)
	at org.apache.shiro.web.servlet.OncePerRequestFilter.doFilter(OncePerRequestFilter.java:154)
	at org.apache.shiro.web.servlet.ProxiedFilterChain.doFilter(ProxiedFilterChain.java:66)
	at org.apache.shiro.web.servlet.AbstractShiroFilter.executeChain(AbstractShiroFilter.java:458)
	at org.apache.shiro.web.servlet.AbstractShiroFilter$1.call(AbstractShiroFilter.java:373)
	at org.apache.shiro.subject.support.SubjectCallable.doCall(SubjectCallable.java:90)
	at org.apache.shiro.subject.support.SubjectCallable.call(SubjectCallable.java:83)
	at org.apache.shiro.subject.support.DelegatingSubject.execute(DelegatingSubject.java:387)
	at org.apache.shiro.web.servlet.AbstractShiroFilter.doFilterInternal(AbstractShiroFilter.java:370)
	at org.apache.shiro.web.servlet.OncePerRequestFilter.doFilter(OncePerRequestFilter.java:154)
	at org.apache.catalina.core.ApplicationFilterChain.internalDoFilter(ApplicationFilterChain.java:178)
	at org.apache.catalina.core.ApplicationFilterChain.doFilter(ApplicationFilterChain.java:153)
	at org.springframework.web.filter.RequestContextFilter.doFilterInternal(RequestContextFilter.java:100)
	at org.springframework.web.filter.OncePerRequestFilter.doFilter(OncePerRequestFilter.java:117)
	at org.apache.catalina.core.ApplicationFilterChain.internalDoFilter(ApplicationFilterChain.java:178)
	at org.apache.catalina.core.ApplicationFilterChain.doFilter(ApplicationFilterChain.java:153)
	at org.springframework.web.filter.OncePerRequestFilter.doFilter(OncePerRequestFilter.java:102)
	at org.apache.catalina.core.ApplicationFilterChain.internalDoFilter(ApplicationFilterChain.java:178)
	at org.apache.catalina.core.ApplicationFilterChain.doFilter(ApplicationFilterChain.java:153)
	at org.springframework.web.filter.OncePerRequestFilter.doFilter(OncePerRequestFilter.java:102)
	at org.apache.catalina.core.ApplicationFilterChain.internalDoFilter(ApplicationFilterChain.java:178)
	at org.apache.catalina.core.ApplicationFilterChain.doFilter(ApplicationFilterChain.java:153)
	at org.apache.catalina.core.ApplicationDispatcher.invoke(ApplicationDispatcher.java:661)
	at org.apache.catalina.core.ApplicationDispatcher.processRequest(ApplicationDispatcher.java:427)
	at org.apache.catalina.core.ApplicationDispatcher.doForward(ApplicationDispatcher.java:357)
	at org.apache.catalina.core.ApplicationDispatcher.forward(ApplicationDispatcher.java:294)
	at org.apache.catalina.core.StandardHostValve.custom(StandardHostValve.java:377)
	at org.apache.catalina.core.StandardHostValve.status(StandardHostValve.java:237)
	at org.apache.catalina.core.StandardHostValve.throwable(StandardHostValve.java:323)
	at org.apache.catalina.core.StandardHostValve.invoke(StandardHostValve.java:164)
	at org.apache.catalina.valves.ErrorReportValve.invoke(ErrorReportValve.java:93)
	at org.apache.catalina.core.StandardEngineValve.invoke(StandardEngineValve.java:74)
	at org.apache.catalina.connector.CoyoteAdapter.service(CoyoteAdapter.java:342)
	at org.apache.coyote.http11.Http11Processor.service(Http11Processor.java:390)
	at org.apache.coyote.AbstractProcessorLight.process(AbstractProcessorLight.java:63)
	at org.apache.coyote.AbstractProtocol$ConnectionHandler.process(AbstractProtocol.java:928)
	at org.apache.tomcat.util.net.NioEndpoint$SocketProcessor.doRun(NioEndpoint.java:1794)
	at org.apache.tomcat.util.net.SocketProcessorBase.run(SocketProcessorBase.java:52)
	at org.apache.tomcat.util.threads.ThreadPoolExecutor.runWorker(ThreadPoolExecutor.java:1191)
	at org.apache.tomcat.util.threads.ThreadPoolExecutor$Worker.run(ThreadPoolExecutor.java:659)
	at org.apache.tomcat.util.threads.TaskThread$WrappingRunnable.run(TaskThread.java:61)
	at java.base/java.lang.Thread.run(Thread.java:1583)
2026-08-17 12:48:04.626 [http-nio-8080-exec-2] ERROR o.a.c.core.ContainerBase.[Tomcat].[localhost]:175 - Exception Processing ErrorPage[errorCode=0, location=/error]
javax.servlet.ServletException: org.apache.shiro.authc.AuthenticationException: Token失效，请重新登录
	at org.apache.shiro.web.servlet.AdviceFilter.cleanup(AdviceFilter.java:196)
	at org.apache.shiro.web.filter.authc.AuthenticatingFilter.cleanup(AuthenticatingFilter.java:155)
	at org.apache.shiro.web.servlet.AdviceFilter.doFilterInternal(AdviceFilter.java:148)
	at org.apache.shiro.web.servlet.OncePerRequestFilter.doFilter(OncePerRequestFilter.java:154)
	at org.apache.shiro.web.servlet.ProxiedFilterChain.doFilter(ProxiedFilterChain.java:66)
	at org.apache.shiro.web.servlet.AdviceFilter.executeChain(AdviceFilter.java:108)
	at org.apache.shiro.web.servlet.AdviceFilter.doFilterInternal(AdviceFilter.java:137)
	at org.apache.shiro.web.servlet.OncePerRequestFilter.doFilter(OncePerRequestFilter.java:154)
	at org.apache.shiro.web.servlet.ProxiedFilterChain.doFilter(ProxiedFilterChain.java:66)
	at org.apache.shiro.web.servlet.AbstractShiroFilter.executeChain(AbstractShiroFilter.java:458)
	at org.apache.shiro.web.servlet.AbstractShiroFilter$1.call(AbstractShiroFilter.java:373)
	at org.apache.shiro.subject.support.SubjectCallable.doCall(SubjectCallable.java:90)
	at org.apache.shiro.subject.support.SubjectCallable.call(SubjectCallable.java:83)
	at org.apache.shiro.subject.support.DelegatingSubject.execute(DelegatingSubject.java:387)
	at org.apache.shiro.web.servlet.AbstractShiroFilter.doFilterInternal(AbstractShiroFilter.java:370)
	at org.apache.shiro.web.servlet.OncePerRequestFilter.doFilter(OncePerRequestFilter.java:154)
	at org.apache.catalina.core.ApplicationFilterChain.internalDoFilter(ApplicationFilterChain.java:178)
	at org.apache.catalina.core.ApplicationFilterChain.doFilter(ApplicationFilterChain.java:153)
	at org.springframework.web.filter.RequestContextFilter.doFilterInternal(RequestContextFilter.java:100)
	at org.springframework.web.filter.OncePerRequestFilter.doFilter(OncePerRequestFilter.java:117)
	at org.apache.catalina.core.ApplicationFilterChain.internalDoFilter(ApplicationFilterChain.java:178)
	at org.apache.catalina.core.ApplicationFilterChain.doFilter(ApplicationFilterChain.java:153)
	at org.springframework.web.filter.OncePerRequestFilter.doFilter(OncePerRequestFilter.java:102)
	at org.apache.catalina.core.ApplicationFilterChain.internalDoFilter(ApplicationFilterChain.java:178)
	at org.apache.catalina.core.ApplicationFilterChain.doFilter(ApplicationFilterChain.java:153)
	at org.springframework.web.filter.OncePerRequestFilter.doFilter(OncePerRequestFilter.java:102)
	at org.apache.catalina.core.ApplicationFilterChain.internalDoFilter(ApplicationFilterChain.java:178)
	at org.apache.catalina.core.ApplicationFilterChain.doFilter(ApplicationFilterChain.java:153)
	at org.apache.catalina.core.ApplicationDispatcher.invoke(ApplicationDispatcher.java:661)
	at org.apache.catalina.core.ApplicationDispatcher.processRequest(ApplicationDispatcher.java:427)
	at org.apache.catalina.core.ApplicationDispatcher.doForward(ApplicationDispatcher.java:357)
	at org.apache.catalina.core.ApplicationDispatcher.forward(ApplicationDispatcher.java:294)
	at org.apache.catalina.core.StandardHostValve.custom(StandardHostValve.java:377)
	at org.apache.catalina.core.StandardHostValve.status(StandardHostValve.java:237)
	at org.apache.catalina.core.StandardHostValve.throwable(StandardHostValve.java:323)
	at org.apache.catalina.core.StandardHostValve.invoke(StandardHostValve.java:164)
	at org.apache.catalina.valves.ErrorReportValve.invoke(ErrorReportValve.java:93)
	at org.apache.catalina.core.StandardEngineValve.invoke(StandardEngineValve.java:74)
	at org.apache.catalina.connector.CoyoteAdapter.service(CoyoteAdapter.java:342)
	at org.apache.coyote.http11.Http11Processor.service(Http11Processor.java:390)
	at org.apache.coyote.AbstractProcessorLight.process(AbstractProcessorLight.java:63)
	at org.apache.coyote.AbstractProtocol$ConnectionHandler.process(AbstractProtocol.java:928)
	at org.apache.tomcat.util.net.NioEndpoint$SocketProcessor.doRun(NioEndpoint.java:1794)
	at org.apache.tomcat.util.net.SocketProcessorBase.run(SocketProcessorBase.java:52)
	at org.apache.tomcat.util.threads.ThreadPoolExecutor.runWorker(ThreadPoolExecutor.java:1191)
	at org.apache.tomcat.util.threads.ThreadPoolExecutor$Worker.run(ThreadPoolExecutor.java:659)
	at org.apache.tomcat.util.threads.TaskThread$WrappingRunnable.run(TaskThread.java:61)
	at java.base/java.lang.Thread.run(Thread.java:1583)
Caused by: org.apache.shiro.authc.AuthenticationException: Token失效，请重新登录
	at org.jeecg.config.shiro.filters.JwtFilter.isAccessAllowed(JwtFilter.java:51)
	at org.apache.shiro.web.filter.AccessControlFilter.onPreHandle(AccessControlFilter.java:162)
	at org.apache.shiro.web.filter.PathMatchingFilter.isFilterChainContinued(PathMatchingFilter.java:223)
	at org.apache.shiro.web.filter.PathMatchingFilter.preHandle(PathMatchingFilter.java:198)
	at org.jeecg.config.shiro.filters.JwtFilter.preHandle(JwtFilter.java:100)
	at org.apache.shiro.web.servlet.AdviceFilter.doFilterInternal(AdviceFilter.java:131)
	... 45 common frames omitted
Caused by: org.apache.shiro.authc.AuthenticationException: token为空!
	at org.jeecg.config.shiro.ShiroRealm.doGetAuthenticationInfo(ShiroRealm.java:97)
	at org.apache.shiro.realm.AuthenticatingRealm.getAuthenticationInfo(AuthenticatingRealm.java:571)
	at org.apache.shiro.authc.pam.ModularRealmAuthenticator.doSingleRealmAuthentication(ModularRealmAuthenticator.java:180)
	at org.apache.shiro.authc.pam.ModularRealmAuthenticator.doAuthenticate(ModularRealmAuthenticator.java:273)
	at org.apache.shiro.authc.AbstractAuthenticator.authenticate(AbstractAuthenticator.java:198)
	at org.apache.shiro.mgt.AuthenticatingSecurityManager.authenticate(AuthenticatingSecurityManager.java:106)
	at org.apache.shiro.mgt.DefaultSecurityManager.login(DefaultSecurityManager.java:275)
	at org.apache.shiro.subject.support.DelegatingSubject.login(DelegatingSubject.java:260)
	at org.jeecg.config.shiro.filters.JwtFilter.executeLogin(JwtFilter.java:70)
	at org.jeecg.config.shiro.filters.JwtFilter.isAccessAllowed(JwtFilter.java:48)
	... 50 common frames omitted
2026-08-17 12:49:14.217 [http-nio-8080-exec-3] ERROR druid.sql.Statement:148 - {conn-10004, pstmt-20018} execute error. SELECT id, username, realname, password, salt, avatar, birthday, sex, email, phone, org_code, status, del_flag, work_no, post, telephone, create_by, create_time, update_by, update_time, activiti_sync, user_identity, depart_ids, rel_tenant_ids, client_id, fid_region, manufacturer_code FROM sys_user WHERE del_flag = 0 AND (username = ?)
java.sql.SQLSyntaxErrorException: Unknown column 'fid_region' in 'field list'
	at com.mysql.cj.jdbc.exceptions.SQLError.createSQLException(SQLError.java:121)
	at com.mysql.cj.jdbc.exceptions.SQLExceptionsMapping.translateException(SQLExceptionsMapping.java:122)
	at com.mysql.cj.jdbc.ClientPreparedStatement.executeInternal(ClientPreparedStatement.java:916)
	at com.mysql.cj.jdbc.ClientPreparedStatement.execute(ClientPreparedStatement.java:354)
	at com.alibaba.druid.filter.FilterChainImpl.preparedStatement_execute(FilterChainImpl.java:3446)
	at com.alibaba.druid.filter.FilterEventAdapter.preparedStatement_execute(FilterEventAdapter.java:434)
	at com.alibaba.druid.filter.FilterChainImpl.preparedStatement_execute(FilterChainImpl.java:3444)
	at com.alibaba.druid.wall.WallFilter.preparedStatement_execute(WallFilter.java:639)
	at com.alibaba.druid.filter.FilterChainImpl.preparedStatement_execute(FilterChainImpl.java:3444)
	at com.alibaba.druid.filter.FilterEventAdapter.preparedStatement_execute(FilterEventAdapter.java:434)
	at com.alibaba.druid.filter.FilterChainImpl.preparedStatement_execute(FilterChainImpl.java:3444)
	at com.alibaba.druid.proxy.jdbc.PreparedStatementProxyImpl.execute(PreparedStatementProxyImpl.java:158)
	at com.alibaba.druid.pool.DruidPooledPreparedStatement.execute(DruidPooledPreparedStatement.java:483)
	at org.apache.ibatis.executor.statement.PreparedStatementHandler.query(PreparedStatementHandler.java:64)
	at org.apache.ibatis.executor.statement.RoutingStatementHandler.query(RoutingStatementHandler.java:79)
	at java.base/jdk.internal.reflect.DirectMethodHandleAccessor.invoke(DirectMethodHandleAccessor.java:103)
	at java.base/java.lang.reflect.Method.invoke(Method.java:580)
	at org.apache.ibatis.plugin.Plugin.invoke(Plugin.java:64)
	at jdk.proxy2/jdk.proxy2.$Proxy394.query(Unknown Source)
	at org.apache.ibatis.executor.SimpleExecutor.doQuery(SimpleExecutor.java:63)
	at org.apache.ibatis.executor.BaseExecutor.queryFromDatabase(BaseExecutor.java:325)
	at org.apache.ibatis.executor.BaseExecutor.query(BaseExecutor.java:156)
	at org.apache.ibatis.executor.CachingExecutor.query(CachingExecutor.java:109)
	at java.base/jdk.internal.reflect.DirectMethodHandleAccessor.invoke(DirectMethodHandleAccessor.java:103)
	at java.base/java.lang.reflect.Method.invoke(Method.java:580)
	at org.apache.ibatis.plugin.Plugin.invoke(Plugin.java:64)
	at jdk.proxy2/jdk.proxy2.$Proxy393.query(Unknown Source)
	at com.baomidou.mybatisplus.extension.plugins.MybatisPlusInterceptor.intercept(MybatisPlusInterceptor.java:81)
	at org.apache.ibatis.plugin.Plugin.invoke(Plugin.java:62)
	at jdk.proxy2/jdk.proxy2.$Proxy393.query(Unknown Source)
	at org.apache.ibatis.session.defaults.DefaultSqlSession.selectList(DefaultSqlSession.java:151)
	at org.apache.ibatis.session.defaults.DefaultSqlSession.selectList(DefaultSqlSession.java:145)
	at org.apache.ibatis.session.defaults.DefaultSqlSession.selectList(DefaultSqlSession.java:140)
	at org.apache.ibatis.session.defaults.DefaultSqlSession.selectOne(DefaultSqlSession.java:76)
	at java.base/jdk.internal.reflect.DirectMethodHandleAccessor.invoke(DirectMethodHandleAccessor.java:103)
	at java.base/java.lang.reflect.Method.invoke(Method.java:580)
	at org.mybatis.spring.SqlSessionTemplate$SqlSessionInterceptor.invoke(SqlSessionTemplate.java:427)
	at jdk.proxy2/jdk.proxy2.$Proxy137.selectOne(Unknown Source)
	at org.mybatis.spring.SqlSessionTemplate.selectOne(SqlSessionTemplate.java:160)
	at com.baomidou.mybatisplus.core.override.MybatisMapperMethod.execute(MybatisMapperMethod.java:89)
	at com.baomidou.mybatisplus.core.override.MybatisMapperProxy$PlainMethodInvoker.invoke(MybatisMapperProxy.java:148)
	at com.baomidou.mybatisplus.core.override.MybatisMapperProxy.invoke(MybatisMapperProxy.java:89)
	at jdk.proxy2/jdk.proxy2.$Proxy139.selectOne(Unknown Source)
	at com.baomidou.mybatisplus.extension.service.impl.ServiceImpl.getOne(ServiceImpl.java:202)
	at com.baomidou.mybatisplus.extension.service.IService.getOne(IService.java:229)
	at com.baomidou.mybatisplus.extension.service.IService$$FastClassBySpringCGLIB$$f8525d18.invoke(<generated>)
	at org.springframework.cglib.proxy.MethodProxy.invoke(MethodProxy.java:218)
	at org.springframework.aop.framework.CglibAopProxy.invokeMethod(CglibAopProxy.java:386)
	at org.springframework.aop.framework.CglibAopProxy.access$000(CglibAopProxy.java:85)
	at org.springframework.aop.framework.CglibAopProxy$DynamicAdvisedInterceptor.intercept(CglibAopProxy.java:703)
	at org.jeecg.modules.system.service.impl.SysUserServiceImpl$$EnhancerBySpringCGLIB$$f55eed5c.getOne(<generated>)
	at org.jeecg.modules.system.controller.LoginController.login2(LoginController.java:133)
	at org.jeecg.modules.system.controller.LoginController$$FastClassBySpringCGLIB$$b307ab61.invoke(<generated>)
	at org.springframework.cglib.proxy.MethodProxy.invoke(MethodProxy.java:218)
	at org.springframework.aop.framework.CglibAopProxy$CglibMethodInvocation.invokeJoinpoint(CglibAopProxy.java:792)
	at org.springframework.aop.framework.ReflectiveMethodInvocation.proceed(ReflectiveMethodInvocation.java:163)
	at org.springframework.aop.framework.CglibAopProxy$CglibMethodInvocation.proceed(CglibAopProxy.java:762)
	at org.springframework.aop.aspectj.MethodInvocationProceedingJoinPoint.proceed(MethodInvocationProceedingJoinPoint.java:89)
	at org.jeecg.common.aspect.DictAspect.doAround(DictAspect.java:54)
	at java.base/jdk.internal.reflect.DirectMethodHandleAccessor.invoke(DirectMethodHandleAccessor.java:103)
	at java.base/java.lang.reflect.Method.invoke(Method.java:580)
	at org.springframework.aop.aspectj.AbstractAspectJAdvice.invokeAdviceMethodWithGivenArgs(AbstractAspectJAdvice.java:634)
	at org.springframework.aop.aspectj.AbstractAspectJAdvice.invokeAdviceMethod(AbstractAspectJAdvice.java:624)
	at org.springframework.aop.aspectj.AspectJAroundAdvice.invoke(AspectJAroundAdvice.java:72)
	at org.springframework.aop.framework.ReflectiveMethodInvocation.proceed(ReflectiveMethodInvocation.java:186)
	at org.springframework.aop.framework.CglibAopProxy$CglibMethodInvocation.proceed(CglibAopProxy.java:762)
	at org.springframework.cache.interceptor.CacheInterceptor.lambda$invoke$0(CacheInterceptor.java:54)
	at org.springframework.cache.interceptor.CacheAspectSupport.invokeOperation(CacheAspectSupport.java:366)
	at org.springframework.cache.interceptor.CacheAspectSupport.execute(CacheAspectSupport.java:420)
	at org.springframework.cache.interceptor.CacheAspectSupport.execute(CacheAspectSupport.java:345)
	at org.springframework.cache.interceptor.CacheInterceptor.invoke(CacheInterceptor.java:64)
	at org.springframework.aop.framework.ReflectiveMethodInvocation.proceed(ReflectiveMethodInvocation.java:186)
	at org.springframework.aop.framework.CglibAopProxy$CglibMethodInvocation.proceed(CglibAopProxy.java:762)
	at org.springframework.aop.interceptor.ExposeInvocationInterceptor.invoke(ExposeInvocationInterceptor.java:97)
	at org.springframework.aop.framework.ReflectiveMethodInvocation.proceed(ReflectiveMethodInvocation.java:186)
	at org.springframework.aop.framework.CglibAopProxy$CglibMethodInvocation.proceed(CglibAopProxy.java:762)
	at org.springframework.aop.framework.CglibAopProxy$DynamicAdvisedInterceptor.intercept(CglibAopProxy.java:707)
	at org.jeecg.modules.system.controller.LoginController$$EnhancerBySpringCGLIB$$6622d7e2.login2(<generated>)
	at java.base/jdk.internal.reflect.DirectMethodHandleAccessor.invoke(DirectMethodHandleAccessor.java:103)
	at java.base/java.lang.reflect.Method.invoke(Method.java:580)
	at org.springframework.web.method.support.InvocableHandlerMethod.doInvoke(InvocableHandlerMethod.java:205)
	at org.springframework.web.method.support.InvocableHandlerMethod.invokeForRequest(InvocableHandlerMethod.java:150)
	at org.springframework.web.servlet.mvc.method.annotation.ServletInvocableHandlerMethod.invokeAndHandle(ServletInvocableHandlerMethod.java:117)
	at org.springframework.web.servlet.mvc.method.annotation.RequestMappingHandlerAdapter.invokeHandlerMethod(RequestMappingHandlerAdapter.java:895)
	at org.springframework.web.servlet.mvc.method.annotation.RequestMappingHandlerAdapter.handleInternal(RequestMappingHandlerAdapter.java:808)
	at org.springframework.web.servlet.mvc.method.AbstractHandlerMethodAdapter.handle(AbstractHandlerMethodAdapter.java:87)
	at org.springframework.web.servlet.DispatcherServlet.doDispatch(DispatcherServlet.java:1072)
	at org.springframework.web.servlet.DispatcherServlet.doService(DispatcherServlet.java:965)
	at org.springframework.web.servlet.FrameworkServlet.processRequest(FrameworkServlet.java:1006)
	at org.springframework.web.servlet.FrameworkServlet.doPost(FrameworkServlet.java:909)
	at javax.servlet.http.HttpServlet.service(HttpServlet.java:555)
	at org.springframework.web.servlet.FrameworkServlet.service(FrameworkServlet.java:883)
	at javax.servlet.http.HttpServlet.service(HttpServlet.java:623)
	at org.apache.catalina.core.ApplicationFilterChain.internalDoFilter(ApplicationFilterChain.java:209)
	at org.apache.catalina.core.ApplicationFilterChain.doFilter(ApplicationFilterChain.java:153)
	at org.apache.tomcat.websocket.server.WsFilter.doFilter(WsFilter.java:51)
	at org.apache.catalina.core.ApplicationFilterChain.internalDoFilter(ApplicationFilterChain.java:178)
	at org.apache.catalina.core.ApplicationFilterChain.doFilter(ApplicationFilterChain.java:153)
	at org.springframework.web.filter.CorsFilter.doFilterInternal(CorsFilter.java:91)
	at org.springframework.web.filter.OncePerRequestFilter.doFilter(OncePerRequestFilter.java:117)
	at org.apache.catalina.core.ApplicationFilterChain.internalDoFilter(ApplicationFilterChain.java:178)
	at org.apache.catalina.core.ApplicationFilterChain.doFilter(ApplicationFilterChain.java:153)
	at com.alibaba.druid.support.http.WebStatFilter.doFilter(WebStatFilter.java:114)
	at org.apache.catalina.core.ApplicationFilterChain.internalDoFilter(ApplicationFilterChain.java:178)
	at org.apache.catalina.core.ApplicationFilterChain.doFilter(ApplicationFilterChain.java:153)
	at org.springframework.boot.actuate.web.trace.servlet.HttpTraceFilter.doFilterInternal(HttpTraceFilter.java:88)
	at org.springframework.web.filter.OncePerRequestFilter.doFilter(OncePerRequestFilter.java:117)
	at org.apache.catalina.core.ApplicationFilterChain.internalDoFilter(ApplicationFilterChain.java:178)
	at org.apache.catalina.core.ApplicationFilterChain.doFilter(ApplicationFilterChain.java:153)
	at org.apache.shiro.web.servlet.ProxiedFilterChain.doFilter(ProxiedFilterChain.java:61)
	at org.apache.shiro.web.servlet.AdviceFilter.executeChain(AdviceFilter.java:108)
	at org.apache.shiro.web.servlet.AdviceFilter.doFilterInternal(AdviceFilter.java:137)
	at org.apache.shiro.web.servlet.OncePerRequestFilter.doFilter(OncePerRequestFilter.java:154)
	at org.apache.shiro.web.servlet.ProxiedFilterChain.doFilter(ProxiedFilterChain.java:66)
	at org.apache.shiro.web.servlet.AdviceFilter.executeChain(AdviceFilter.java:108)
	at org.apache.shiro.web.servlet.AdviceFilter.doFilterInternal(AdviceFilter.java:137)
	at org.apache.shiro.web.servlet.OncePerRequestFilter.doFilter(OncePerRequestFilter.java:154)
	at org.apache.shiro.web.servlet.ProxiedFilterChain.doFilter(ProxiedFilterChain.java:66)
	at org.apache.shiro.web.servlet.AbstractShiroFilter.executeChain(AbstractShiroFilter.java:458)
	at org.apache.shiro.web.servlet.AbstractShiroFilter$1.call(AbstractShiroFilter.java:373)
	at org.apache.shiro.subject.support.SubjectCallable.doCall(SubjectCallable.java:90)
	at org.apache.shiro.subject.support.SubjectCallable.call(SubjectCallable.java:83)
	at org.apache.shiro.subject.support.DelegatingSubject.execute(DelegatingSubject.java:387)
	at org.apache.shiro.web.servlet.AbstractShiroFilter.doFilterInternal(AbstractShiroFilter.java:370)
	at org.apache.shiro.web.servlet.OncePerRequestFilter.doFilter(OncePerRequestFilter.java:154)
	at org.apache.catalina.core.ApplicationFilterChain.internalDoFilter(ApplicationFilterChain.java:178)
	at org.apache.catalina.core.ApplicationFilterChain.doFilter(ApplicationFilterChain.java:153)
	at org.springframework.web.filter.RequestContextFilter.doFilterInternal(RequestContextFilter.java:100)
	at org.springframework.web.filter.OncePerRequestFilter.doFilter(OncePerRequestFilter.java:117)
	at org.apache.catalina.core.ApplicationFilterChain.internalDoFilter(ApplicationFilterChain.java:178)
	at org.apache.catalina.core.ApplicationFilterChain.doFilter(ApplicationFilterChain.java:153)
	at org.springframework.web.filter.FormContentFilter.doFilterInternal(FormContentFilter.java:93)
	at org.springframework.web.filter.OncePerRequestFilter.doFilter(OncePerRequestFilter.java:117)
	at org.apache.catalina.core.ApplicationFilterChain.internalDoFilter(ApplicationFilterChain.java:178)
	at org.apache.catalina.core.ApplicationFilterChain.doFilter(ApplicationFilterChain.java:153)
	at org.springframework.boot.actuate.metrics.web.servlet.WebMvcMetricsFilter.doFilterInternal(WebMvcMetricsFilter.java:96)
	at org.springframework.web.filter.OncePerRequestFilter.doFilter(OncePerRequestFilter.java:117)
	at org.apache.catalina.core.ApplicationFilterChain.internalDoFilter(ApplicationFilterChain.java:178)
	at org.apache.catalina.core.ApplicationFilterChain.doFilter(ApplicationFilterChain.java:153)
	at org.springframework.web.filter.CharacterEncodingFilter.doFilterInternal(CharacterEncodingFilter.java:201)
	at org.springframework.web.filter.OncePerRequestFilter.doFilter(OncePerRequestFilter.java:117)
	at org.apache.catalina.core.ApplicationFilterChain.internalDoFilter(ApplicationFilterChain.java:178)
	at org.apache.catalina.core.ApplicationFilterChain.doFilter(ApplicationFilterChain.java:153)
	at org.apache.catalina.core.StandardWrapperValve.invoke(StandardWrapperValve.java:168)
	at org.apache.catalina.core.StandardContextValve.invoke(StandardContextValve.java:90)
	at org.apache.catalina.authenticator.AuthenticatorBase.invoke(AuthenticatorBase.java:481)
	at org.apache.catalina.core.StandardHostValve.invoke(StandardHostValve.java:130)
	at org.apache.catalina.valves.ErrorReportValve.invoke(ErrorReportValve.java:93)
	at org.apache.catalina.core.StandardEngineValve.invoke(StandardEngineValve.java:74)
	at org.apache.catalina.connector.CoyoteAdapter.service(CoyoteAdapter.java:342)
	at org.apache.coyote.http11.Http11Processor.service(Http11Processor.java:390)
	at org.apache.coyote.AbstractProcessorLight.process(AbstractProcessorLight.java:63)
	at org.apache.coyote.AbstractProtocol$ConnectionHandler.process(AbstractProtocol.java:928)
	at org.apache.tomcat.util.net.NioEndpoint$SocketProcessor.doRun(NioEndpoint.java:1794)
	at org.apache.tomcat.util.net.SocketProcessorBase.run(SocketProcessorBase.java:52)
	at org.apache.tomcat.util.threads.ThreadPoolExecutor.runWorker(ThreadPoolExecutor.java:1191)
	at org.apache.tomcat.util.threads.ThreadPoolExecutor$Worker.run(ThreadPoolExecutor.java:659)
	at org.apache.tomcat.util.threads.TaskThread$WrappingRunnable.run(TaskThread.java:61)
	at java.base/java.lang.Thread.run(Thread.java:1583)
2026-08-17 12:49:14.242 [http-nio-8080-exec-3] ERROR o.jeecg.common.exception.JeecgBootExceptionHandler:57 - 
### Error querying database.  Cause: java.sql.SQLSyntaxErrorException: Unknown column 'fid_region' in 'field list'
### The error may exist in org/jeecg/modules/system/mapper/SysUserMapper.java (best guess)
### The error may involve defaultParameterMap
### The error occurred while setting parameters
### SQL: SELECT id, username, realname, password, salt, avatar, birthday, sex, email, phone, org_code, status, del_flag, work_no, post, telephone, create_by, create_time, update_by, update_time, activiti_sync, user_identity, depart_ids, rel_tenant_ids, client_id, fid_region, manufacturer_code FROM sys_user WHERE del_flag = 0 AND (username = ?)
### Cause: java.sql.SQLSyntaxErrorException: Unknown column 'fid_region' in 'field list'
; bad SQL grammar []; nested exception is java.sql.SQLSyntaxErrorException: Unknown column 'fid_region' in 'field list'
org.springframework.jdbc.BadSqlGrammarException: 
### Error querying database.  Cause: java.sql.SQLSyntaxErrorException: Unknown column 'fid_region' in 'field list'
### The error may exist in org/jeecg/modules/system/mapper/SysUserMapper.java (best guess)
### The error may involve defaultParameterMap
### The error occurred while setting parameters
### SQL: SELECT id, username, realname, password, salt, avatar, birthday, sex, email, phone, org_code, status, del_flag, work_no, post, telephone, create_by, create_time, update_by, update_time, activiti_sync, user_identity, depart_ids, rel_tenant_ids, client_id, fid_region, manufacturer_code FROM sys_user WHERE del_flag = 0 AND (username = ?)
### Cause: java.sql.SQLSyntaxErrorException: Unknown column 'fid_region' in 'field list'
; bad SQL grammar []; nested exception is java.sql.SQLSyntaxErrorException: Unknown column 'fid_region' in 'field list'
	at org.springframework.jdbc.support.SQLErrorCodeSQLExceptionTranslator.doTranslate(SQLErrorCodeSQLExceptionTranslator.java:236)
	at org.springframework.jdbc.support.AbstractFallbackSQLExceptionTranslator.translate(AbstractFallbackSQLExceptionTranslator.java:73)
	at org.mybatis.spring.MyBatisExceptionTranslator.translateExceptionIfPossible(MyBatisExceptionTranslator.java:91)
	at org.mybatis.spring.SqlSessionTemplate$SqlSessionInterceptor.invoke(SqlSessionTemplate.java:441)
	at jdk.proxy2/jdk.proxy2.$Proxy137.selectOne(Unknown Source)
	at org.mybatis.spring.SqlSessionTemplate.selectOne(SqlSessionTemplate.java:160)
	at com.baomidou.mybatisplus.core.override.MybatisMapperMethod.execute(MybatisMapperMethod.java:89)
	at com.baomidou.mybatisplus.core.override.MybatisMapperProxy$PlainMethodInvoker.invoke(MybatisMapperProxy.java:148)
	at com.baomidou.mybatisplus.core.override.MybatisMapperProxy.invoke(MybatisMapperProxy.java:89)
	at jdk.proxy2/jdk.proxy2.$Proxy139.selectOne(Unknown Source)
	at com.baomidou.mybatisplus.extension.service.impl.ServiceImpl.getOne(ServiceImpl.java:202)
	at com.baomidou.mybatisplus.extension.service.IService.getOne(IService.java:229)
	at com.baomidou.mybatisplus.extension.service.IService$$FastClassBySpringCGLIB$$f8525d18.invoke(<generated>)
	at org.springframework.cglib.proxy.MethodProxy.invoke(MethodProxy.java:218)
	at org.springframework.aop.framework.CglibAopProxy.invokeMethod(CglibAopProxy.java:386)
	at org.springframework.aop.framework.CglibAopProxy.access$000(CglibAopProxy.java:85)
	at org.springframework.aop.framework.CglibAopProxy$DynamicAdvisedInterceptor.intercept(CglibAopProxy.java:703)
	at org.jeecg.modules.system.service.impl.SysUserServiceImpl$$EnhancerBySpringCGLIB$$f55eed5c.getOne(<generated>)
	at org.jeecg.modules.system.controller.LoginController.login2(LoginController.java:133)
	at org.jeecg.modules.system.controller.LoginController$$FastClassBySpringCGLIB$$b307ab61.invoke(<generated>)
	at org.springframework.cglib.proxy.MethodProxy.invoke(MethodProxy.java:218)
	at org.springframework.aop.framework.CglibAopProxy$CglibMethodInvocation.invokeJoinpoint(CglibAopProxy.java:792)
	at org.springframework.aop.framework.ReflectiveMethodInvocation.proceed(ReflectiveMethodInvocation.java:163)
	at org.springframework.aop.framework.CglibAopProxy$CglibMethodInvocation.proceed(CglibAopProxy.java:762)
	at org.springframework.aop.aspectj.MethodInvocationProceedingJoinPoint.proceed(MethodInvocationProceedingJoinPoint.java:89)
	at org.jeecg.common.aspect.DictAspect.doAround(DictAspect.java:54)
	at java.base/jdk.internal.reflect.DirectMethodHandleAccessor.invoke(DirectMethodHandleAccessor.java:103)
	at java.base/java.lang.reflect.Method.invoke(Method.java:580)
	at org.springframework.aop.aspectj.AbstractAspectJAdvice.invokeAdviceMethodWithGivenArgs(AbstractAspectJAdvice.java:634)
	at org.springframework.aop.aspectj.AbstractAspectJAdvice.invokeAdviceMethod(AbstractAspectJAdvice.java:624)
	at org.springframework.aop.aspectj.AspectJAroundAdvice.invoke(AspectJAroundAdvice.java:72)
	at org.springframework.aop.framework.ReflectiveMethodInvocation.proceed(ReflectiveMethodInvocation.java:186)
	at org.springframework.aop.framework.CglibAopProxy$CglibMethodInvocation.proceed(CglibAopProxy.java:762)
	at org.springframework.cache.interceptor.CacheInterceptor.lambda$invoke$0(CacheInterceptor.java:54)
	at org.springframework.cache.interceptor.CacheAspectSupport.invokeOperation(CacheAspectSupport.java:366)
	at org.springframework.cache.interceptor.CacheAspectSupport.execute(CacheAspectSupport.java:420)
	at org.springframework.cache.interceptor.CacheAspectSupport.execute(CacheAspectSupport.java:345)
	at org.springframework.cache.interceptor.CacheInterceptor.invoke(CacheInterceptor.java:64)
	at org.springframework.aop.framework.ReflectiveMethodInvocation.proceed(ReflectiveMethodInvocation.java:186)
	at org.springframework.aop.framework.CglibAopProxy$CglibMethodInvocation.proceed(CglibAopProxy.java:762)
	at org.springframework.aop.interceptor.ExposeInvocationInterceptor.invoke(ExposeInvocationInterceptor.java:97)
	at org.springframework.aop.framework.ReflectiveMethodInvocation.proceed(ReflectiveMethodInvocation.java:186)
	at org.springframework.aop.framework.CglibAopProxy$CglibMethodInvocation.proceed(CglibAopProxy.java:762)
	at org.springframework.aop.framework.CglibAopProxy$DynamicAdvisedInterceptor.intercept(CglibAopProxy.java:707)
	at org.jeecg.modules.system.controller.LoginController$$EnhancerBySpringCGLIB$$6622d7e2.login2(<generated>)
	at java.base/jdk.internal.reflect.DirectMethodHandleAccessor.invoke(DirectMethodHandleAccessor.java:103)
	at java.base/java.lang.reflect.Method.invoke(Method.java:580)
	at org.springframework.web.method.support.InvocableHandlerMethod.doInvoke(InvocableHandlerMethod.java:205)
	at org.springframework.web.method.support.InvocableHandlerMethod.invokeForRequest(InvocableHandlerMethod.java:150)
	at org.springframework.web.servlet.mvc.method.annotation.ServletInvocableHandlerMethod.invokeAndHandle(ServletInvocableHandlerMethod.java:117)
	at org.springframework.web.servlet.mvc.method.annotation.RequestMappingHandlerAdapter.invokeHandlerMethod(RequestMappingHandlerAdapter.java:895)
	at org.springframework.web.servlet.mvc.method.annotation.RequestMappingHandlerAdapter.handleInternal(RequestMappingHandlerAdapter.java:808)
	at org.springframework.web.servlet.mvc.method.AbstractHandlerMethodAdapter.handle(AbstractHandlerMethodAdapter.java:87)
	at org.springframework.web.servlet.DispatcherServlet.doDispatch(DispatcherServlet.java:1072)
	at org.springframework.web.servlet.DispatcherServlet.doService(DispatcherServlet.java:965)
	at org.springframework.web.servlet.FrameworkServlet.processRequest(FrameworkServlet.java:1006)
	at org.springframework.web.servlet.FrameworkServlet.doPost(FrameworkServlet.java:909)
	at javax.servlet.http.HttpServlet.service(HttpServlet.java:555)
	at org.springframework.web.servlet.FrameworkServlet.service(FrameworkServlet.java:883)
	at javax.servlet.http.HttpServlet.service(HttpServlet.java:623)
	at org.apache.catalina.core.ApplicationFilterChain.internalDoFilter(ApplicationFilterChain.java:209)
	at org.apache.catalina.core.ApplicationFilterChain.doFilter(ApplicationFilterChain.java:153)
	at org.apache.tomcat.websocket.server.WsFilter.doFilter(WsFilter.java:51)
	at org.apache.catalina.core.ApplicationFilterChain.internalDoFilter(ApplicationFilterChain.java:178)
	at org.apache.catalina.core.ApplicationFilterChain.doFilter(ApplicationFilterChain.java:153)
	at org.springframework.web.filter.CorsFilter.doFilterInternal(CorsFilter.java:91)
	at org.springframework.web.filter.OncePerRequestFilter.doFilter(OncePerRequestFilter.java:117)
	at org.apache.catalina.core.ApplicationFilterChain.internalDoFilter(ApplicationFilterChain.java:178)
	at org.apache.catalina.core.ApplicationFilterChain.doFilter(ApplicationFilterChain.java:153)
	at com.alibaba.druid.support.http.WebStatFilter.doFilter(WebStatFilter.java:114)
	at org.apache.catalina.core.ApplicationFilterChain.internalDoFilter(ApplicationFilterChain.java:178)
	at org.apache.catalina.core.ApplicationFilterChain.doFilter(ApplicationFilterChain.java:153)
	at org.springframework.boot.actuate.web.trace.servlet.HttpTraceFilter.doFilterInternal(HttpTraceFilter.java:88)
	at org.springframework.web.filter.OncePerRequestFilter.doFilter(OncePerRequestFilter.java:117)
	at org.apache.catalina.core.ApplicationFilterChain.internalDoFilter(ApplicationFilterChain.java:178)
	at org.apache.catalina.core.ApplicationFilterChain.doFilter(ApplicationFilterChain.java:153)
	at org.apache.shiro.web.servlet.ProxiedFilterChain.doFilter(ProxiedFilterChain.java:61)
	at org.apache.shiro.web.servlet.AdviceFilter.executeChain(AdviceFilter.java:108)
	at org.apache.shiro.web.servlet.AdviceFilter.doFilterInternal(AdviceFilter.java:137)
	at org.apache.shiro.web.servlet.OncePerRequestFilter.doFilter(OncePerRequestFilter.java:154)
	at org.apache.shiro.web.servlet.ProxiedFilterChain.doFilter(ProxiedFilterChain.java:66)
	at org.apache.shiro.web.servlet.AdviceFilter.executeChain(AdviceFilter.java:108)
	at org.apache.shiro.web.servlet.AdviceFilter.doFilterInternal(AdviceFilter.java:137)
	at org.apache.shiro.web.servlet.OncePerRequestFilter.doFilter(OncePerRequestFilter.java:154)
	at org.apache.shiro.web.servlet.ProxiedFilterChain.doFilter(ProxiedFilterChain.java:66)
	at org.apache.shiro.web.servlet.AbstractShiroFilter.executeChain(AbstractShiroFilter.java:458)
	at org.apache.shiro.web.servlet.AbstractShiroFilter$1.call(AbstractShiroFilter.java:373)
	at org.apache.shiro.subject.support.SubjectCallable.doCall(SubjectCallable.java:90)
	at org.apache.shiro.subject.support.SubjectCallable.call(SubjectCallable.java:83)
	at org.apache.shiro.subject.support.DelegatingSubject.execute(DelegatingSubject.java:387)
	at org.apache.shiro.web.servlet.AbstractShiroFilter.doFilterInternal(AbstractShiroFilter.java:370)
	at org.apache.shiro.web.servlet.OncePerRequestFilter.doFilter(OncePerRequestFilter.java:154)
	at org.apache.catalina.core.ApplicationFilterChain.internalDoFilter(ApplicationFilterChain.java:178)
	at org.apache.catalina.core.ApplicationFilterChain.doFilter(ApplicationFilterChain.java:153)
	at org.springframework.web.filter.RequestContextFilter.doFilterInternal(RequestContextFilter.java:100)
	at org.springframework.web.filter.OncePerRequestFilter.doFilter(OncePerRequestFilter.java:117)
	at org.apache.catalina.core.ApplicationFilterChain.internalDoFilter(ApplicationFilterChain.java:178)
	at org.apache.catalina.core.ApplicationFilterChain.doFilter(ApplicationFilterChain.java:153)
	at org.springframework.web.filter.FormContentFilter.doFilterInternal(FormContentFilter.java:93)
	at org.springframework.web.filter.OncePerRequestFilter.doFilter(OncePerRequestFilter.java:117)
	at org.apache.catalina.core.ApplicationFilterChain.internalDoFilter(ApplicationFilterChain.java:178)
	at org.apache.catalina.core.ApplicationFilterChain.doFilter(ApplicationFilterChain.java:153)
	at org.springframework.boot.actuate.metrics.web.servlet.WebMvcMetricsFilter.doFilterInternal(WebMvcMetricsFilter.java:96)
	at org.springframework.web.filter.OncePerRequestFilter.doFilter(OncePerRequestFilter.java:117)
	at org.apache.catalina.core.ApplicationFilterChain.internalDoFilter(ApplicationFilterChain.java:178)
	at org.apache.catalina.core.ApplicationFilterChain.doFilter(ApplicationFilterChain.java:153)
	at org.springframework.web.filter.CharacterEncodingFilter.doFilterInternal(CharacterEncodingFilter.java:201)
	at org.springframework.web.filter.OncePerRequestFilter.doFilter(OncePerRequestFilter.java:117)
	at org.apache.catalina.core.ApplicationFilterChain.internalDoFilter(ApplicationFilterChain.java:178)
	at org.apache.catalina.core.ApplicationFilterChain.doFilter(ApplicationFilterChain.java:153)
	at org.apache.catalina.core.StandardWrapperValve.invoke(StandardWrapperValve.java:168)
	at org.apache.catalina.core.StandardContextValve.invoke(StandardContextValve.java:90)
	at org.apache.catalina.authenticator.AuthenticatorBase.invoke(AuthenticatorBase.java:481)
	at org.apache.catalina.core.StandardHostValve.invoke(StandardHostValve.java:130)
	at org.apache.catalina.valves.ErrorReportValve.invoke(ErrorReportValve.java:93)
	at org.apache.catalina.core.StandardEngineValve.invoke(StandardEngineValve.java:74)
	at org.apache.catalina.connector.CoyoteAdapter.service(CoyoteAdapter.java:342)
	at org.apache.coyote.http11.Http11Processor.service(Http11Processor.java:390)
	at org.apache.coyote.AbstractProcessorLight.process(AbstractProcessorLight.java:63)
	at org.apache.coyote.AbstractProtocol$ConnectionHandler.process(AbstractProtocol.java:928)
	at org.apache.tomcat.util.net.NioEndpoint$SocketProcessor.doRun(NioEndpoint.java:1794)
	at org.apache.tomcat.util.net.SocketProcessorBase.run(SocketProcessorBase.java:52)
	at org.apache.tomcat.util.threads.ThreadPoolExecutor.runWorker(ThreadPoolExecutor.java:1191)
	at org.apache.tomcat.util.threads.ThreadPoolExecutor$Worker.run(ThreadPoolExecutor.java:659)
	at org.apache.tomcat.util.threads.TaskThread$WrappingRunnable.run(TaskThread.java:61)
	at java.base/java.lang.Thread.run(Thread.java:1583)
Caused by: java.sql.SQLSyntaxErrorException: Unknown column 'fid_region' in 'field list'
	at com.mysql.cj.jdbc.exceptions.SQLError.createSQLException(SQLError.java:121)
	at com.mysql.cj.jdbc.exceptions.SQLExceptionsMapping.translateException(SQLExceptionsMapping.java:122)
	at com.mysql.cj.jdbc.ClientPreparedStatement.executeInternal(ClientPreparedStatement.java:916)
	at com.mysql.cj.jdbc.ClientPreparedStatement.execute(ClientPreparedStatement.java:354)
	at com.alibaba.druid.filter.FilterChainImpl.preparedStatement_execute(FilterChainImpl.java:3446)
	at com.alibaba.druid.filter.FilterEventAdapter.preparedStatement_execute(FilterEventAdapter.java:434)
	at com.alibaba.druid.filter.FilterChainImpl.preparedStatement_execute(FilterChainImpl.java:3444)
	at com.alibaba.druid.wall.WallFilter.preparedStatement_execute(WallFilter.java:639)
	at com.alibaba.druid.filter.FilterChainImpl.preparedStatement_execute(FilterChainImpl.java:3444)
	at com.alibaba.druid.filter.FilterEventAdapter.preparedStatement_execute(FilterEventAdapter.java:434)
	at com.alibaba.druid.filter.FilterChainImpl.preparedStatement_execute(FilterChainImpl.java:3444)
	at com.alibaba.druid.proxy.jdbc.PreparedStatementProxyImpl.execute(PreparedStatementProxyImpl.java:158)
	at com.alibaba.druid.pool.DruidPooledPreparedStatement.execute(DruidPooledPreparedStatement.java:483)
	at org.apache.ibatis.executor.statement.PreparedStatementHandler.query(PreparedStatementHandler.java:64)
	at org.apache.ibatis.executor.statement.RoutingStatementHandler.query(RoutingStatementHandler.java:79)
	at java.base/jdk.internal.reflect.DirectMethodHandleAccessor.invoke(DirectMethodHandleAccessor.java:103)
	at java.base/java.lang.reflect.Method.invoke(Method.java:580)
	at org.apache.ibatis.plugin.Plugin.invoke(Plugin.java:64)
	at jdk.proxy2/jdk.proxy2.$Proxy394.query(Unknown Source)
	at org.apache.ibatis.executor.SimpleExecutor.doQuery(SimpleExecutor.java:63)
	at org.apache.ibatis.executor.BaseExecutor.queryFromDatabase(BaseExecutor.java:325)
	at org.apache.ibatis.executor.BaseExecutor.query(BaseExecutor.java:156)
	at org.apache.ibatis.executor.CachingExecutor.query(CachingExecutor.java:109)
	at java.base/jdk.internal.reflect.DirectMethodHandleAccessor.invoke(DirectMethodHandleAccessor.java:103)
	at java.base/java.lang.reflect.Method.invoke(Method.java:580)
	at org.apache.ibatis.plugin.Plugin.invoke(Plugin.java:64)
	at jdk.proxy2/jdk.proxy2.$Proxy393.query(Unknown Source)
	at com.baomidou.mybatisplus.extension.plugins.MybatisPlusInterceptor.intercept(MybatisPlusInterceptor.java:81)
	at org.apache.ibatis.plugin.Plugin.invoke(Plugin.java:62)
	at jdk.proxy2/jdk.proxy2.$Proxy393.query(Unknown Source)
	at org.apache.ibatis.session.defaults.DefaultSqlSession.selectList(DefaultSqlSession.java:151)
	at org.apache.ibatis.session.defaults.DefaultSqlSession.selectList(DefaultSqlSession.java:145)
	at org.apache.ibatis.session.defaults.DefaultSqlSession.selectList(DefaultSqlSession.java:140)
	at org.apache.ibatis.session.defaults.DefaultSqlSession.selectOne(DefaultSqlSession.java:76)
	at java.base/jdk.internal.reflect.DirectMethodHandleAccessor.invoke(DirectMethodHandleAccessor.java:103)
	at java.base/java.lang.reflect.Method.invoke(Method.java:580)
	at org.mybatis.spring.SqlSessionTemplate$SqlSessionInterceptor.invoke(SqlSessionTemplate.java:427)
	... 122 common frames omitted
2026-08-17 12:54:37.660 [http-nio-8080-exec-7] ERROR druid.sql.Statement:148 - {conn-10005, pstmt-20021} execute error. SELECT id, username, realname, password, salt, avatar, birthday, sex, email, phone, org_code, status, del_flag, work_no, post, telephone, create_by, create_time, update_by, update_time, activiti_sync, user_identity, depart_ids, rel_tenant_ids, client_id, fid_region, manufacturer_code FROM sys_user WHERE del_flag = 0 AND (username = ?)
java.sql.SQLSyntaxErrorException: Unknown column 'manufacturer_code' in 'field list'
	at com.mysql.cj.jdbc.exceptions.SQLError.createSQLException(SQLError.java:121)
	at com.mysql.cj.jdbc.exceptions.SQLExceptionsMapping.translateException(SQLExceptionsMapping.java:122)
	at com.mysql.cj.jdbc.ClientPreparedStatement.executeInternal(ClientPreparedStatement.java:916)
	at com.mysql.cj.jdbc.ClientPreparedStatement.execute(ClientPreparedStatement.java:354)
	at com.alibaba.druid.filter.FilterChainImpl.preparedStatement_execute(FilterChainImpl.java:3446)
	at com.alibaba.druid.filter.FilterEventAdapter.preparedStatement_execute(FilterEventAdapter.java:434)
	at com.alibaba.druid.filter.FilterChainImpl.preparedStatement_execute(FilterChainImpl.java:3444)
	at com.alibaba.druid.wall.WallFilter.preparedStatement_execute(WallFilter.java:639)
	at com.alibaba.druid.filter.FilterChainImpl.preparedStatement_execute(FilterChainImpl.java:3444)
	at com.alibaba.druid.filter.FilterEventAdapter.preparedStatement_execute(FilterEventAdapter.java:434)
	at com.alibaba.druid.filter.FilterChainImpl.preparedStatement_execute(FilterChainImpl.java:3444)
	at com.alibaba.druid.proxy.jdbc.PreparedStatementProxyImpl.execute(PreparedStatementProxyImpl.java:158)
	at com.alibaba.druid.pool.DruidPooledPreparedStatement.execute(DruidPooledPreparedStatement.java:483)
	at org.apache.ibatis.executor.statement.PreparedStatementHandler.query(PreparedStatementHandler.java:64)
	at org.apache.ibatis.executor.statement.RoutingStatementHandler.query(RoutingStatementHandler.java:79)
	at java.base/jdk.internal.reflect.DirectMethodHandleAccessor.invoke(DirectMethodHandleAccessor.java:103)
	at java.base/java.lang.reflect.Method.invoke(Method.java:580)
	at org.apache.ibatis.plugin.Plugin.invoke(Plugin.java:64)
	at jdk.proxy2/jdk.proxy2.$Proxy394.query(Unknown Source)
	at org.apache.ibatis.executor.SimpleExecutor.doQuery(SimpleExecutor.java:63)
	at org.apache.ibatis.executor.BaseExecutor.queryFromDatabase(BaseExecutor.java:325)
	at org.apache.ibatis.executor.BaseExecutor.query(BaseExecutor.java:156)
	at org.apache.ibatis.executor.CachingExecutor.query(CachingExecutor.java:109)
	at java.base/jdk.internal.reflect.DirectMethodHandleAccessor.invoke(DirectMethodHandleAccessor.java:103)
	at java.base/java.lang.reflect.Method.invoke(Method.java:580)
	at org.apache.ibatis.plugin.Plugin.invoke(Plugin.java:64)
	at jdk.proxy2/jdk.proxy2.$Proxy393.query(Unknown Source)
	at com.baomidou.mybatisplus.extension.plugins.MybatisPlusInterceptor.intercept(MybatisPlusInterceptor.java:81)
	at org.apache.ibatis.plugin.Plugin.invoke(Plugin.java:62)
	at jdk.proxy2/jdk.proxy2.$Proxy393.query(Unknown Source)
	at org.apache.ibatis.session.defaults.DefaultSqlSession.selectList(DefaultSqlSession.java:151)
	at org.apache.ibatis.session.defaults.DefaultSqlSession.selectList(DefaultSqlSession.java:145)
	at org.apache.ibatis.session.defaults.DefaultSqlSession.selectList(DefaultSqlSession.java:140)
	at org.apache.ibatis.session.defaults.DefaultSqlSession.selectOne(DefaultSqlSession.java:76)
	at java.base/jdk.internal.reflect.DirectMethodHandleAccessor.invoke(DirectMethodHandleAccessor.java:103)
	at java.base/java.lang.reflect.Method.invoke(Method.java:580)
	at org.mybatis.spring.SqlSessionTemplate$SqlSessionInterceptor.invoke(SqlSessionTemplate.java:427)
	at jdk.proxy2/jdk.proxy2.$Proxy137.selectOne(Unknown Source)
	at org.mybatis.spring.SqlSessionTemplate.selectOne(SqlSessionTemplate.java:160)
	at com.baomidou.mybatisplus.core.override.MybatisMapperMethod.execute(MybatisMapperMethod.java:89)
	at com.baomidou.mybatisplus.core.override.MybatisMapperProxy$PlainMethodInvoker.invoke(MybatisMapperProxy.java:148)
	at com.baomidou.mybatisplus.core.override.MybatisMapperProxy.invoke(MybatisMapperProxy.java:89)
	at jdk.proxy2/jdk.proxy2.$Proxy139.selectOne(Unknown Source)
	at com.baomidou.mybatisplus.extension.service.impl.ServiceImpl.getOne(ServiceImpl.java:202)
	at com.baomidou.mybatisplus.extension.service.IService.getOne(IService.java:229)
	at com.baomidou.mybatisplus.extension.service.IService$$FastClassBySpringCGLIB$$f8525d18.invoke(<generated>)
	at org.springframework.cglib.proxy.MethodProxy.invoke(MethodProxy.java:218)
	at org.springframework.aop.framework.CglibAopProxy.invokeMethod(CglibAopProxy.java:386)
	at org.springframework.aop.framework.CglibAopProxy.access$000(CglibAopProxy.java:85)
	at org.springframework.aop.framework.CglibAopProxy$DynamicAdvisedInterceptor.intercept(CglibAopProxy.java:703)
	at org.jeecg.modules.system.service.impl.SysUserServiceImpl$$EnhancerBySpringCGLIB$$f55eed5c.getOne(<generated>)
	at org.jeecg.modules.system.controller.LoginController.login2(LoginController.java:133)
	at org.jeecg.modules.system.controller.LoginController$$FastClassBySpringCGLIB$$b307ab61.invoke(<generated>)
	at org.springframework.cglib.proxy.MethodProxy.invoke(MethodProxy.java:218)
	at org.springframework.aop.framework.CglibAopProxy$CglibMethodInvocation.invokeJoinpoint(CglibAopProxy.java:792)
	at org.springframework.aop.framework.ReflectiveMethodInvocation.proceed(ReflectiveMethodInvocation.java:163)
	at org.springframework.aop.framework.CglibAopProxy$CglibMethodInvocation.proceed(CglibAopProxy.java:762)
	at org.springframework.aop.aspectj.MethodInvocationProceedingJoinPoint.proceed(MethodInvocationProceedingJoinPoint.java:89)
	at org.jeecg.common.aspect.DictAspect.doAround(DictAspect.java:54)
	at java.base/jdk.internal.reflect.DirectMethodHandleAccessor.invoke(DirectMethodHandleAccessor.java:103)
	at java.base/java.lang.reflect.Method.invoke(Method.java:580)
	at org.springframework.aop.aspectj.AbstractAspectJAdvice.invokeAdviceMethodWithGivenArgs(AbstractAspectJAdvice.java:634)
	at org.springframework.aop.aspectj.AbstractAspectJAdvice.invokeAdviceMethod(AbstractAspectJAdvice.java:624)
	at org.springframework.aop.aspectj.AspectJAroundAdvice.invoke(AspectJAroundAdvice.java:72)
	at org.springframework.aop.framework.ReflectiveMethodInvocation.proceed(ReflectiveMethodInvocation.java:186)
	at org.springframework.aop.framework.CglibAopProxy$CglibMethodInvocation.proceed(CglibAopProxy.java:762)
	at org.springframework.cache.interceptor.CacheInterceptor.lambda$invoke$0(CacheInterceptor.java:54)
	at org.springframework.cache.interceptor.CacheAspectSupport.invokeOperation(CacheAspectSupport.java:366)
	at org.springframework.cache.interceptor.CacheAspectSupport.execute(CacheAspectSupport.java:420)
	at org.springframework.cache.interceptor.CacheAspectSupport.execute(CacheAspectSupport.java:345)
	at org.springframework.cache.interceptor.CacheInterceptor.invoke(CacheInterceptor.java:64)
	at org.springframework.aop.framework.ReflectiveMethodInvocation.proceed(ReflectiveMethodInvocation.java:186)
	at org.springframework.aop.framework.CglibAopProxy$CglibMethodInvocation.proceed(CglibAopProxy.java:762)
	at org.springframework.aop.interceptor.ExposeInvocationInterceptor.invoke(ExposeInvocationInterceptor.java:97)
	at org.springframework.aop.framework.ReflectiveMethodInvocation.proceed(ReflectiveMethodInvocation.java:186)
	at org.springframework.aop.framework.CglibAopProxy$CglibMethodInvocation.proceed(CglibAopProxy.java:762)
	at org.springframework.aop.framework.CglibAopProxy$DynamicAdvisedInterceptor.intercept(CglibAopProxy.java:707)
	at org.jeecg.modules.system.controller.LoginController$$EnhancerBySpringCGLIB$$6622d7e2.login2(<generated>)
	at java.base/jdk.internal.reflect.DirectMethodHandleAccessor.invoke(DirectMethodHandleAccessor.java:103)
	at java.base/java.lang.reflect.Method.invoke(Method.java:580)
	at org.springframework.web.method.support.InvocableHandlerMethod.doInvoke(InvocableHandlerMethod.java:205)
	at org.springframework.web.method.support.InvocableHandlerMethod.invokeForRequest(InvocableHandlerMethod.java:150)
	at org.springframework.web.servlet.mvc.method.annotation.ServletInvocableHandlerMethod.invokeAndHandle(ServletInvocableHandlerMethod.java:117)
	at org.springframework.web.servlet.mvc.method.annotation.RequestMappingHandlerAdapter.invokeHandlerMethod(RequestMappingHandlerAdapter.java:895)
	at org.springframework.web.servlet.mvc.method.annotation.RequestMappingHandlerAdapter.handleInternal(RequestMappingHandlerAdapter.java:808)
	at org.springframework.web.servlet.mvc.method.AbstractHandlerMethodAdapter.handle(AbstractHandlerMethodAdapter.java:87)
	at org.springframework.web.servlet.DispatcherServlet.doDispatch(DispatcherServlet.java:1072)
	at org.springframework.web.servlet.DispatcherServlet.doService(DispatcherServlet.java:965)
	at org.springframework.web.servlet.FrameworkServlet.processRequest(FrameworkServlet.java:1006)
	at org.springframework.web.servlet.FrameworkServlet.doPost(FrameworkServlet.java:909)
	at javax.servlet.http.HttpServlet.service(HttpServlet.java:555)
	at org.springframework.web.servlet.FrameworkServlet.service(FrameworkServlet.java:883)
	at javax.servlet.http.HttpServlet.service(HttpServlet.java:623)
	at org.apache.catalina.core.ApplicationFilterChain.internalDoFilter(ApplicationFilterChain.java:209)
	at org.apache.catalina.core.ApplicationFilterChain.doFilter(ApplicationFilterChain.java:153)
	at org.apache.tomcat.websocket.server.WsFilter.doFilter(WsFilter.java:51)
	at org.apache.catalina.core.ApplicationFilterChain.internalDoFilter(ApplicationFilterChain.java:178)
	at org.apache.catalina.core.ApplicationFilterChain.doFilter(ApplicationFilterChain.java:153)
	at org.springframework.web.filter.CorsFilter.doFilterInternal(CorsFilter.java:91)
	at org.springframework.web.filter.OncePerRequestFilter.doFilter(OncePerRequestFilter.java:117)
	at org.apache.catalina.core.ApplicationFilterChain.internalDoFilter(ApplicationFilterChain.java:178)
	at org.apache.catalina.core.ApplicationFilterChain.doFilter(ApplicationFilterChain.java:153)
	at com.alibaba.druid.support.http.WebStatFilter.doFilter(WebStatFilter.java:114)
	at org.apache.catalina.core.ApplicationFilterChain.internalDoFilter(ApplicationFilterChain.java:178)
	at org.apache.catalina.core.ApplicationFilterChain.doFilter(ApplicationFilterChain.java:153)
	at org.springframework.boot.actuate.web.trace.servlet.HttpTraceFilter.doFilterInternal(HttpTraceFilter.java:88)
	at org.springframework.web.filter.OncePerRequestFilter.doFilter(OncePerRequestFilter.java:117)
	at org.apache.catalina.core.ApplicationFilterChain.internalDoFilter(ApplicationFilterChain.java:178)
	at org.apache.catalina.core.ApplicationFilterChain.doFilter(ApplicationFilterChain.java:153)
	at org.apache.shiro.web.servlet.ProxiedFilterChain.doFilter(ProxiedFilterChain.java:61)
	at org.apache.shiro.web.servlet.AdviceFilter.executeChain(AdviceFilter.java:108)
	at org.apache.shiro.web.servlet.AdviceFilter.doFilterInternal(AdviceFilter.java:137)
	at org.apache.shiro.web.servlet.OncePerRequestFilter.doFilter(OncePerRequestFilter.java:154)
	at org.apache.shiro.web.servlet.ProxiedFilterChain.doFilter(ProxiedFilterChain.java:66)
	at org.apache.shiro.web.servlet.AdviceFilter.executeChain(AdviceFilter.java:108)
	at org.apache.shiro.web.servlet.AdviceFilter.doFilterInternal(AdviceFilter.java:137)
	at org.apache.shiro.web.servlet.OncePerRequestFilter.doFilter(OncePerRequestFilter.java:154)
	at org.apache.shiro.web.servlet.ProxiedFilterChain.doFilter(ProxiedFilterChain.java:66)
	at org.apache.shiro.web.servlet.AbstractShiroFilter.executeChain(AbstractShiroFilter.java:458)
	at org.apache.shiro.web.servlet.AbstractShiroFilter$1.call(AbstractShiroFilter.java:373)
	at org.apache.shiro.subject.support.SubjectCallable.doCall(SubjectCallable.java:90)
	at org.apache.shiro.subject.support.SubjectCallable.call(SubjectCallable.java:83)
	at org.apache.shiro.subject.support.DelegatingSubject.execute(DelegatingSubject.java:387)
	at org.apache.shiro.web.servlet.AbstractShiroFilter.doFilterInternal(AbstractShiroFilter.java:370)
	at org.apache.shiro.web.servlet.OncePerRequestFilter.doFilter(OncePerRequestFilter.java:154)
	at org.apache.catalina.core.ApplicationFilterChain.internalDoFilter(ApplicationFilterChain.java:178)
	at org.apache.catalina.core.ApplicationFilterChain.doFilter(ApplicationFilterChain.java:153)
	at org.springframework.web.filter.RequestContextFilter.doFilterInternal(RequestContextFilter.java:100)
	at org.springframework.web.filter.OncePerRequestFilter.doFilter(OncePerRequestFilter.java:117)
	at org.apache.catalina.core.ApplicationFilterChain.internalDoFilter(ApplicationFilterChain.java:178)
	at org.apache.catalina.core.ApplicationFilterChain.doFilter(ApplicationFilterChain.java:153)
	at org.springframework.web.filter.FormContentFilter.doFilterInternal(FormContentFilter.java:93)
	at org.springframework.web.filter.OncePerRequestFilter.doFilter(OncePerRequestFilter.java:117)
	at org.apache.catalina.core.ApplicationFilterChain.internalDoFilter(ApplicationFilterChain.java:178)
	at org.apache.catalina.core.ApplicationFilterChain.doFilter(ApplicationFilterChain.java:153)
	at org.springframework.boot.actuate.metrics.web.servlet.WebMvcMetricsFilter.doFilterInternal(WebMvcMetricsFilter.java:96)
	at org.springframework.web.filter.OncePerRequestFilter.doFilter(OncePerRequestFilter.java:117)
	at org.apache.catalina.core.ApplicationFilterChain.internalDoFilter(ApplicationFilterChain.java:178)
	at org.apache.catalina.core.ApplicationFilterChain.doFilter(ApplicationFilterChain.java:153)
	at org.springframework.web.filter.CharacterEncodingFilter.doFilterInternal(CharacterEncodingFilter.java:201)
	at org.springframework.web.filter.OncePerRequestFilter.doFilter(OncePerRequestFilter.java:117)
	at org.apache.catalina.core.ApplicationFilterChain.internalDoFilter(ApplicationFilterChain.java:178)
	at org.apache.catalina.core.ApplicationFilterChain.doFilter(ApplicationFilterChain.java:153)
	at org.apache.catalina.core.StandardWrapperValve.invoke(StandardWrapperValve.java:168)
	at org.apache.catalina.core.StandardContextValve.invoke(StandardContextValve.java:90)
	at org.apache.catalina.authenticator.AuthenticatorBase.invoke(AuthenticatorBase.java:481)
	at org.apache.catalina.core.StandardHostValve.invoke(StandardHostValve.java:130)
	at org.apache.catalina.valves.ErrorReportValve.invoke(ErrorReportValve.java:93)
	at org.apache.catalina.core.StandardEngineValve.invoke(StandardEngineValve.java:74)
	at org.apache.catalina.connector.CoyoteAdapter.service(CoyoteAdapter.java:342)
	at org.apache.coyote.http11.Http11Processor.service(Http11Processor.java:390)
	at org.apache.coyote.AbstractProcessorLight.process(AbstractProcessorLight.java:63)
	at org.apache.coyote.AbstractProtocol$ConnectionHandler.process(AbstractProtocol.java:928)
	at org.apache.tomcat.util.net.NioEndpoint$SocketProcessor.doRun(NioEndpoint.java:1794)
	at org.apache.tomcat.util.net.SocketProcessorBase.run(SocketProcessorBase.java:52)
	at org.apache.tomcat.util.threads.ThreadPoolExecutor.runWorker(ThreadPoolExecutor.java:1191)
	at org.apache.tomcat.util.threads.ThreadPoolExecutor$Worker.run(ThreadPoolExecutor.java:659)
	at org.apache.tomcat.util.threads.TaskThread$WrappingRunnable.run(TaskThread.java:61)
	at java.base/java.lang.Thread.run(Thread.java:1583)
2026-08-17 12:54:37.661 [http-nio-8080-exec-7] ERROR o.jeecg.common.exception.JeecgBootExceptionHandler:57 - 
### Error querying database.  Cause: java.sql.SQLSyntaxErrorException: Unknown column 'manufacturer_code' in 'field list'
### The error may exist in org/jeecg/modules/system/mapper/SysUserMapper.java (best guess)
### The error may involve defaultParameterMap
### The error occurred while setting parameters
### SQL: SELECT id, username, realname, password, salt, avatar, birthday, sex, email, phone, org_code, status, del_flag, work_no, post, telephone, create_by, create_time, update_by, update_time, activiti_sync, user_identity, depart_ids, rel_tenant_ids, client_id, fid_region, manufacturer_code FROM sys_user WHERE del_flag = 0 AND (username = ?)
### Cause: java.sql.SQLSyntaxErrorException: Unknown column 'manufacturer_code' in 'field list'
; bad SQL grammar []; nested exception is java.sql.SQLSyntaxErrorException: Unknown column 'manufacturer_code' in 'field list'
org.springframework.jdbc.BadSqlGrammarException: 
### Error querying database.  Cause: java.sql.SQLSyntaxErrorException: Unknown column 'manufacturer_code' in 'field list'
### The error may exist in org/jeecg/modules/system/mapper/SysUserMapper.java (best guess)
### The error may involve defaultParameterMap
### The error occurred while setting parameters
### SQL: SELECT id, username, realname, password, salt, avatar, birthday, sex, email, phone, org_code, status, del_flag, work_no, post, telephone, create_by, create_time, update_by, update_time, activiti_sync, user_identity, depart_ids, rel_tenant_ids, client_id, fid_region, manufacturer_code FROM sys_user WHERE del_flag = 0 AND (username = ?)
### Cause: java.sql.SQLSyntaxErrorException: Unknown column 'manufacturer_code' in 'field list'
; bad SQL grammar []; nested exception is java.sql.SQLSyntaxErrorException: Unknown column 'manufacturer_code' in 'field list'
	at org.springframework.jdbc.support.SQLErrorCodeSQLExceptionTranslator.doTranslate(SQLErrorCodeSQLExceptionTranslator.java:236)
	at org.springframework.jdbc.support.AbstractFallbackSQLExceptionTranslator.translate(AbstractFallbackSQLExceptionTranslator.java:73)
	at org.mybatis.spring.MyBatisExceptionTranslator.translateExceptionIfPossible(MyBatisExceptionTranslator.java:91)
	at org.mybatis.spring.SqlSessionTemplate$SqlSessionInterceptor.invoke(SqlSessionTemplate.java:441)
	at jdk.proxy2/jdk.proxy2.$Proxy137.selectOne(Unknown Source)
	at org.mybatis.spring.SqlSessionTemplate.selectOne(SqlSessionTemplate.java:160)
	at com.baomidou.mybatisplus.core.override.MybatisMapperMethod.execute(MybatisMapperMethod.java:89)
	at com.baomidou.mybatisplus.core.override.MybatisMapperProxy$PlainMethodInvoker.invoke(MybatisMapperProxy.java:148)
	at com.baomidou.mybatisplus.core.override.MybatisMapperProxy.invoke(MybatisMapperProxy.java:89)
	at jdk.proxy2/jdk.proxy2.$Proxy139.selectOne(Unknown Source)
	at com.baomidou.mybatisplus.extension.service.impl.ServiceImpl.getOne(ServiceImpl.java:202)
	at com.baomidou.mybatisplus.extension.service.IService.getOne(IService.java:229)
	at com.baomidou.mybatisplus.extension.service.IService$$FastClassBySpringCGLIB$$f8525d18.invoke(<generated>)
	at org.springframework.cglib.proxy.MethodProxy.invoke(MethodProxy.java:218)
	at org.springframework.aop.framework.CglibAopProxy.invokeMethod(CglibAopProxy.java:386)
	at org.springframework.aop.framework.CglibAopProxy.access$000(CglibAopProxy.java:85)
	at org.springframework.aop.framework.CglibAopProxy$DynamicAdvisedInterceptor.intercept(CglibAopProxy.java:703)
	at org.jeecg.modules.system.service.impl.SysUserServiceImpl$$EnhancerBySpringCGLIB$$f55eed5c.getOne(<generated>)
	at org.jeecg.modules.system.controller.LoginController.login2(LoginController.java:133)
	at org.jeecg.modules.system.controller.LoginController$$FastClassBySpringCGLIB$$b307ab61.invoke(<generated>)
	at org.springframework.cglib.proxy.MethodProxy.invoke(MethodProxy.java:218)
	at org.springframework.aop.framework.CglibAopProxy$CglibMethodInvocation.invokeJoinpoint(CglibAopProxy.java:792)
	at org.springframework.aop.framework.ReflectiveMethodInvocation.proceed(ReflectiveMethodInvocation.java:163)
	at org.springframework.aop.framework.CglibAopProxy$CglibMethodInvocation.proceed(CglibAopProxy.java:762)
	at org.springframework.aop.aspectj.MethodInvocationProceedingJoinPoint.proceed(MethodInvocationProceedingJoinPoint.java:89)
	at org.jeecg.common.aspect.DictAspect.doAround(DictAspect.java:54)
	at java.base/jdk.internal.reflect.DirectMethodHandleAccessor.invoke(DirectMethodHandleAccessor.java:103)
	at java.base/java.lang.reflect.Method.invoke(Method.java:580)
	at org.springframework.aop.aspectj.AbstractAspectJAdvice.invokeAdviceMethodWithGivenArgs(AbstractAspectJAdvice.java:634)
	at org.springframework.aop.aspectj.AbstractAspectJAdvice.invokeAdviceMethod(AbstractAspectJAdvice.java:624)
	at org.springframework.aop.aspectj.AspectJAroundAdvice.invoke(AspectJAroundAdvice.java:72)
	at org.springframework.aop.framework.ReflectiveMethodInvocation.proceed(ReflectiveMethodInvocation.java:186)
	at org.springframework.aop.framework.CglibAopProxy$CglibMethodInvocation.proceed(CglibAopProxy.java:762)
	at org.springframework.cache.interceptor.CacheInterceptor.lambda$invoke$0(CacheInterceptor.java:54)
	at org.springframework.cache.interceptor.CacheAspectSupport.invokeOperation(CacheAspectSupport.java:366)
	at org.springframework.cache.interceptor.CacheAspectSupport.execute(CacheAspectSupport.java:420)
	at org.springframework.cache.interceptor.CacheAspectSupport.execute(CacheAspectSupport.java:345)
	at org.springframework.cache.interceptor.CacheInterceptor.invoke(CacheInterceptor.java:64)
	at org.springframework.aop.framework.ReflectiveMethodInvocation.proceed(ReflectiveMethodInvocation.java:186)
	at org.springframework.aop.framework.CglibAopProxy$CglibMethodInvocation.proceed(CglibAopProxy.java:762)
	at org.springframework.aop.interceptor.ExposeInvocationInterceptor.invoke(ExposeInvocationInterceptor.java:97)
	at org.springframework.aop.framework.ReflectiveMethodInvocation.proceed(ReflectiveMethodInvocation.java:186)
	at org.springframework.aop.framework.CglibAopProxy$CglibMethodInvocation.proceed(CglibAopProxy.java:762)
	at org.springframework.aop.framework.CglibAopProxy$DynamicAdvisedInterceptor.intercept(CglibAopProxy.java:707)
	at org.jeecg.modules.system.controller.LoginController$$EnhancerBySpringCGLIB$$6622d7e2.login2(<generated>)
	at java.base/jdk.internal.reflect.DirectMethodHandleAccessor.invoke(DirectMethodHandleAccessor.java:103)
	at java.base/java.lang.reflect.Method.invoke(Method.java:580)
	at org.springframework.web.method.support.InvocableHandlerMethod.doInvoke(InvocableHandlerMethod.java:205)
	at org.springframework.web.method.support.InvocableHandlerMethod.invokeForRequest(InvocableHandlerMethod.java:150)
	at org.springframework.web.servlet.mvc.method.annotation.ServletInvocableHandlerMethod.invokeAndHandle(ServletInvocableHandlerMethod.java:117)
	at org.springframework.web.servlet.mvc.method.annotation.RequestMappingHandlerAdapter.invokeHandlerMethod(RequestMappingHandlerAdapter.java:895)
	at org.springframework.web.servlet.mvc.method.annotation.RequestMappingHandlerAdapter.handleInternal(RequestMappingHandlerAdapter.java:808)
	at org.springframework.web.servlet.mvc.method.AbstractHandlerMethodAdapter.handle(AbstractHandlerMethodAdapter.java:87)
	at org.springframework.web.servlet.DispatcherServlet.doDispatch(DispatcherServlet.java:1072)
	at org.springframework.web.servlet.DispatcherServlet.doService(DispatcherServlet.java:965)
	at org.springframework.web.servlet.FrameworkServlet.processRequest(FrameworkServlet.java:1006)
	at org.springframework.web.servlet.FrameworkServlet.doPost(FrameworkServlet.java:909)
	at javax.servlet.http.HttpServlet.service(HttpServlet.java:555)
	at org.springframework.web.servlet.FrameworkServlet.service(FrameworkServlet.java:883)
	at javax.servlet.http.HttpServlet.service(HttpServlet.java:623)
	at org.apache.catalina.core.ApplicationFilterChain.internalDoFilter(ApplicationFilterChain.java:209)
	at org.apache.catalina.core.ApplicationFilterChain.doFilter(ApplicationFilterChain.java:153)
	at org.apache.tomcat.websocket.server.WsFilter.doFilter(WsFilter.java:51)
	at org.apache.catalina.core.ApplicationFilterChain.internalDoFilter(ApplicationFilterChain.java:178)
	at org.apache.catalina.core.ApplicationFilterChain.doFilter(ApplicationFilterChain.java:153)
	at org.springframework.web.filter.CorsFilter.doFilterInternal(CorsFilter.java:91)
	at org.springframework.web.filter.OncePerRequestFilter.doFilter(OncePerRequestFilter.java:117)
	at org.apache.catalina.core.ApplicationFilterChain.internalDoFilter(ApplicationFilterChain.java:178)
	at org.apache.catalina.core.ApplicationFilterChain.doFilter(ApplicationFilterChain.java:153)
	at com.alibaba.druid.support.http.WebStatFilter.doFilter(WebStatFilter.java:114)
	at org.apache.catalina.core.ApplicationFilterChain.internalDoFilter(ApplicationFilterChain.java:178)
	at org.apache.catalina.core.ApplicationFilterChain.doFilter(ApplicationFilterChain.java:153)
	at org.springframework.boot.actuate.web.trace.servlet.HttpTraceFilter.doFilterInternal(HttpTraceFilter.java:88)
	at org.springframework.web.filter.OncePerRequestFilter.doFilter(OncePerRequestFilter.java:117)
	at org.apache.catalina.core.ApplicationFilterChain.internalDoFilter(ApplicationFilterChain.java:178)
	at org.apache.catalina.core.ApplicationFilterChain.doFilter(ApplicationFilterChain.java:153)
	at org.apache.shiro.web.servlet.ProxiedFilterChain.doFilter(ProxiedFilterChain.java:61)
	at org.apache.shiro.web.servlet.AdviceFilter.executeChain(AdviceFilter.java:108)
	at org.apache.shiro.web.servlet.AdviceFilter.doFilterInternal(AdviceFilter.java:137)
	at org.apache.shiro.web.servlet.OncePerRequestFilter.doFilter(OncePerRequestFilter.java:154)
	at org.apache.shiro.web.servlet.ProxiedFilterChain.doFilter(ProxiedFilterChain.java:66)
	at org.apache.shiro.web.servlet.AdviceFilter.executeChain(AdviceFilter.java:108)
	at org.apache.shiro.web.servlet.AdviceFilter.doFilterInternal(AdviceFilter.java:137)
	at org.apache.shiro.web.servlet.OncePerRequestFilter.doFilter(OncePerRequestFilter.java:154)
	at org.apache.shiro.web.servlet.ProxiedFilterChain.doFilter(ProxiedFilterChain.java:66)
	at org.apache.shiro.web.servlet.AbstractShiroFilter.executeChain(AbstractShiroFilter.java:458)
	at org.apache.shiro.web.servlet.AbstractShiroFilter$1.call(AbstractShiroFilter.java:373)
	at org.apache.shiro.subject.support.SubjectCallable.doCall(SubjectCallable.java:90)
	at org.apache.shiro.subject.support.SubjectCallable.call(SubjectCallable.java:83)
	at org.apache.shiro.subject.support.DelegatingSubject.execute(DelegatingSubject.java:387)
	at org.apache.shiro.web.servlet.AbstractShiroFilter.doFilterInternal(AbstractShiroFilter.java:370)
	at org.apache.shiro.web.servlet.OncePerRequestFilter.doFilter(OncePerRequestFilter.java:154)
	at org.apache.catalina.core.ApplicationFilterChain.internalDoFilter(ApplicationFilterChain.java:178)
	at org.apache.catalina.core.ApplicationFilterChain.doFilter(ApplicationFilterChain.java:153)
	at org.springframework.web.filter.RequestContextFilter.doFilterInternal(RequestContextFilter.java:100)
	at org.springframework.web.filter.OncePerRequestFilter.doFilter(OncePerRequestFilter.java:117)
	at org.apache.catalina.core.ApplicationFilterChain.internalDoFilter(ApplicationFilterChain.java:178)
	at org.apache.catalina.core.ApplicationFilterChain.doFilter(ApplicationFilterChain.java:153)
	at org.springframework.web.filter.FormContentFilter.doFilterInternal(FormContentFilter.java:93)
	at org.springframework.web.filter.OncePerRequestFilter.doFilter(OncePerRequestFilter.java:117)
	at org.apache.catalina.core.ApplicationFilterChain.internalDoFilter(ApplicationFilterChain.java:178)
	at org.apache.catalina.core.ApplicationFilterChain.doFilter(ApplicationFilterChain.java:153)
	at org.springframework.boot.actuate.metrics.web.servlet.WebMvcMetricsFilter.doFilterInternal(WebMvcMetricsFilter.java:96)
	at org.springframework.web.filter.OncePerRequestFilter.doFilter(OncePerRequestFilter.java:117)
	at org.apache.catalina.core.ApplicationFilterChain.internalDoFilter(ApplicationFilterChain.java:178)
	at org.apache.catalina.core.ApplicationFilterChain.doFilter(ApplicationFilterChain.java:153)
	at org.springframework.web.filter.CharacterEncodingFilter.doFilterInternal(CharacterEncodingFilter.java:201)
	at org.springframework.web.filter.OncePerRequestFilter.doFilter(OncePerRequestFilter.java:117)
	at org.apache.catalina.core.ApplicationFilterChain.internalDoFilter(ApplicationFilterChain.java:178)
	at org.apache.catalina.core.ApplicationFilterChain.doFilter(ApplicationFilterChain.java:153)
	at org.apache.catalina.core.StandardWrapperValve.invoke(StandardWrapperValve.java:168)
	at org.apache.catalina.core.StandardContextValve.invoke(StandardContextValve.java:90)
	at org.apache.catalina.authenticator.AuthenticatorBase.invoke(AuthenticatorBase.java:481)
	at org.apache.catalina.core.StandardHostValve.invoke(StandardHostValve.java:130)
	at org.apache.catalina.valves.ErrorReportValve.invoke(ErrorReportValve.java:93)
	at org.apache.catalina.core.StandardEngineValve.invoke(StandardEngineValve.java:74)
	at org.apache.catalina.connector.CoyoteAdapter.service(CoyoteAdapter.java:342)
	at org.apache.coyote.http11.Http11Processor.service(Http11Processor.java:390)
	at org.apache.coyote.AbstractProcessorLight.process(AbstractProcessorLight.java:63)
	at org.apache.coyote.AbstractProtocol$ConnectionHandler.process(AbstractProtocol.java:928)
	at org.apache.tomcat.util.net.NioEndpoint$SocketProcessor.doRun(NioEndpoint.java:1794)
	at org.apache.tomcat.util.net.SocketProcessorBase.run(SocketProcessorBase.java:52)
	at org.apache.tomcat.util.threads.ThreadPoolExecutor.runWorker(ThreadPoolExecutor.java:1191)
	at org.apache.tomcat.util.threads.ThreadPoolExecutor$Worker.run(ThreadPoolExecutor.java:659)
	at org.apache.tomcat.util.threads.TaskThread$WrappingRunnable.run(TaskThread.java:61)
	at java.base/java.lang.Thread.run(Thread.java:1583)
Caused by: java.sql.SQLSyntaxErrorException: Unknown column 'manufacturer_code' in 'field list'
	at com.mysql.cj.jdbc.exceptions.SQLError.createSQLException(SQLError.java:121)
	at com.mysql.cj.jdbc.exceptions.SQLExceptionsMapping.translateException(SQLExceptionsMapping.java:122)
	at com.mysql.cj.jdbc.ClientPreparedStatement.executeInternal(ClientPreparedStatement.java:916)
	at com.mysql.cj.jdbc.ClientPreparedStatement.execute(ClientPreparedStatement.java:354)
	at com.alibaba.druid.filter.FilterChainImpl.preparedStatement_execute(FilterChainImpl.java:3446)
	at com.alibaba.druid.filter.FilterEventAdapter.preparedStatement_execute(FilterEventAdapter.java:434)
	at com.alibaba.druid.filter.FilterChainImpl.preparedStatement_execute(FilterChainImpl.java:3444)
	at com.alibaba.druid.wall.WallFilter.preparedStatement_execute(WallFilter.java:639)
	at com.alibaba.druid.filter.FilterChainImpl.preparedStatement_execute(FilterChainImpl.java:3444)
	at com.alibaba.druid.filter.FilterEventAdapter.preparedStatement_execute(FilterEventAdapter.java:434)
	at com.alibaba.druid.filter.FilterChainImpl.preparedStatement_execute(FilterChainImpl.java:3444)
	at com.alibaba.druid.proxy.jdbc.PreparedStatementProxyImpl.execute(PreparedStatementProxyImpl.java:158)
	at com.alibaba.druid.pool.DruidPooledPreparedStatement.execute(DruidPooledPreparedStatement.java:483)
	at org.apache.ibatis.executor.statement.PreparedStatementHandler.query(PreparedStatementHandler.java:64)
	at org.apache.ibatis.executor.statement.RoutingStatementHandler.query(RoutingStatementHandler.java:79)
	at java.base/jdk.internal.reflect.DirectMethodHandleAccessor.invoke(DirectMethodHandleAccessor.java:103)
	at java.base/java.lang.reflect.Method.invoke(Method.java:580)
	at org.apache.ibatis.plugin.Plugin.invoke(Plugin.java:64)
	at jdk.proxy2/jdk.proxy2.$Proxy394.query(Unknown Source)
	at org.apache.ibatis.executor.SimpleExecutor.doQuery(SimpleExecutor.java:63)
	at org.apache.ibatis.executor.BaseExecutor.queryFromDatabase(BaseExecutor.java:325)
	at org.apache.ibatis.executor.BaseExecutor.query(BaseExecutor.java:156)
	at org.apache.ibatis.executor.CachingExecutor.query(CachingExecutor.java:109)
	at java.base/jdk.internal.reflect.DirectMethodHandleAccessor.invoke(DirectMethodHandleAccessor.java:103)
	at java.base/java.lang.reflect.Method.invoke(Method.java:580)
	at org.apache.ibatis.plugin.Plugin.invoke(Plugin.java:64)
	at jdk.proxy2/jdk.proxy2.$Proxy393.query(Unknown Source)
	at com.baomidou.mybatisplus.extension.plugins.MybatisPlusInterceptor.intercept(MybatisPlusInterceptor.java:81)
	at org.apache.ibatis.plugin.Plugin.invoke(Plugin.java:62)
	at jdk.proxy2/jdk.proxy2.$Proxy393.query(Unknown Source)
	at org.apache.ibatis.session.defaults.DefaultSqlSession.selectList(DefaultSqlSession.java:151)
	at org.apache.ibatis.session.defaults.DefaultSqlSession.selectList(DefaultSqlSession.java:145)
	at org.apache.ibatis.session.defaults.DefaultSqlSession.selectList(DefaultSqlSession.java:140)
	at org.apache.ibatis.session.defaults.DefaultSqlSession.selectOne(DefaultSqlSession.java:76)
	at java.base/jdk.internal.reflect.DirectMethodHandleAccessor.invoke(DirectMethodHandleAccessor.java:103)
	at java.base/java.lang.reflect.Method.invoke(Method.java:580)
	at org.mybatis.spring.SqlSessionTemplate$SqlSessionInterceptor.invoke(SqlSessionTemplate.java:427)
	... 122 common frames omitted
2026-08-17 12:54:37.704 [http-nio-8080-exec-9] ERROR druid.sql.Statement:148 - {conn-10005, pstmt-20022} execute error. SELECT id, username, realname, password, salt, avatar, birthday, sex, email, phone, org_code, status, del_flag, work_no, post, telephone, create_by, create_time, update_by, update_time, activiti_sync, user_identity, depart_ids, rel_tenant_ids, client_id, fid_region, manufacturer_code FROM sys_user WHERE del_flag = 0 AND (username = ?)
java.sql.SQLSyntaxErrorException: Unknown column 'manufacturer_code' in 'field list'
	at com.mysql.cj.jdbc.exceptions.SQLError.createSQLException(SQLError.java:121)
	at com.mysql.cj.jdbc.exceptions.SQLExceptionsMapping.translateException(SQLExceptionsMapping.java:122)
	at com.mysql.cj.jdbc.ClientPreparedStatement.executeInternal(ClientPreparedStatement.java:916)
	at com.mysql.cj.jdbc.ClientPreparedStatement.execute(ClientPreparedStatement.java:354)
	at com.alibaba.druid.filter.FilterChainImpl.preparedStatement_execute(FilterChainImpl.java:3446)
	at com.alibaba.druid.filter.FilterEventAdapter.preparedStatement_execute(FilterEventAdapter.java:434)
	at com.alibaba.druid.filter.FilterChainImpl.preparedStatement_execute(FilterChainImpl.java:3444)
	at com.alibaba.druid.wall.WallFilter.preparedStatement_execute(WallFilter.java:639)
	at com.alibaba.druid.filter.FilterChainImpl.preparedStatement_execute(FilterChainImpl.java:3444)
	at com.alibaba.druid.filter.FilterEventAdapter.preparedStatement_execute(FilterEventAdapter.java:434)
	at com.alibaba.druid.filter.FilterChainImpl.preparedStatement_execute(FilterChainImpl.java:3444)
	at com.alibaba.druid.proxy.jdbc.PreparedStatementProxyImpl.execute(PreparedStatementProxyImpl.java:158)
	at com.alibaba.druid.pool.DruidPooledPreparedStatement.execute(DruidPooledPreparedStatement.java:483)
	at org.apache.ibatis.executor.statement.PreparedStatementHandler.query(PreparedStatementHandler.java:64)
	at org.apache.ibatis.executor.statement.RoutingStatementHandler.query(RoutingStatementHandler.java:79)
	at java.base/jdk.internal.reflect.DirectMethodHandleAccessor.invoke(DirectMethodHandleAccessor.java:103)
	at java.base/java.lang.reflect.Method.invoke(Method.java:580)
	at org.apache.ibatis.plugin.Plugin.invoke(Plugin.java:64)
	at jdk.proxy2/jdk.proxy2.$Proxy394.query(Unknown Source)
	at org.apache.ibatis.executor.SimpleExecutor.doQuery(SimpleExecutor.java:63)
	at org.apache.ibatis.executor.BaseExecutor.queryFromDatabase(BaseExecutor.java:325)
	at org.apache.ibatis.executor.BaseExecutor.query(BaseExecutor.java:156)
	at org.apache.ibatis.executor.CachingExecutor.query(CachingExecutor.java:109)
	at java.base/jdk.internal.reflect.DirectMethodHandleAccessor.invoke(DirectMethodHandleAccessor.java:103)
	at java.base/java.lang.reflect.Method.invoke(Method.java:580)
	at org.apache.ibatis.plugin.Plugin.invoke(Plugin.java:64)
	at jdk.proxy2/jdk.proxy2.$Proxy393.query(Unknown Source)
	at com.baomidou.mybatisplus.extension.plugins.MybatisPlusInterceptor.intercept(MybatisPlusInterceptor.java:81)
	at org.apache.ibatis.plugin.Plugin.invoke(Plugin.java:62)
	at jdk.proxy2/jdk.proxy2.$Proxy393.query(Unknown Source)
	at org.apache.ibatis.session.defaults.DefaultSqlSession.selectList(DefaultSqlSession.java:151)
	at org.apache.ibatis.session.defaults.DefaultSqlSession.selectList(DefaultSqlSession.java:145)
	at org.apache.ibatis.session.defaults.DefaultSqlSession.selectList(DefaultSqlSession.java:140)
	at org.apache.ibatis.session.defaults.DefaultSqlSession.selectOne(DefaultSqlSession.java:76)
	at java.base/jdk.internal.reflect.DirectMethodHandleAccessor.invoke(DirectMethodHandleAccessor.java:103)
	at java.base/java.lang.reflect.Method.invoke(Method.java:580)
	at org.mybatis.spring.SqlSessionTemplate$SqlSessionInterceptor.invoke(SqlSessionTemplate.java:427)
	at jdk.proxy2/jdk.proxy2.$Proxy137.selectOne(Unknown Source)
	at org.mybatis.spring.SqlSessionTemplate.selectOne(SqlSessionTemplate.java:160)
	at com.baomidou.mybatisplus.core.override.MybatisMapperMethod.execute(MybatisMapperMethod.java:89)
	at com.baomidou.mybatisplus.core.override.MybatisMapperProxy$PlainMethodInvoker.invoke(MybatisMapperProxy.java:148)
	at com.baomidou.mybatisplus.core.override.MybatisMapperProxy.invoke(MybatisMapperProxy.java:89)
	at jdk.proxy2/jdk.proxy2.$Proxy139.selectOne(Unknown Source)
	at com.baomidou.mybatisplus.extension.service.impl.ServiceImpl.getOne(ServiceImpl.java:202)
	at com.baomidou.mybatisplus.extension.service.IService.getOne(IService.java:229)
	at com.baomidou.mybatisplus.extension.service.IService$$FastClassBySpringCGLIB$$f8525d18.invoke(<generated>)
	at org.springframework.cglib.proxy.MethodProxy.invoke(MethodProxy.java:218)
	at org.springframework.aop.framework.CglibAopProxy.invokeMethod(CglibAopProxy.java:386)
	at org.springframework.aop.framework.CglibAopProxy.access$000(CglibAopProxy.java:85)
	at org.springframework.aop.framework.CglibAopProxy$DynamicAdvisedInterceptor.intercept(CglibAopProxy.java:703)
	at org.jeecg.modules.system.service.impl.SysUserServiceImpl$$EnhancerBySpringCGLIB$$f55eed5c.getOne(<generated>)
	at org.jeecg.modules.system.controller.LoginController.login2(LoginController.java:133)
	at org.jeecg.modules.system.controller.LoginController$$FastClassBySpringCGLIB$$b307ab61.invoke(<generated>)
	at org.springframework.cglib.proxy.MethodProxy.invoke(MethodProxy.java:218)
	at org.springframework.aop.framework.CglibAopProxy$CglibMethodInvocation.invokeJoinpoint(CglibAopProxy.java:792)
	at org.springframework.aop.framework.ReflectiveMethodInvocation.proceed(ReflectiveMethodInvocation.java:163)
	at org.springframework.aop.framework.CglibAopProxy$CglibMethodInvocation.proceed(CglibAopProxy.java:762)
	at org.springframework.aop.aspectj.MethodInvocationProceedingJoinPoint.proceed(MethodInvocationProceedingJoinPoint.java:89)
	at org.jeecg.common.aspect.DictAspect.doAround(DictAspect.java:54)
	at java.base/jdk.internal.reflect.DirectMethodHandleAccessor.invoke(DirectMethodHandleAccessor.java:103)
	at java.base/java.lang.reflect.Method.invoke(Method.java:580)
	at org.springframework.aop.aspectj.AbstractAspectJAdvice.invokeAdviceMethodWithGivenArgs(AbstractAspectJAdvice.java:634)
	at org.springframework.aop.aspectj.AbstractAspectJAdvice.invokeAdviceMethod(AbstractAspectJAdvice.java:624)
	at org.springframework.aop.aspectj.AspectJAroundAdvice.invoke(AspectJAroundAdvice.java:72)
	at org.springframework.aop.framework.ReflectiveMethodInvocation.proceed(ReflectiveMethodInvocation.java:186)
	at org.springframework.aop.framework.CglibAopProxy$CglibMethodInvocation.proceed(CglibAopProxy.java:762)
	at org.springframework.cache.interceptor.CacheInterceptor.lambda$invoke$0(CacheInterceptor.java:54)
	at org.springframework.cache.interceptor.CacheAspectSupport.invokeOperation(CacheAspectSupport.java:366)
	at org.springframework.cache.interceptor.CacheAspectSupport.execute(CacheAspectSupport.java:420)
	at org.springframework.cache.interceptor.CacheAspectSupport.execute(CacheAspectSupport.java:345)
	at org.springframework.cache.interceptor.CacheInterceptor.invoke(CacheInterceptor.java:64)
	at org.springframework.aop.framework.ReflectiveMethodInvocation.proceed(ReflectiveMethodInvocation.java:186)
	at org.springframework.aop.framework.CglibAopProxy$CglibMethodInvocation.proceed(CglibAopProxy.java:762)
	at org.springframework.aop.interceptor.ExposeInvocationInterceptor.invoke(ExposeInvocationInterceptor.java:97)
	at org.springframework.aop.framework.ReflectiveMethodInvocation.proceed(ReflectiveMethodInvocation.java:186)
	at org.springframework.aop.framework.CglibAopProxy$CglibMethodInvocation.proceed(CglibAopProxy.java:762)
	at org.springframework.aop.framework.CglibAopProxy$DynamicAdvisedInterceptor.intercept(CglibAopProxy.java:707)
	at org.jeecg.modules.system.controller.LoginController$$EnhancerBySpringCGLIB$$6622d7e2.login2(<generated>)
	at java.base/jdk.internal.reflect.DirectMethodHandleAccessor.invoke(DirectMethodHandleAccessor.java:103)
	at java.base/java.lang.reflect.Method.invoke(Method.java:580)
	at org.springframework.web.method.support.InvocableHandlerMethod.doInvoke(InvocableHandlerMethod.java:205)
	at org.springframework.web.method.support.InvocableHandlerMethod.invokeForRequest(InvocableHandlerMethod.java:150)
	at org.springframework.web.servlet.mvc.method.annotation.ServletInvocableHandlerMethod.invokeAndHandle(ServletInvocableHandlerMethod.java:117)
	at org.springframework.web.servlet.mvc.method.annotation.RequestMappingHandlerAdapter.invokeHandlerMethod(RequestMappingHandlerAdapter.java:895)
	at org.springframework.web.servlet.mvc.method.annotation.RequestMappingHandlerAdapter.handleInternal(RequestMappingHandlerAdapter.java:808)
	at org.springframework.web.servlet.mvc.method.AbstractHandlerMethodAdapter.handle(AbstractHandlerMethodAdapter.java:87)
	at org.springframework.web.servlet.DispatcherServlet.doDispatch(DispatcherServlet.java:1072)
	at org.springframework.web.servlet.DispatcherServlet.doService(DispatcherServlet.java:965)
	at org.springframework.web.servlet.FrameworkServlet.processRequest(FrameworkServlet.java:1006)
	at org.springframework.web.servlet.FrameworkServlet.doPost(FrameworkServlet.java:909)
	at javax.servlet.http.HttpServlet.service(HttpServlet.java:555)
	at org.springframework.web.servlet.FrameworkServlet.service(FrameworkServlet.java:883)
	at javax.servlet.http.HttpServlet.service(HttpServlet.java:623)
	at org.apache.catalina.core.ApplicationFilterChain.internalDoFilter(ApplicationFilterChain.java:209)
	at org.apache.catalina.core.ApplicationFilterChain.doFilter(ApplicationFilterChain.java:153)
	at org.apache.tomcat.websocket.server.WsFilter.doFilter(WsFilter.java:51)
	at org.apache.catalina.core.ApplicationFilterChain.internalDoFilter(ApplicationFilterChain.java:178)
	at org.apache.catalina.core.ApplicationFilterChain.doFilter(ApplicationFilterChain.java:153)
	at org.springframework.web.filter.CorsFilter.doFilterInternal(CorsFilter.java:91)
	at org.springframework.web.filter.OncePerRequestFilter.doFilter(OncePerRequestFilter.java:117)
	at org.apache.catalina.core.ApplicationFilterChain.internalDoFilter(ApplicationFilterChain.java:178)
	at org.apache.catalina.core.ApplicationFilterChain.doFilter(ApplicationFilterChain.java:153)
	at com.alibaba.druid.support.http.WebStatFilter.doFilter(WebStatFilter.java:114)
	at org.apache.catalina.core.ApplicationFilterChain.internalDoFilter(ApplicationFilterChain.java:178)
	at org.apache.catalina.core.ApplicationFilterChain.doFilter(ApplicationFilterChain.java:153)
	at org.springframework.boot.actuate.web.trace.servlet.HttpTraceFilter.doFilterInternal(HttpTraceFilter.java:88)
	at org.springframework.web.filter.OncePerRequestFilter.doFilter(OncePerRequestFilter.java:117)
	at org.apache.catalina.core.ApplicationFilterChain.internalDoFilter(ApplicationFilterChain.java:178)
	at org.apache.catalina.core.ApplicationFilterChain.doFilter(ApplicationFilterChain.java:153)
	at org.apache.shiro.web.servlet.ProxiedFilterChain.doFilter(ProxiedFilterChain.java:61)
	at org.apache.shiro.web.servlet.AdviceFilter.executeChain(AdviceFilter.java:108)
	at org.apache.shiro.web.servlet.AdviceFilter.doFilterInternal(AdviceFilter.java:137)
	at org.apache.shiro.web.servlet.OncePerRequestFilter.doFilter(OncePerRequestFilter.java:154)
	at org.apache.shiro.web.servlet.ProxiedFilterChain.doFilter(ProxiedFilterChain.java:66)
	at org.apache.shiro.web.servlet.AdviceFilter.executeChain(AdviceFilter.java:108)
	at org.apache.shiro.web.servlet.AdviceFilter.doFilterInternal(AdviceFilter.java:137)
	at org.apache.shiro.web.servlet.OncePerRequestFilter.doFilter(OncePerRequestFilter.java:154)
	at org.apache.shiro.web.servlet.ProxiedFilterChain.doFilter(ProxiedFilterChain.java:66)
	at org.apache.shiro.web.servlet.AbstractShiroFilter.executeChain(AbstractShiroFilter.java:458)
	at org.apache.shiro.web.servlet.AbstractShiroFilter$1.call(AbstractShiroFilter.java:373)
	at org.apache.shiro.subject.support.SubjectCallable.doCall(SubjectCallable.java:90)
	at org.apache.shiro.subject.support.SubjectCallable.call(SubjectCallable.java:83)
	at org.apache.shiro.subject.support.DelegatingSubject.execute(DelegatingSubject.java:387)
	at org.apache.shiro.web.servlet.AbstractShiroFilter.doFilterInternal(AbstractShiroFilter.java:370)
	at org.apache.shiro.web.servlet.OncePerRequestFilter.doFilter(OncePerRequestFilter.java:154)
	at org.apache.catalina.core.ApplicationFilterChain.internalDoFilter(ApplicationFilterChain.java:178)
	at org.apache.catalina.core.ApplicationFilterChain.doFilter(ApplicationFilterChain.java:153)
	at org.springframework.web.filter.RequestContextFilter.doFilterInternal(RequestContextFilter.java:100)
	at org.springframework.web.filter.OncePerRequestFilter.doFilter(OncePerRequestFilter.java:117)
	at org.apache.catalina.core.ApplicationFilterChain.internalDoFilter(ApplicationFilterChain.java:178)
	at org.apache.catalina.core.ApplicationFilterChain.doFilter(ApplicationFilterChain.java:153)
	at org.springframework.web.filter.FormContentFilter.doFilterInternal(FormContentFilter.java:93)
	at org.springframework.web.filter.OncePerRequestFilter.doFilter(OncePerRequestFilter.java:117)
	at org.apache.catalina.core.ApplicationFilterChain.internalDoFilter(ApplicationFilterChain.java:178)
	at org.apache.catalina.core.ApplicationFilterChain.doFilter(ApplicationFilterChain.java:153)
	at org.springframework.boot.actuate.metrics.web.servlet.WebMvcMetricsFilter.doFilterInternal(WebMvcMetricsFilter.java:96)
	at org.springframework.web.filter.OncePerRequestFilter.doFilter(OncePerRequestFilter.java:117)
	at org.apache.catalina.core.ApplicationFilterChain.internalDoFilter(ApplicationFilterChain.java:178)
	at org.apache.catalina.core.ApplicationFilterChain.doFilter(ApplicationFilterChain.java:153)
	at org.springframework.web.filter.CharacterEncodingFilter.doFilterInternal(CharacterEncodingFilter.java:201)
	at org.springframework.web.filter.OncePerRequestFilter.doFilter(OncePerRequestFilter.java:117)
	at org.apache.catalina.core.ApplicationFilterChain.internalDoFilter(ApplicationFilterChain.java:178)
	at org.apache.catalina.core.ApplicationFilterChain.doFilter(ApplicationFilterChain.java:153)
	at org.apache.catalina.core.StandardWrapperValve.invoke(StandardWrapperValve.java:168)
	at org.apache.catalina.core.StandardContextValve.invoke(StandardContextValve.java:90)
	at org.apache.catalina.authenticator.AuthenticatorBase.invoke(AuthenticatorBase.java:481)
	at org.apache.catalina.core.StandardHostValve.invoke(StandardHostValve.java:130)
	at org.apache.catalina.valves.ErrorReportValve.invoke(ErrorReportValve.java:93)
	at org.apache.catalina.core.StandardEngineValve.invoke(StandardEngineValve.java:74)
	at org.apache.catalina.connector.CoyoteAdapter.service(CoyoteAdapter.java:342)
	at org.apache.coyote.http11.Http11Processor.service(Http11Processor.java:390)
	at org.apache.coyote.AbstractProcessorLight.process(AbstractProcessorLight.java:63)
	at org.apache.coyote.AbstractProtocol$ConnectionHandler.process(AbstractProtocol.java:928)
	at org.apache.tomcat.util.net.NioEndpoint$SocketProcessor.doRun(NioEndpoint.java:1794)
	at org.apache.tomcat.util.net.SocketProcessorBase.run(SocketProcessorBase.java:52)
	at org.apache.tomcat.util.threads.ThreadPoolExecutor.runWorker(ThreadPoolExecutor.java:1191)
	at org.apache.tomcat.util.threads.ThreadPoolExecutor$Worker.run(ThreadPoolExecutor.java:659)
	at org.apache.tomcat.util.threads.TaskThread$WrappingRunnable.run(TaskThread.java:61)
	at java.base/java.lang.Thread.run(Thread.java:1583)
2026-08-17 12:54:37.706 [http-nio-8080-exec-9] ERROR o.jeecg.common.exception.JeecgBootExceptionHandler:57 - 
### Error querying database.  Cause: java.sql.SQLSyntaxErrorException: Unknown column 'manufacturer_code' in 'field list'
### The error may exist in org/jeecg/modules/system/mapper/SysUserMapper.java (best guess)
### The error may involve defaultParameterMap
### The error occurred while setting parameters
### SQL: SELECT id, username, realname, password, salt, avatar, birthday, sex, email, phone, org_code, status, del_flag, work_no, post, telephone, create_by, create_time, update_by, update_time, activiti_sync, user_identity, depart_ids, rel_tenant_ids, client_id, fid_region, manufacturer_code FROM sys_user WHERE del_flag = 0 AND (username = ?)
### Cause: java.sql.SQLSyntaxErrorException: Unknown column 'manufacturer_code' in 'field list'
; bad SQL grammar []; nested exception is java.sql.SQLSyntaxErrorException: Unknown column 'manufacturer_code' in 'field list'
org.springframework.jdbc.BadSqlGrammarException: 
### Error querying database.  Cause: java.sql.SQLSyntaxErrorException: Unknown column 'manufacturer_code' in 'field list'
### The error may exist in org/jeecg/modules/system/mapper/SysUserMapper.java (best guess)
### The error may involve defaultParameterMap
### The error occurred while setting parameters
### SQL: SELECT id, username, realname, password, salt, avatar, birthday, sex, email, phone, org_code, status, del_flag, work_no, post, telephone, create_by, create_time, update_by, update_time, activiti_sync, user_identity, depart_ids, rel_tenant_ids, client_id, fid_region, manufacturer_code FROM sys_user WHERE del_flag = 0 AND (username = ?)
### Cause: java.sql.SQLSyntaxErrorException: Unknown column 'manufacturer_code' in 'field list'
; bad SQL grammar []; nested exception is java.sql.SQLSyntaxErrorException: Unknown column 'manufacturer_code' in 'field list'
	at org.springframework.jdbc.support.SQLErrorCodeSQLExceptionTranslator.doTranslate(SQLErrorCodeSQLExceptionTranslator.java:236)
	at org.springframework.jdbc.support.AbstractFallbackSQLExceptionTranslator.translate(AbstractFallbackSQLExceptionTranslator.java:73)
	at org.mybatis.spring.MyBatisExceptionTranslator.translateExceptionIfPossible(MyBatisExceptionTranslator.java:91)
	at org.mybatis.spring.SqlSessionTemplate$SqlSessionInterceptor.invoke(SqlSessionTemplate.java:441)
	at jdk.proxy2/jdk.proxy2.$Proxy137.selectOne(Unknown Source)
	at org.mybatis.spring.SqlSessionTemplate.selectOne(SqlSessionTemplate.java:160)
	at com.baomidou.mybatisplus.core.override.MybatisMapperMethod.execute(MybatisMapperMethod.java:89)
	at com.baomidou.mybatisplus.core.override.MybatisMapperProxy$PlainMethodInvoker.invoke(MybatisMapperProxy.java:148)
	at com.baomidou.mybatisplus.core.override.MybatisMapperProxy.invoke(MybatisMapperProxy.java:89)
	at jdk.proxy2/jdk.proxy2.$Proxy139.selectOne(Unknown Source)
	at com.baomidou.mybatisplus.extension.service.impl.ServiceImpl.getOne(ServiceImpl.java:202)
	at com.baomidou.mybatisplus.extension.service.IService.getOne(IService.java:229)
	at com.baomidou.mybatisplus.extension.service.IService$$FastClassBySpringCGLIB$$f8525d18.invoke(<generated>)
	at org.springframework.cglib.proxy.MethodProxy.invoke(MethodProxy.java:218)
	at org.springframework.aop.framework.CglibAopProxy.invokeMethod(CglibAopProxy.java:386)
	at org.springframework.aop.framework.CglibAopProxy.access$000(CglibAopProxy.java:85)
	at org.springframework.aop.framework.CglibAopProxy$DynamicAdvisedInterceptor.intercept(CglibAopProxy.java:703)
	at org.jeecg.modules.system.service.impl.SysUserServiceImpl$$EnhancerBySpringCGLIB$$f55eed5c.getOne(<generated>)
	at org.jeecg.modules.system.controller.LoginController.login2(LoginController.java:133)
	at org.jeecg.modules.system.controller.LoginController$$FastClassBySpringCGLIB$$b307ab61.invoke(<generated>)
	at org.springframework.cglib.proxy.MethodProxy.invoke(MethodProxy.java:218)
	at org.springframework.aop.framework.CglibAopProxy$CglibMethodInvocation.invokeJoinpoint(CglibAopProxy.java:792)
	at org.springframework.aop.framework.ReflectiveMethodInvocation.proceed(ReflectiveMethodInvocation.java:163)
	at org.springframework.aop.framework.CglibAopProxy$CglibMethodInvocation.proceed(CglibAopProxy.java:762)
	at org.springframework.aop.aspectj.MethodInvocationProceedingJoinPoint.proceed(MethodInvocationProceedingJoinPoint.java:89)
	at org.jeecg.common.aspect.DictAspect.doAround(DictAspect.java:54)
	at java.base/jdk.internal.reflect.DirectMethodHandleAccessor.invoke(DirectMethodHandleAccessor.java:103)
	at java.base/java.lang.reflect.Method.invoke(Method.java:580)
	at org.springframework.aop.aspectj.AbstractAspectJAdvice.invokeAdviceMethodWithGivenArgs(AbstractAspectJAdvice.java:634)
	at org.springframework.aop.aspectj.AbstractAspectJAdvice.invokeAdviceMethod(AbstractAspectJAdvice.java:624)
	at org.springframework.aop.aspectj.AspectJAroundAdvice.invoke(AspectJAroundAdvice.java:72)
	at org.springframework.aop.framework.ReflectiveMethodInvocation.proceed(ReflectiveMethodInvocation.java:186)
	at org.springframework.aop.framework.CglibAopProxy$CglibMethodInvocation.proceed(CglibAopProxy.java:762)
	at org.springframework.cache.interceptor.CacheInterceptor.lambda$invoke$0(CacheInterceptor.java:54)
	at org.springframework.cache.interceptor.CacheAspectSupport.invokeOperation(CacheAspectSupport.java:366)
	at org.springframework.cache.interceptor.CacheAspectSupport.execute(CacheAspectSupport.java:420)
	at org.springframework.cache.interceptor.CacheAspectSupport.execute(CacheAspectSupport.java:345)
	at org.springframework.cache.interceptor.CacheInterceptor.invoke(CacheInterceptor.java:64)
	at org.springframework.aop.framework.ReflectiveMethodInvocation.proceed(ReflectiveMethodInvocation.java:186)
	at org.springframework.aop.framework.CglibAopProxy$CglibMethodInvocation.proceed(CglibAopProxy.java:762)
	at org.springframework.aop.interceptor.ExposeInvocationInterceptor.invoke(ExposeInvocationInterceptor.java:97)
	at org.springframework.aop.framework.ReflectiveMethodInvocation.proceed(ReflectiveMethodInvocation.java:186)
	at org.springframework.aop.framework.CglibAopProxy$CglibMethodInvocation.proceed(CglibAopProxy.java:762)
	at org.springframework.aop.framework.CglibAopProxy$DynamicAdvisedInterceptor.intercept(CglibAopProxy.java:707)
	at org.jeecg.modules.system.controller.LoginController$$EnhancerBySpringCGLIB$$6622d7e2.login2(<generated>)
	at java.base/jdk.internal.reflect.DirectMethodHandleAccessor.invoke(DirectMethodHandleAccessor.java:103)
	at java.base/java.lang.reflect.Method.invoke(Method.java:580)
	at org.springframework.web.method.support.InvocableHandlerMethod.doInvoke(InvocableHandlerMethod.java:205)
	at org.springframework.web.method.support.InvocableHandlerMethod.invokeForRequest(InvocableHandlerMethod.java:150)
	at org.springframework.web.servlet.mvc.method.annotation.ServletInvocableHandlerMethod.invokeAndHandle(ServletInvocableHandlerMethod.java:117)
	at org.springframework.web.servlet.mvc.method.annotation.RequestMappingHandlerAdapter.invokeHandlerMethod(RequestMappingHandlerAdapter.java:895)
	at org.springframework.web.servlet.mvc.method.annotation.RequestMappingHandlerAdapter.handleInternal(RequestMappingHandlerAdapter.java:808)
	at org.springframework.web.servlet.mvc.method.AbstractHandlerMethodAdapter.handle(AbstractHandlerMethodAdapter.java:87)
	at org.springframework.web.servlet.DispatcherServlet.doDispatch(DispatcherServlet.java:1072)
	at org.springframework.web.servlet.DispatcherServlet.doService(DispatcherServlet.java:965)
	at org.springframework.web.servlet.FrameworkServlet.processRequest(FrameworkServlet.java:1006)
	at org.springframework.web.servlet.FrameworkServlet.doPost(FrameworkServlet.java:909)
	at javax.servlet.http.HttpServlet.service(HttpServlet.java:555)
	at org.springframework.web.servlet.FrameworkServlet.service(FrameworkServlet.java:883)
	at javax.servlet.http.HttpServlet.service(HttpServlet.java:623)
	at org.apache.catalina.core.ApplicationFilterChain.internalDoFilter(ApplicationFilterChain.java:209)
	at org.apache.catalina.core.ApplicationFilterChain.doFilter(ApplicationFilterChain.java:153)
	at org.apache.tomcat.websocket.server.WsFilter.doFilter(WsFilter.java:51)
	at org.apache.catalina.core.ApplicationFilterChain.internalDoFilter(ApplicationFilterChain.java:178)
	at org.apache.catalina.core.ApplicationFilterChain.doFilter(ApplicationFilterChain.java:153)
	at org.springframework.web.filter.CorsFilter.doFilterInternal(CorsFilter.java:91)
	at org.springframework.web.filter.OncePerRequestFilter.doFilter(OncePerRequestFilter.java:117)
	at org.apache.catalina.core.ApplicationFilterChain.internalDoFilter(ApplicationFilterChain.java:178)
	at org.apache.catalina.core.ApplicationFilterChain.doFilter(ApplicationFilterChain.java:153)
	at com.alibaba.druid.support.http.WebStatFilter.doFilter(WebStatFilter.java:114)
	at org.apache.catalina.core.ApplicationFilterChain.internalDoFilter(ApplicationFilterChain.java:178)
	at org.apache.catalina.core.ApplicationFilterChain.doFilter(ApplicationFilterChain.java:153)
	at org.springframework.boot.actuate.web.trace.servlet.HttpTraceFilter.doFilterInternal(HttpTraceFilter.java:88)
	at org.springframework.web.filter.OncePerRequestFilter.doFilter(OncePerRequestFilter.java:117)
	at org.apache.catalina.core.ApplicationFilterChain.internalDoFilter(ApplicationFilterChain.java:178)
	at org.apache.catalina.core.ApplicationFilterChain.doFilter(ApplicationFilterChain.java:153)
	at org.apache.shiro.web.servlet.ProxiedFilterChain.doFilter(ProxiedFilterChain.java:61)
	at org.apache.shiro.web.servlet.AdviceFilter.executeChain(AdviceFilter.java:108)
	at org.apache.shiro.web.servlet.AdviceFilter.doFilterInternal(AdviceFilter.java:137)
	at org.apache.shiro.web.servlet.OncePerRequestFilter.doFilter(OncePerRequestFilter.java:154)
	at org.apache.shiro.web.servlet.ProxiedFilterChain.doFilter(ProxiedFilterChain.java:66)
	at org.apache.shiro.web.servlet.AdviceFilter.executeChain(AdviceFilter.java:108)
	at org.apache.shiro.web.servlet.AdviceFilter.doFilterInternal(AdviceFilter.java:137)
	at org.apache.shiro.web.servlet.OncePerRequestFilter.doFilter(OncePerRequestFilter.java:154)
	at org.apache.shiro.web.servlet.ProxiedFilterChain.doFilter(ProxiedFilterChain.java:66)
	at org.apache.shiro.web.servlet.AbstractShiroFilter.executeChain(AbstractShiroFilter.java:458)
	at org.apache.shiro.web.servlet.AbstractShiroFilter$1.call(AbstractShiroFilter.java:373)
	at org.apache.shiro.subject.support.SubjectCallable.doCall(SubjectCallable.java:90)
	at org.apache.shiro.subject.support.SubjectCallable.call(SubjectCallable.java:83)
	at org.apache.shiro.subject.support.DelegatingSubject.execute(DelegatingSubject.java:387)
	at org.apache.shiro.web.servlet.AbstractShiroFilter.doFilterInternal(AbstractShiroFilter.java:370)
	at org.apache.shiro.web.servlet.OncePerRequestFilter.doFilter(OncePerRequestFilter.java:154)
	at org.apache.catalina.core.ApplicationFilterChain.internalDoFilter(ApplicationFilterChain.java:178)
	at org.apache.catalina.core.ApplicationFilterChain.doFilter(ApplicationFilterChain.java:153)
	at org.springframework.web.filter.RequestContextFilter.doFilterInternal(RequestContextFilter.java:100)
	at org.springframework.web.filter.OncePerRequestFilter.doFilter(OncePerRequestFilter.java:117)
	at org.apache.catalina.core.ApplicationFilterChain.internalDoFilter(ApplicationFilterChain.java:178)
	at org.apache.catalina.core.ApplicationFilterChain.doFilter(ApplicationFilterChain.java:153)
	at org.springframework.web.filter.FormContentFilter.doFilterInternal(FormContentFilter.java:93)
	at org.springframework.web.filter.OncePerRequestFilter.doFilter(OncePerRequestFilter.java:117)
	at org.apache.catalina.core.ApplicationFilterChain.internalDoFilter(ApplicationFilterChain.java:178)
	at org.apache.catalina.core.ApplicationFilterChain.doFilter(ApplicationFilterChain.java:153)
	at org.springframework.boot.actuate.metrics.web.servlet.WebMvcMetricsFilter.doFilterInternal(WebMvcMetricsFilter.java:96)
	at org.springframework.web.filter.OncePerRequestFilter.doFilter(OncePerRequestFilter.java:117)
	at org.apache.catalina.core.ApplicationFilterChain.internalDoFilter(ApplicationFilterChain.java:178)
	at org.apache.catalina.core.ApplicationFilterChain.doFilter(ApplicationFilterChain.java:153)
	at org.springframework.web.filter.CharacterEncodingFilter.doFilterInternal(CharacterEncodingFilter.java:201)
	at org.springframework.web.filter.OncePerRequestFilter.doFilter(OncePerRequestFilter.java:117)
	at org.apache.catalina.core.ApplicationFilterChain.internalDoFilter(ApplicationFilterChain.java:178)
	at org.apache.catalina.core.ApplicationFilterChain.doFilter(ApplicationFilterChain.java:153)
	at org.apache.catalina.core.StandardWrapperValve.invoke(StandardWrapperValve.java:168)
	at org.apache.catalina.core.StandardContextValve.invoke(StandardContextValve.java:90)
	at org.apache.catalina.authenticator.AuthenticatorBase.invoke(AuthenticatorBase.java:481)
	at org.apache.catalina.core.StandardHostValve.invoke(StandardHostValve.java:130)
	at org.apache.catalina.valves.ErrorReportValve.invoke(ErrorReportValve.java:93)
	at org.apache.catalina.core.StandardEngineValve.invoke(StandardEngineValve.java:74)
	at org.apache.catalina.connector.CoyoteAdapter.service(CoyoteAdapter.java:342)
	at org.apache.coyote.http11.Http11Processor.service(Http11Processor.java:390)
	at org.apache.coyote.AbstractProcessorLight.process(AbstractProcessorLight.java:63)
	at org.apache.coyote.AbstractProtocol$ConnectionHandler.process(AbstractProtocol.java:928)
	at org.apache.tomcat.util.net.NioEndpoint$SocketProcessor.doRun(NioEndpoint.java:1794)
	at org.apache.tomcat.util.net.SocketProcessorBase.run(SocketProcessorBase.java:52)
	at org.apache.tomcat.util.threads.ThreadPoolExecutor.runWorker(ThreadPoolExecutor.java:1191)
	at org.apache.tomcat.util.threads.ThreadPoolExecutor$Worker.run(ThreadPoolExecutor.java:659)
	at org.apache.tomcat.util.threads.TaskThread$WrappingRunnable.run(TaskThread.java:61)
	at java.base/java.lang.Thread.run(Thread.java:1583)
Caused by: java.sql.SQLSyntaxErrorException: Unknown column 'manufacturer_code' in 'field list'
	at com.mysql.cj.jdbc.exceptions.SQLError.createSQLException(SQLError.java:121)
	at com.mysql.cj.jdbc.exceptions.SQLExceptionsMapping.translateException(SQLExceptionsMapping.java:122)
	at com.mysql.cj.jdbc.ClientPreparedStatement.executeInternal(ClientPreparedStatement.java:916)
	at com.mysql.cj.jdbc.ClientPreparedStatement.execute(ClientPreparedStatement.java:354)
	at com.alibaba.druid.filter.FilterChainImpl.preparedStatement_execute(FilterChainImpl.java:3446)
	at com.alibaba.druid.filter.FilterEventAdapter.preparedStatement_execute(FilterEventAdapter.java:434)
	at com.alibaba.druid.filter.FilterChainImpl.preparedStatement_execute(FilterChainImpl.java:3444)
	at com.alibaba.druid.wall.WallFilter.preparedStatement_execute(WallFilter.java:639)
	at com.alibaba.druid.filter.FilterChainImpl.preparedStatement_execute(FilterChainImpl.java:3444)
	at com.alibaba.druid.filter.FilterEventAdapter.preparedStatement_execute(FilterEventAdapter.java:434)
	at com.alibaba.druid.filter.FilterChainImpl.preparedStatement_execute(FilterChainImpl.java:3444)
	at com.alibaba.druid.proxy.jdbc.PreparedStatementProxyImpl.execute(PreparedStatementProxyImpl.java:158)
	at com.alibaba.druid.pool.DruidPooledPreparedStatement.execute(DruidPooledPreparedStatement.java:483)
	at org.apache.ibatis.executor.statement.PreparedStatementHandler.query(PreparedStatementHandler.java:64)
	at org.apache.ibatis.executor.statement.RoutingStatementHandler.query(RoutingStatementHandler.java:79)
	at java.base/jdk.internal.reflect.DirectMethodHandleAccessor.invoke(DirectMethodHandleAccessor.java:103)
	at java.base/java.lang.reflect.Method.invoke(Method.java:580)
	at org.apache.ibatis.plugin.Plugin.invoke(Plugin.java:64)
	at jdk.proxy2/jdk.proxy2.$Proxy394.query(Unknown Source)
	at org.apache.ibatis.executor.SimpleExecutor.doQuery(SimpleExecutor.java:63)
	at org.apache.ibatis.executor.BaseExecutor.queryFromDatabase(BaseExecutor.java:325)
	at org.apache.ibatis.executor.BaseExecutor.query(BaseExecutor.java:156)
	at org.apache.ibatis.executor.CachingExecutor.query(CachingExecutor.java:109)
	at java.base/jdk.internal.reflect.DirectMethodHandleAccessor.invoke(DirectMethodHandleAccessor.java:103)
	at java.base/java.lang.reflect.Method.invoke(Method.java:580)
	at org.apache.ibatis.plugin.Plugin.invoke(Plugin.java:64)
	at jdk.proxy2/jdk.proxy2.$Proxy393.query(Unknown Source)
	at com.baomidou.mybatisplus.extension.plugins.MybatisPlusInterceptor.intercept(MybatisPlusInterceptor.java:81)
	at org.apache.ibatis.plugin.Plugin.invoke(Plugin.java:62)
	at jdk.proxy2/jdk.proxy2.$Proxy393.query(Unknown Source)
	at org.apache.ibatis.session.defaults.DefaultSqlSession.selectList(DefaultSqlSession.java:151)
	at org.apache.ibatis.session.defaults.DefaultSqlSession.selectList(DefaultSqlSession.java:145)
	at org.apache.ibatis.session.defaults.DefaultSqlSession.selectList(DefaultSqlSession.java:140)
	at org.apache.ibatis.session.defaults.DefaultSqlSession.selectOne(DefaultSqlSession.java:76)
	at java.base/jdk.internal.reflect.DirectMethodHandleAccessor.invoke(DirectMethodHandleAccessor.java:103)
	at java.base/java.lang.reflect.Method.invoke(Method.java:580)
	at org.mybatis.spring.SqlSessionTemplate$SqlSessionInterceptor.invoke(SqlSessionTemplate.java:427)
	... 122 common frames omitted
2026-08-17 12:57:39.883 [http-nio-8080-exec-5] INFO  o.j.c.modules.redis.writer.JeecgRedisCacheWriter:130 - redis remove key:sys:cache:user::admin
2026-08-17 12:57:57.251 [http-nio-8080-exec-3] INFO  o.j.c.modules.redis.writer.JeecgRedisCacheWriter:130 - redis remove key:sys:cache:user::admin
2026-08-17 12:58:53.781 [http-nio-8080-exec-9] INFO  o.j.c.modules.redis.writer.JeecgRedisCacheWriter:130 - redis remove key:sys:cache:user::admin
2026-08-17 13:09:01.100 [background-preinit] INFO  org.hibernate.validator.internal.util.Version:21 - HV000001: Hibernate Validator 6.2.5.Final
2026-08-17 13:09:01.117 [main] INFO  org.jeecg.JeecgSystemApplication:55 - Starting JeecgSystemApplication v2.4.6 using Java 21.0.9 on DESKTOP-7A7ENNC with PID 72964 (D:\工作文档\软件工程教研室\2026\2026-2027（1）学期\软件工程技术综合实践\餐饮业油烟监控平台\后端代码\psms\jeecg-boot-module-system\target\jeecg-boot-module-system-2.4.6.jar started by HP in D:\工作文档\软件工程教研室\2026\2026-2027（1）学期\软件工程技术综合实践\餐饮业油烟监控平台\后端代码\psms\jeecg-boot-module-system\target)
2026-08-17 13:09:01.119 [main] INFO  org.jeecg.JeecgSystemApplication:638 - The following 1 profile is active: "dev"
2026-08-17 13:09:02.610 [main] INFO  o.s.d.r.config.RepositoryConfigurationDelegate:262 - Multiple Spring Data modules found, entering strict repository configuration mode
2026-08-17 13:09:02.612 [main] INFO  o.s.d.r.config.RepositoryConfigurationDelegate:132 - Bootstrapping Spring Data Redis repositories in DEFAULT mode.
2026-08-17 13:09:02.661 [main] INFO  o.s.d.r.config.RepositoryConfigurationDelegate:201 - Finished Spring Data repository scanning in 39 ms. Found 0 Redis repository interfaces.
2026-08-17 13:09:02.753 [main] INFO  o.j.minidao.auto.MinidaoAutoConfiguration:23 -  ******************* init miniDao config [ begin ] *********************** 
2026-08-17 13:09:02.753 [main] INFO  o.j.minidao.auto.MinidaoAutoConfiguration:25 -  ------ minidao.base-package ------- org.jeecg.modules.jmreport.*
2026-08-17 13:09:02.754 [main] INFO  o.j.minidao.auto.MinidaoAutoConfiguration:42 -  *******************  init miniDao config  [ end ] *********************** 
2026-08-17 13:09:02.795 [main] INFO  o.j.minidao.factory.MiniDaoClassPathMapperScanner:48 - register minidao name is { org.jeecg.modules.jmreport.desreport.dao.JimuReportDao }
2026-08-17 13:09:02.796 [main] INFO  o.j.minidao.factory.MiniDaoClassPathMapperScanner:48 - register minidao name is { org.jeecg.modules.jmreport.desreport.dao.JimuReportDataSourceDao }
2026-08-17 13:09:02.796 [main] INFO  o.j.minidao.factory.MiniDaoClassPathMapperScanner:48 - register minidao name is { org.jeecg.modules.jmreport.desreport.dao.JimuReportDbDao }
2026-08-17 13:09:02.796 [main] INFO  o.j.minidao.factory.MiniDaoClassPathMapperScanner:48 - register minidao name is { org.jeecg.modules.jmreport.desreport.dao.JimuReportDbFieldDao }
2026-08-17 13:09:02.796 [main] INFO  o.j.minidao.factory.MiniDaoClassPathMapperScanner:48 - register minidao name is { org.jeecg.modules.jmreport.desreport.dao.JimuReportDbParamDao }
2026-08-17 13:09:02.798 [main] INFO  o.j.minidao.factory.MiniDaoClassPathMapperScanner:48 - register minidao name is { org.jeecg.modules.jmreport.desreport.dao.JimuReportDictDao }
2026-08-17 13:09:02.798 [main] INFO  o.j.minidao.factory.MiniDaoClassPathMapperScanner:48 - register minidao name is { org.jeecg.modules.jmreport.desreport.dao.JimuReportDictItemDao }
2026-08-17 13:09:02.798 [main] INFO  o.j.minidao.factory.MiniDaoClassPathMapperScanner:48 - register minidao name is { org.jeecg.modules.jmreport.desreport.dao.JimuReportLinkDao }
2026-08-17 13:09:02.799 [main] INFO  o.j.minidao.factory.MiniDaoClassPathMapperScanner:48 - register minidao name is { org.jeecg.modules.jmreport.desreport.dao.JimuReportMapDao }
2026-08-17 13:09:02.799 [main] INFO  o.j.minidao.factory.MiniDaoClassPathMapperScanner:48 - register minidao name is { org.jeecg.modules.jmreport.desreport.dao.JimuReportShareDao }
2026-08-17 13:09:03.066 [main] INFO  o.s.c.s.PostProcessorRegistrationDelegate$BeanPostProcessorChecker:376 - Bean '(inner bean)#1c98290c' of type [org.jeecgframework.minidao.aop.MiniDaoHandler] is not eligible for getting processed by all BeanPostProcessors (for example: not eligible for auto-proxying)
2026-08-17 13:09:03.071 [main] INFO  o.s.c.s.PostProcessorRegistrationDelegate$BeanPostProcessorChecker:376 - Bean 'jimuReportDao' of type [org.jeecgframework.minidao.factory.MiniDaoBeanFactory] is not eligible for getting processed by all BeanPostProcessors (for example: not eligible for auto-proxying)
2026-08-17 13:09:03.071 [main] INFO  o.s.c.s.PostProcessorRegistrationDelegate$BeanPostProcessorChecker:376 - Bean '(inner bean)#1c98290c#1' of type [org.jeecgframework.minidao.aop.MiniDaoHandler] is not eligible for getting processed by all BeanPostProcessors (for example: not eligible for auto-proxying)
2026-08-17 13:09:03.072 [main] INFO  o.s.c.s.PostProcessorRegistrationDelegate$BeanPostProcessorChecker:376 - Bean 'jimuReportDataSourceDao' of type [org.jeecgframework.minidao.factory.MiniDaoBeanFactory] is not eligible for getting processed by all BeanPostProcessors (for example: not eligible for auto-proxying)
2026-08-17 13:09:03.073 [main] INFO  o.s.c.s.PostProcessorRegistrationDelegate$BeanPostProcessorChecker:376 - Bean '(inner bean)#1c98290c#2' of type [org.jeecgframework.minidao.aop.MiniDaoHandler] is not eligible for getting processed by all BeanPostProcessors (for example: not eligible for auto-proxying)
2026-08-17 13:09:03.074 [main] INFO  o.s.c.s.PostProcessorRegistrationDelegate$BeanPostProcessorChecker:376 - Bean 'jimuReportDbDao' of type [org.jeecgframework.minidao.factory.MiniDaoBeanFactory] is not eligible for getting processed by all BeanPostProcessors (for example: not eligible for auto-proxying)
2026-08-17 13:09:03.074 [main] INFO  o.s.c.s.PostProcessorRegistrationDelegate$BeanPostProcessorChecker:376 - Bean '(inner bean)#1c98290c#3' of type [org.jeecgframework.minidao.aop.MiniDaoHandler] is not eligible for getting processed by all BeanPostProcessors (for example: not eligible for auto-proxying)
2026-08-17 13:09:03.075 [main] INFO  o.s.c.s.PostProcessorRegistrationDelegate$BeanPostProcessorChecker:376 - Bean 'jimuReportDbFieldDao' of type [org.jeecgframework.minidao.factory.MiniDaoBeanFactory] is not eligible for getting processed by all BeanPostProcessors (for example: not eligible for auto-proxying)
2026-08-17 13:09:03.076 [main] INFO  o.s.c.s.PostProcessorRegistrationDelegate$BeanPostProcessorChecker:376 - Bean '(inner bean)#1c98290c#4' of type [org.jeecgframework.minidao.aop.MiniDaoHandler] is not eligible for getting processed by all BeanPostProcessors (for example: not eligible for auto-proxying)
2026-08-17 13:09:03.076 [main] INFO  o.s.c.s.PostProcessorRegistrationDelegate$BeanPostProcessorChecker:376 - Bean 'jimuReportDbParamDao' of type [org.jeecgframework.minidao.factory.MiniDaoBeanFactory] is not eligible for getting processed by all BeanPostProcessors (for example: not eligible for auto-proxying)
2026-08-17 13:09:03.077 [main] INFO  o.s.c.s.PostProcessorRegistrationDelegate$BeanPostProcessorChecker:376 - Bean '(inner bean)#1c98290c#5' of type [org.jeecgframework.minidao.aop.MiniDaoHandler] is not eligible for getting processed by all BeanPostProcessors (for example: not eligible for auto-proxying)
2026-08-17 13:09:03.078 [main] INFO  o.s.c.s.PostProcessorRegistrationDelegate$BeanPostProcessorChecker:376 - Bean 'jimuReportDictDao' of type [org.jeecgframework.minidao.factory.MiniDaoBeanFactory] is not eligible for getting processed by all BeanPostProcessors (for example: not eligible for auto-proxying)
2026-08-17 13:09:03.078 [main] INFO  o.s.c.s.PostProcessorRegistrationDelegate$BeanPostProcessorChecker:376 - Bean '(inner bean)#1c98290c#6' of type [org.jeecgframework.minidao.aop.MiniDaoHandler] is not eligible for getting processed by all BeanPostProcessors (for example: not eligible for auto-proxying)
2026-08-17 13:09:03.079 [main] INFO  o.s.c.s.PostProcessorRegistrationDelegate$BeanPostProcessorChecker:376 - Bean 'jimuReportDictItemDao' of type [org.jeecgframework.minidao.factory.MiniDaoBeanFactory] is not eligible for getting processed by all BeanPostProcessors (for example: not eligible for auto-proxying)
2026-08-17 13:09:03.080 [main] INFO  o.s.c.s.PostProcessorRegistrationDelegate$BeanPostProcessorChecker:376 - Bean '(inner bean)#1c98290c#7' of type [org.jeecgframework.minidao.aop.MiniDaoHandler] is not eligible for getting processed by all BeanPostProcessors (for example: not eligible for auto-proxying)
2026-08-17 13:09:03.080 [main] INFO  o.s.c.s.PostProcessorRegistrationDelegate$BeanPostProcessorChecker:376 - Bean 'jimuReportLinkDao' of type [org.jeecgframework.minidao.factory.MiniDaoBeanFactory] is not eligible for getting processed by all BeanPostProcessors (for example: not eligible for auto-proxying)
2026-08-17 13:09:03.081 [main] INFO  o.s.c.s.PostProcessorRegistrationDelegate$BeanPostProcessorChecker:376 - Bean '(inner bean)#1c98290c#8' of type [org.jeecgframework.minidao.aop.MiniDaoHandler] is not eligible for getting processed by all BeanPostProcessors (for example: not eligible for auto-proxying)
2026-08-17 13:09:03.082 [main] INFO  o.s.c.s.PostProcessorRegistrationDelegate$BeanPostProcessorChecker:376 - Bean 'jimuReportMapDao' of type [org.jeecgframework.minidao.factory.MiniDaoBeanFactory] is not eligible for getting processed by all BeanPostProcessors (for example: not eligible for auto-proxying)
2026-08-17 13:09:03.083 [main] INFO  o.s.c.s.PostProcessorRegistrationDelegate$BeanPostProcessorChecker:376 - Bean '(inner bean)#1c98290c#9' of type [org.jeecgframework.minidao.aop.MiniDaoHandler] is not eligible for getting processed by all BeanPostProcessors (for example: not eligible for auto-proxying)
2026-08-17 13:09:03.083 [main] INFO  o.s.c.s.PostProcessorRegistrationDelegate$BeanPostProcessorChecker:376 - Bean 'jimuReportShareDao' of type [org.jeecgframework.minidao.factory.MiniDaoBeanFactory] is not eligible for getting processed by all BeanPostProcessors (for example: not eligible for auto-proxying)
2026-08-17 13:09:03.104 [main] INFO  o.s.c.s.PostProcessorRegistrationDelegate$BeanPostProcessorChecker:376 - Bean 'spring.redis-org.springframework.boot.autoconfigure.data.redis.RedisProperties' of type [org.springframework.boot.autoconfigure.data.redis.RedisProperties] is not eligible for getting processed by all BeanPostProcessors (for example: not eligible for auto-proxying)
2026-08-17 13:09:03.107 [main] INFO  o.s.c.s.PostProcessorRegistrationDelegate$BeanPostProcessorChecker:376 - Bean 'org.springframework.boot.autoconfigure.data.redis.LettuceConnectionConfiguration' of type [org.springframework.boot.autoconfigure.data.redis.LettuceConnectionConfiguration] is not eligible for getting processed by all BeanPostProcessors (for example: not eligible for auto-proxying)
2026-08-17 13:09:03.120 [main] INFO  o.s.c.s.PostProcessorRegistrationDelegate$BeanPostProcessorChecker:376 - Bean 'org.springframework.boot.actuate.autoconfigure.metrics.redis.LettuceMetricsAutoConfiguration' of type [org.springframework.boot.actuate.autoconfigure.metrics.redis.LettuceMetricsAutoConfiguration] is not eligible for getting processed by all BeanPostProcessors (for example: not eligible for auto-proxying)
2026-08-17 13:09:03.121 [main] INFO  o.s.c.s.PostProcessorRegistrationDelegate$BeanPostProcessorChecker:376 - Bean 'org.springframework.boot.actuate.autoconfigure.metrics.export.simple.SimpleMetricsExportAutoConfiguration' of type [org.springframework.boot.actuate.autoconfigure.metrics.export.simple.SimpleMetricsExportAutoConfiguration] is not eligible for getting processed by all BeanPostProcessors (for example: not eligible for auto-proxying)
2026-08-17 13:09:03.124 [main] INFO  o.s.c.s.PostProcessorRegistrationDelegate$BeanPostProcessorChecker:376 - Bean 'management.metrics.export.simple-org.springframework.boot.actuate.autoconfigure.metrics.export.simple.SimpleProperties' of type [org.springframework.boot.actuate.autoconfigure.metrics.export.simple.SimpleProperties] is not eligible for getting processed by all BeanPostProcessors (for example: not eligible for auto-proxying)
2026-08-17 13:09:03.129 [main] INFO  o.s.c.s.PostProcessorRegistrationDelegate$BeanPostProcessorChecker:376 - Bean 'simpleConfig' of type [org.springframework.boot.actuate.autoconfigure.metrics.export.simple.SimplePropertiesConfigAdapter] is not eligible for getting processed by all BeanPostProcessors (for example: not eligible for auto-proxying)
2026-08-17 13:09:03.130 [main] INFO  o.s.c.s.PostProcessorRegistrationDelegate$BeanPostProcessorChecker:376 - Bean 'org.springframework.boot.actuate.autoconfigure.metrics.MetricsAutoConfiguration' of type [org.springframework.boot.actuate.autoconfigure.metrics.MetricsAutoConfiguration] is not eligible for getting processed by all BeanPostProcessors (for example: not eligible for auto-proxying)
2026-08-17 13:09:03.131 [main] INFO  o.s.c.s.PostProcessorRegistrationDelegate$BeanPostProcessorChecker:376 - Bean 'micrometerClock' of type [io.micrometer.core.instrument.Clock$1] is not eligible for getting processed by all BeanPostProcessors (for example: not eligible for auto-proxying)
2026-08-17 13:09:03.160 [main] INFO  o.s.c.s.PostProcessorRegistrationDelegate$BeanPostProcessorChecker:376 - Bean 'simpleMeterRegistry' of type [io.micrometer.core.instrument.simple.SimpleMeterRegistry] is not eligible for getting processed by all BeanPostProcessors (for example: not eligible for auto-proxying)
2026-08-17 13:09:03.163 [main] INFO  o.s.c.s.PostProcessorRegistrationDelegate$BeanPostProcessorChecker:376 - Bean 'micrometerOptions' of type [io.lettuce.core.metrics.MicrometerOptions] is not eligible for getting processed by all BeanPostProcessors (for example: not eligible for auto-proxying)
2026-08-17 13:09:03.163 [main] INFO  o.s.c.s.PostProcessorRegistrationDelegate$BeanPostProcessorChecker:376 - Bean 'lettuceMetrics' of type [org.springframework.boot.actuate.autoconfigure.metrics.redis.LettuceMetricsAutoConfiguration$$Lambda/0x0000027fb749bb70] is not eligible for getting processed by all BeanPostProcessors (for example: not eligible for auto-proxying)
2026-08-17 13:09:03.260 [main] INFO  o.s.c.s.PostProcessorRegistrationDelegate$BeanPostProcessorChecker:376 - Bean 'lettuceClientResources' of type [io.lettuce.core.resource.DefaultClientResources] is not eligible for getting processed by all BeanPostProcessors (for example: not eligible for auto-proxying)
2026-08-17 13:09:03.306 [main] INFO  o.s.c.s.PostProcessorRegistrationDelegate$BeanPostProcessorChecker:376 - Bean 'redisConnectionFactory' of type [org.springframework.data.redis.connection.lettuce.LettuceConnectionFactory] is not eligible for getting processed by all BeanPostProcessors (for example: not eligible for auto-proxying)
2026-08-17 13:09:03.309 [main] INFO  o.s.c.s.PostProcessorRegistrationDelegate$BeanPostProcessorChecker:376 - Bean 'shiroConfig' of type [org.jeecg.config.shiro.ShiroConfig$$EnhancerBySpringCGLIB$$7484ad72] is not eligible for getting processed by all BeanPostProcessors (for example: not eligible for auto-proxying)
2026-08-17 13:09:03.533 [main] INFO  o.s.c.s.PostProcessorRegistrationDelegate$BeanPostProcessorChecker:376 - Bean 'spring.datasource.dynamic-com.baomidou.dynamic.datasource.spring.boot.autoconfigure.DynamicDataSourceProperties' of type [com.baomidou.dynamic.datasource.spring.boot.autoconfigure.DynamicDataSourceProperties] is not eligible for getting processed by all BeanPostProcessors (for example: not eligible for auto-proxying)
2026-08-17 13:09:03.539 [main] INFO  o.s.c.s.PostProcessorRegistrationDelegate$BeanPostProcessorChecker:376 - Bean 'com.baomidou.dynamic.datasource.spring.boot.autoconfigure.DynamicDataSourceAutoConfiguration' of type [com.baomidou.dynamic.datasource.spring.boot.autoconfigure.DynamicDataSourceAutoConfiguration$$EnhancerBySpringCGLIB$$7ed6d64a] is not eligible for getting processed by all BeanPostProcessors (for example: not eligible for auto-proxying)
2026-08-17 13:09:03.546 [main] INFO  o.s.c.s.PostProcessorRegistrationDelegate$BeanPostProcessorChecker:376 - Bean 'dsProcessor' of type [com.baomidou.dynamic.datasource.processor.DsHeaderProcessor] is not eligible for getting processed by all BeanPostProcessors (for example: not eligible for auto-proxying)
2026-08-17 13:09:03.585 [main] INFO  o.s.c.s.PostProcessorRegistrationDelegate$BeanPostProcessorChecker:376 - Bean 'shiroRealm' of type [org.jeecg.config.shiro.ShiroRealm] is not eligible for getting processed by all BeanPostProcessors (for example: not eligible for auto-proxying)
2026-08-17 13:09:03.672 [main] INFO  org.jeecg.config.shiro.ShiroConfig:215 - ===============(1)创建缓存管理器RedisCacheManager
2026-08-17 13:09:03.673 [main] INFO  org.jeecg.config.shiro.ShiroConfig:233 - ===============(2)创建RedisManager,连接Redis..
2026-08-17 13:09:03.677 [main] INFO  o.s.c.s.PostProcessorRegistrationDelegate$BeanPostProcessorChecker:376 - Bean 'redisManager' of type [org.crazycake.shiro.RedisManager] is not eligible for getting processed by all BeanPostProcessors (for example: not eligible for auto-proxying)
2026-08-17 13:09:03.682 [main] INFO  o.s.c.s.PostProcessorRegistrationDelegate$BeanPostProcessorChecker:376 - Bean 'securityManager' of type [org.apache.shiro.web.mgt.DefaultWebSecurityManager] is not eligible for getting processed by all BeanPostProcessors (for example: not eligible for auto-proxying)
2026-08-17 13:09:03.701 [main] INFO  o.s.c.s.PostProcessorRegistrationDelegate$BeanPostProcessorChecker:376 - Bean 'authorizationAttributeSourceAdvisor' of type [org.apache.shiro.spring.security.interceptor.AuthorizationAttributeSourceAdvisor] is not eligible for getting processed by all BeanPostProcessors (for example: not eligible for auto-proxying)
2026-08-17 13:09:03.729 [main] INFO  o.s.c.s.PostProcessorRegistrationDelegate$BeanPostProcessorChecker:376 - Bean 'org.apache.shiro.spring.boot.autoconfigure.ShiroBeanAutoConfiguration' of type [org.apache.shiro.spring.boot.autoconfigure.ShiroBeanAutoConfiguration$$EnhancerBySpringCGLIB$$28614329] is not eligible for getting processed by all BeanPostProcessors (for example: not eligible for auto-proxying)
2026-08-17 13:09:03.732 [main] INFO  o.s.c.s.PostProcessorRegistrationDelegate$BeanPostProcessorChecker:376 - Bean 'eventBus' of type [org.apache.shiro.event.support.DefaultEventBus] is not eligible for getting processed by all BeanPostProcessors (for example: not eligible for auto-proxying)
2026-08-17 13:09:04.072 [main] INFO  o.s.boot.web.embedded.tomcat.TomcatWebServer:108 - Tomcat initialized with port(s): 8080 (http)
2026-08-17 13:09:04.079 [main] INFO  org.apache.coyote.http11.Http11NioProtocol:173 - Initializing ProtocolHandler ["http-nio-8080"]
2026-08-17 13:09:04.080 [main] INFO  org.apache.catalina.core.StandardService:173 - Starting service [Tomcat]
2026-08-17 13:09:04.080 [main] INFO  org.apache.catalina.core.StandardEngine:173 - Starting Servlet engine: [Apache Tomcat/9.0.83]
2026-08-17 13:09:04.125 [main] INFO  o.a.c.c.ContainerBase.[Tomcat].[localhost].[/psms]:173 - Initializing Spring embedded WebApplicationContext
2026-08-17 13:09:04.125 [main] INFO  o.s.b.w.s.c.ServletWebServerApplicationContext:292 - Root WebApplicationContext: initialization completed in 2959 ms
2026-08-17 13:09:04.977 [main] INFO  com.alibaba.druid.pool.DruidDataSource:1009 - {dataSource-1,master} inited
2026-08-17 13:09:04.978 [main] INFO  c.b.dynamic.datasource.DynamicRoutingDataSource:132 - dynamic-datasource - load a datasource named [master] success
2026-08-17 13:09:04.979 [main] INFO  c.b.dynamic.datasource.DynamicRoutingDataSource:237 - dynamic-datasource initial loaded [1] datasource,primary datasource named [master]
2026-08-17 13:09:05.527 [main] ERROR com.baomidou.mybatisplus.core.MybatisConfiguration:100 - mapper[org.jeecg.modules.psms.analyse.mapper.AnalyseMapper.moreNum] is ignored, because it exists, maybe from xml file
2026-08-17 13:09:05.535 [main] WARN  c.b.mybatisplus.core.metadata.TableInfoHelper:335 - Can not find table primary key in Class: "java.util.Map".
2026-08-17 13:09:06.515 [main] INFO  org.jeecg.common.modules.redis.config.RedisConfig:76 -  --- redis config init --- 
2026-08-17 13:09:07.795 [main] INFO  org.quartz.impl.StdSchedulerFactory:1220 - Using default implementation for ThreadExecutor
2026-08-17 13:09:07.800 [main] INFO  org.quartz.simpl.SimpleThreadPool:268 - Job execution threads will use class loader of thread: main
2026-08-17 13:09:07.821 [main] INFO  org.quartz.core.SchedulerSignalerImpl:61 - Initialized Scheduler Signaller of type: class org.quartz.core.SchedulerSignalerImpl
2026-08-17 13:09:07.822 [main] INFO  org.quartz.core.QuartzScheduler:229 - Quartz Scheduler v.2.3.2 created.
2026-08-17 13:09:07.826 [main] INFO  o.s.scheduling.quartz.LocalDataSourceJobStore:672 - Using db table-based data access locking (synchronization).
2026-08-17 13:09:07.828 [main] INFO  o.s.scheduling.quartz.LocalDataSourceJobStore:145 - JobStoreCMT initialized.
2026-08-17 13:09:07.828 [main] INFO  org.quartz.core.QuartzScheduler:294 - Scheduler meta-data: Quartz Scheduler (v2.3.2) 'MyScheduler' with instanceId 'DESKTOP-7A7ENNC1786943347797'
  Scheduler class: 'org.quartz.core.QuartzScheduler' - running locally.
  NOT STARTED.
  Currently in standby mode.
  Number of jobs executed: 0
  Using thread pool 'org.quartz.simpl.SimpleThreadPool' - with 10 threads.
  Using job-store 'org.springframework.scheduling.quartz.LocalDataSourceJobStore' - which supports persistence. and is clustered.

2026-08-17 13:09:07.828 [main] INFO  org.quartz.impl.StdSchedulerFactory:1374 - Quartz scheduler 'MyScheduler' initialized from an externally provided properties instance.
2026-08-17 13:09:07.828 [main] INFO  org.quartz.impl.StdSchedulerFactory:1378 - Quartz scheduler version: 2.3.2
2026-08-17 13:09:07.828 [main] INFO  org.quartz.core.QuartzScheduler:2293 - JobFactory set to: org.springframework.scheduling.quartz.SpringBeanJobFactory@773014d3
2026-08-17 13:09:08.528 [main] INFO  o.j.m.jmreport.config.JimuReportConfiguration:55 -  --- Init JimuReport Config --- 
2026-08-17 13:09:09.310 [main] INFO  o.s.b.actuate.endpoint.web.EndpointLinksResolver:58 - Exposing 1 endpoint(s) beneath base path '/actuator'
2026-08-17 13:09:09.410 [main] INFO  org.jeecg.config.init.CodeGenerateDbConfig:46 -  代码生成器数据库连接，使用application.yml的DB配置 ###################
2026-08-17 13:09:09.443 [main] INFO  s.d.s.w.WebMvcPropertySourcedRequestMappingHandlerMapping:69 - Mapped URL path [/v2/api-docs] onto method [springfox.documentation.swagger2.web.Swagger2ControllerWebMvc#getDocumentation(String, HttpServletRequest)]
2026-08-17 13:09:09.513 [main] INFO  o.j.modules.jmreport.config.JmReportExecutorConfig:21 - ---创建线程池---
2026-08-17 13:09:09.718 [main] INFO  o.s.b.a.web.servlet.WelcomePageHandlerMapping:60 - Adding welcome page: class path resource [static/index.html]
2026-08-17 13:09:10.024 [main] INFO  org.apache.coyote.http11.Http11NioProtocol:173 - Starting ProtocolHandler ["http-nio-8080"]
2026-08-17 13:09:10.036 [main] INFO  o.s.boot.web.embedded.tomcat.TomcatWebServer:220 - Tomcat started on port(s): 8080 (http) with context path '/psms'
2026-08-17 13:09:10.037 [main] INFO  s.d.s.web.plugins.DocumentationPluginsBootstrapper:93 - Documentation plugins bootstrapped
2026-08-17 13:09:10.039 [main] INFO  s.d.s.web.plugins.DocumentationPluginsBootstrapper:79 - Found 1 custom documentation plugin(s)
2026-08-17 13:09:10.156 [main] INFO  s.d.spring.web.scanners.ApiListingReferenceScanner:44 - Scanning for api listing references
2026-08-17 13:09:10.288 [main] INFO  s.d.s.w.r.operation.CachingOperationNameGenerator:41 - Generating unique operation named: addUsingPOST_1
2026-08-17 13:09:10.289 [main] INFO  s.d.s.w.r.operation.CachingOperationNameGenerator:41 - Generating unique operation named: deleteUsingDELETE_1
2026-08-17 13:09:10.290 [main] INFO  s.d.s.w.r.operation.CachingOperationNameGenerator:41 - Generating unique operation named: deleteBatchUsingDELETE_1
2026-08-17 13:09:10.291 [main] INFO  s.d.s.w.r.operation.CachingOperationNameGenerator:41 - Generating unique operation named: editUsingPUT_1
2026-08-17 13:09:10.293 [main] INFO  s.d.s.w.r.operation.CachingOperationNameGenerator:41 - Generating unique operation named: queryByIdUsingGET_1
2026-08-17 13:09:10.296 [main] INFO  s.d.s.w.r.operation.CachingOperationNameGenerator:41 - Generating unique operation named: queryPageListUsingGET_1
2026-08-17 13:09:10.300 [main] INFO  s.d.s.w.r.operation.CachingOperationNameGenerator:41 - Generating unique operation named: addUsingPOST_2
2026-08-17 13:09:10.301 [main] INFO  s.d.s.w.r.operation.CachingOperationNameGenerator:41 - Generating unique operation named: deleteUsingDELETE_2
2026-08-17 13:09:10.302 [main] INFO  s.d.s.w.r.operation.CachingOperationNameGenerator:41 - Generating unique operation named: deleteBatchUsingDELETE_2
2026-08-17 13:09:10.303 [main] INFO  s.d.s.w.r.operation.CachingOperationNameGenerator:41 - Generating unique operation named: editUsingPUT_2
2026-08-17 13:09:10.304 [main] INFO  s.d.s.w.r.operation.CachingOperationNameGenerator:41 - Generating unique operation named: queryByIdUsingGET_2
2026-08-17 13:09:10.306 [main] INFO  s.d.s.w.r.operation.CachingOperationNameGenerator:41 - Generating unique operation named: queryPageListUsingGET_2
2026-08-17 13:09:10.311 [main] INFO  s.d.s.w.r.operation.CachingOperationNameGenerator:41 - Generating unique operation named: addUsingPOST_3
2026-08-17 13:09:10.314 [main] INFO  s.d.s.w.r.operation.CachingOperationNameGenerator:41 - Generating unique operation named: deleteUsingDELETE_3
2026-08-17 13:09:10.316 [main] INFO  s.d.s.w.r.operation.CachingOperationNameGenerator:41 - Generating unique operation named: deleteBatchUsingDELETE_3
2026-08-17 13:09:10.317 [main] INFO  s.d.s.w.r.operation.CachingOperationNameGenerator:41 - Generating unique operation named: editUsingPUT_3
2026-08-17 13:09:10.318 [main] INFO  s.d.s.w.r.operation.CachingOperationNameGenerator:41 - Generating unique operation named: queryByIdUsingGET_3
2026-08-17 13:09:10.321 [main] INFO  s.d.s.w.r.operation.CachingOperationNameGenerator:41 - Generating unique operation named: queryPageListUsingGET_3
2026-08-17 13:09:10.326 [main] INFO  s.d.s.w.r.operation.CachingOperationNameGenerator:41 - Generating unique operation named: queryPageListUsingGET_4
2026-08-17 13:09:10.332 [main] INFO  s.d.s.w.r.operation.CachingOperationNameGenerator:41 - Generating unique operation named: addUsingPOST_4
2026-08-17 13:09:10.334 [main] INFO  s.d.s.w.r.operation.CachingOperationNameGenerator:41 - Generating unique operation named: deleteUsingDELETE_4
2026-08-17 13:09:10.335 [main] INFO  s.d.s.w.r.operation.CachingOperationNameGenerator:41 - Generating unique operation named: deleteBatchUsingDELETE_4
2026-08-17 13:09:10.336 [main] INFO  s.d.s.w.r.operation.CachingOperationNameGenerator:41 - Generating unique operation named: editUsingPUT_4
2026-08-17 13:09:10.337 [main] INFO  s.d.s.w.r.operation.CachingOperationNameGenerator:41 - Generating unique operation named: queryByIdUsingGET_4
2026-08-17 13:09:10.338 [main] INFO  s.d.s.w.r.operation.CachingOperationNameGenerator:41 - Generating unique operation named: queryPageListUsingGET_5
2026-08-17 13:09:10.348 [main] INFO  s.d.s.w.r.operation.CachingOperationNameGenerator:41 - Generating unique operation named: addUsingPOST_5
2026-08-17 13:09:10.349 [main] INFO  s.d.s.w.r.operation.CachingOperationNameGenerator:41 - Generating unique operation named: deleteUsingDELETE_5
2026-08-17 13:09:10.350 [main] INFO  s.d.s.w.r.operation.CachingOperationNameGenerator:41 - Generating unique operation named: deleteBatchUsingDELETE_5
2026-08-17 13:09:10.351 [main] INFO  s.d.s.w.r.operation.CachingOperationNameGenerator:41 - Generating unique operation named: editUsingPUT_5
2026-08-17 13:09:10.351 [main] INFO  s.d.s.w.r.operation.CachingOperationNameGenerator:41 - Generating unique operation named: queryByIdUsingGET_5
2026-08-17 13:09:10.353 [main] INFO  s.d.s.w.r.operation.CachingOperationNameGenerator:41 - Generating unique operation named: queryPageListUsingGET_6
2026-08-17 13:09:10.356 [main] INFO  s.d.s.w.r.operation.CachingOperationNameGenerator:41 - Generating unique operation named: addUsingPOST_6
2026-08-17 13:09:10.358 [main] INFO  s.d.s.w.r.operation.CachingOperationNameGenerator:41 - Generating unique operation named: deleteUsingDELETE_6
2026-08-17 13:09:10.358 [main] INFO  s.d.s.w.r.operation.CachingOperationNameGenerator:41 - Generating unique operation named: deleteBatchUsingDELETE_6
2026-08-17 13:09:10.359 [main] INFO  s.d.s.w.r.operation.CachingOperationNameGenerator:41 - Generating unique operation named: editUsingPUT_6
2026-08-17 13:09:10.360 [main] INFO  s.d.s.w.r.operation.CachingOperationNameGenerator:41 - Generating unique operation named: queryByIdUsingGET_6
2026-08-17 13:09:10.363 [main] INFO  s.d.s.w.r.operation.CachingOperationNameGenerator:41 - Generating unique operation named: queryPageListUsingGET_7
2026-08-17 13:09:10.389 [main] INFO  s.d.s.w.r.operation.CachingOperationNameGenerator:41 - Generating unique operation named: addUsingPOST_7
2026-08-17 13:09:10.390 [main] INFO  s.d.s.w.r.operation.CachingOperationNameGenerator:41 - Generating unique operation named: deleteUsingDELETE_7
2026-08-17 13:09:10.392 [main] INFO  s.d.s.w.r.operation.CachingOperationNameGenerator:41 - Generating unique operation named: deleteBatchUsingDELETE_7
2026-08-17 13:09:10.393 [main] INFO  s.d.s.w.r.operation.CachingOperationNameGenerator:41 - Generating unique operation named: editUsingPUT_7
2026-08-17 13:09:10.394 [main] INFO  s.d.s.w.r.operation.CachingOperationNameGenerator:41 - Generating unique operation named: queryByIdUsingGET_7
2026-08-17 13:09:10.395 [main] INFO  s.d.s.w.r.operation.CachingOperationNameGenerator:41 - Generating unique operation named: queryPageListUsingGET_8
2026-08-17 13:09:10.397 [main] INFO  s.d.s.w.r.operation.CachingOperationNameGenerator:41 - Generating unique operation named: companyCountUsingGET_1
2026-08-17 13:09:10.401 [main] INFO  s.d.s.w.r.operation.CachingOperationNameGenerator:41 - Generating unique operation named: addUsingPOST_8
2026-08-17 13:09:10.402 [main] INFO  s.d.s.w.r.operation.CachingOperationNameGenerator:41 - Generating unique operation named: deleteUsingDELETE_8
2026-08-17 13:09:10.402 [main] INFO  s.d.s.w.r.operation.CachingOperationNameGenerator:41 - Generating unique operation named: deleteBatchUsingDELETE_8
2026-08-17 13:09:10.403 [main] INFO  s.d.s.w.r.operation.CachingOperationNameGenerator:41 - Generating unique operation named: editUsingPUT_8
2026-08-17 13:09:10.404 [main] INFO  s.d.s.w.r.operation.CachingOperationNameGenerator:41 - Generating unique operation named: queryByIdUsingGET_8
2026-08-17 13:09:10.406 [main] INFO  s.d.s.w.r.operation.CachingOperationNameGenerator:41 - Generating unique operation named: queryPageListUsingGET_9
2026-08-17 13:09:10.414 [main] INFO  s.d.s.w.r.operation.CachingOperationNameGenerator:41 - Generating unique operation named: queryPageListUsingGET_10
2026-08-17 13:09:10.421 [main] INFO  s.d.s.w.r.operation.CachingOperationNameGenerator:41 - Generating unique operation named: getLabelUsingGET_1
2026-08-17 13:09:10.725 [main] INFO  o.s.scheduling.quartz.SchedulerFactoryBean:729 - Starting Quartz Scheduler now
2026-08-17 13:09:10.867 [main] INFO  o.s.scheduling.quartz.LocalDataSourceJobStore:3644 - ClusterManager: detected 1 failed or restarted instances.
2026-08-17 13:09:10.867 [main] INFO  o.s.scheduling.quartz.LocalDataSourceJobStore:3503 - ClusterManager: Scanning for instance "DESKTOP-7A7ENNC1786942823778"'s failed in-progress jobs.
2026-08-17 13:09:10.871 [main] INFO  org.quartz.core.QuartzScheduler:547 - Scheduler MyScheduler_$_DESKTOP-7A7ENNC1786943347797 started.
2026-08-17 13:09:10.886 [main] INFO  org.jeecg.JeecgSystemApplication:61 - Started JeecgSystemApplication in 10.39 seconds (JVM running for 10.971)
2026-08-17 13:09:10.892 [main] INFO  org.jeecg.JeecgSystemApplication:42 - 
----------------------------------------------------------
	Application Jeecg-Boot is running! Access URLs:
	Local: 		http://localhost:8080/psms/
	External: 	http://10.7.82.34:8080/psms/
	Swagger文档: 	http://10.7.82.34:8080/psms/doc.html
----------------------------------------------------------
2026-08-17 13:09:16.686 [http-nio-8080-exec-1] INFO  o.a.c.c.ContainerBase.[Tomcat].[localhost].[/psms]:173 - Initializing Spring DispatcherServlet 'dispatcherServlet'
2026-08-17 13:09:16.686 [http-nio-8080-exec-1] INFO  org.springframework.web.servlet.DispatcherServlet:525 - Initializing Servlet 'dispatcherServlet'
2026-08-17 13:09:16.687 [http-nio-8080-exec-1] INFO  org.springframework.web.servlet.DispatcherServlet:547 - Completed initialization in 1 ms
2026-08-17 13:09:21.992 [http-nio-8080-exec-2] INFO  o.j.c.modules.redis.writer.JeecgRedisCacheWriter:130 - redis remove key:sys:cache:user::admin
2026-08-17 13:09:33.818 [http-nio-8080-exec-8] INFO  o.j.c.modules.redis.writer.JeecgRedisCacheWriter:130 - redis remove key:sys:cache:user::admin
